Price,Date,Close,High,Low,Open,Volume
Ticker,,POWERGRID.NS,POWERGRID.NS,POWERGRID.NS,POWERGRID.NS,POWERGRID.NS
0,2007-10-05,30.896240234375,33.62960604727621,25.53700130653391,27.579347988281896,855215656
1,2007-10-08,29.3145751953125,31.94044832271491,29.130302593015134,31.94044832271491,126671715
2,2007-10-09,31.31084442138672,31.58725116900844,27.74825699210877,29.329921759876378,116725709
3,2007-10-10,31.602603912353516,32.24755569269947,31.32619719665519,32.12470664355446,67931378
4,2007-10-11,35.13447952270508,36.85434961576896,31.326198423076104,36.85434961576896,106320954
5,2007-10-12,34.904151916503906,36.20941028675012,34.09028576581861,34.39740538234713,99410791
6,2007-10-15,35.36482238769531,35.84086017213798,35.05770284892276,35.62587482876705,41814972
7,2007-10-16,38.97348403930664,39.58772739387044,35.16520190069811,35.41089591006275,138614496
8,2007-10-17,42.01396560668945,42.9967456752083,32.585391597224636,35.01163731131196,204876259
9,2007-10-18,40.53978729248047,45.899024889583366,38.80456273823558,42.6896240555813,146617799
10,2007-10-19,40.40159606933594,42.044686838048165,38.38996009743683,39.61843855395792,110266491
11,2007-10-22,39.8641357421875,41.10796848190724,38.54351893528964,39.587728929536034,72253405
12,2007-10-23,42.70499801635742,43.08889757753917,40.84692164089166,40.84692164089166,74594921
13,2007-10-24,42.04467010498047,44.07165958464801,41.568632393187684,43.61097618122044,63055170
14,2007-10-25,41.95253372192383,42.93531780824536,37.053975930549925,40.61656303649686,34522489
15,2007-10-26,43.21172332763672,43.90274219752356,41.537920398792004,42.68961851527008,62370025
16,2007-10-29,44.08702850341797,45.146592767848155,43.703129011316605,43.9181143931238,43657697
17,2007-10-30,45.06980514526367,46.28292483305114,43.36528919311174,44.68590571895585,79921711
18,2007-10-31,46.00651550292969,47.02001243097325,45.14658250238527,45.30014226430928,44655368
19,2007-11-01,44.97767639160156,47.49605883238033,44.60913536296465,47.14287211784552,50632492
20,2007-11-02,45.79154586791992,46.0679568666004,42.99675640969912,43.34994731566271,32001693
21,2007-11-05,46.72825622558594,47.7571076619388,45.4844194148635,45.76083037207467,38833135
22,2007-11-06,47.342506408691406,50.33692304031315,46.697554301072884,47.542133351017476,81880281
23,2007-11-07,46.651466369628906,48.893437181041655,45.60726084329386,48.217776741919,33593141
24,2007-11-08,45.85296630859375,47.09680316618649,44.8394733125488,45.45371250180661,27990521
25,2007-11-12,46.958595275878906,47.787819805112,43.25780185091003,44.4709258537555,35153735
26,2007-11-13,48.07958221435547,49.04700808107516,46.236864690860436,47.757108313974236,43830531
27,2007-11-14,47.44999694824219,49.599834431482215,47.204298736525864,48.92416955623323,36738579
28,2007-11-15,48.248504638671875,49.09308357628662,47.342500112090974,48.34063885654476,29242252
29,2007-11-16,47.910648345947266,49.00092076474798,47.35783081757319,48.033495297061194,18895294
30,2007-11-19,49.64589309692383,51.442543521037294,48.63240012207829,49.00094112857848,40716718
31,2007-11-20,48.87808609008789,50.82829598765868,48.27920132532411,49.446258067965644,26342171
32,2007-11-21,45.06980514526367,49.461612915994934,43.97952827520425,49.169851851346216,26814499
33,2007-11-22,43.51884460449219,46.405771333613096,41.63006044936625,44.59376289048297,34096185
34,2007-11-23,46.40577697753906,46.68218373729576,43.795256657063334,46.375064189660435,27664090
35,2007-11-26,46.77431869506836,48.12564389349702,46.40577773126537,48.12564389349702,20159123
36,2007-11-27,45.62261962890625,47.572829589385215,45.146585996331076,47.572829589385215,20573198
37,2007-11-28,44.94696044921875,46.83574923027845,44.63984086408072,46.62076385445144,16435311
38,2007-11-29,43.73384475708008,46.31364868509624,43.165672637287045,46.06795465979046,25530967
39,2007-11-30,45.42299270629883,45.69939946573559,43.91810775774273,44.5323468523024,18437721
40,2007-12-03,46.06793975830078,46.63611169430855,45.622614795208875,45.975801404432616,16851227
41,2007-12-04,45.469058990478516,46.75896273216917,45.1312266614095,46.375063304948775,14008727
42,2007-12-05,47.28105926513672,47.449977497494174,45.45370065280162,45.54583484094204,27725290
43,2007-12-06,46.40577697753906,49.031647443590906,45.80689219341999,48.3099156735328,24104710
44,2007-12-07,46.20615005493164,47.357848461151725,45.37692970179868,46.697542208034044,11742386
45,2007-12-10,46.25221633911133,46.82038415915534,45.65333156618744,46.65147007734367,8330010
46,2007-12-11,46.0372314453125,46.927877292430466,45.80689178663154,46.666824846143626,11685950
47,2007-12-12,46.00651550292969,46.42112769323955,45.14658250238527,45.453702026233294,16342131
48,2007-12-13,45.23871994018555,46.68218347210167,45.069805856175876,46.06794438032041,14620172
49,2007-12-14,44.793399810791016,45.49977734261516,44.56306012628713,45.08516507739297,10991851
50,2007-12-17,42.09074783325195,45.30014900096923,41.46115021638992,45.05445084600755,19355678
51,2007-12-18,41.90647506713867,43.30386743584714,40.601216902635436,41.61470981119589,21607783
52,2007-12-19,41.13867950439453,43.62634904230106,40.785492805348014,43.257803864249695,19526912
53,2007-12-20,40.72406005859375,42.01396378935012,40.539787501974935,41.67613146314485,17105204
54,2007-12-24,41.9678840637207,42.62819004114553,41.000454473959145,41.33828669851285,16711519
55,2007-12-26,43.2424430847168,43.764547981289134,42.198237457147584,42.198237457147584,20930094
56,2007-12-27,43.54957962036133,44.747345488800626,43.18103435365213,44.13310615467,44565277
57,2007-12-28,43.887393951416016,44.07166650862264,42.99674395251322,43.457423262742104,18354518
58,2007-12-31,44.2098503112793,44.47090265024202,43.672391328651095,44.22520878155576,11982308
59,2008-01-01,45.02374267578125,45.43835497029173,44.02560397242232,44.4402162669328,16687746
60,2008-01-02,44.778038024902344,45.36156429514377,44.11773187264033,45.02373198113815,13437280
61,2008-01-03,46.620758056640625,46.8050306179223,43.96417480868754,44.50163401584006,31815218
62,2008-01-04,46.375064849853516,47.91066260989083,46.067945297846045,47.2964235058759,28011310
63,2008-01-07,45.99117660522461,47.05073681822798,45.49978436928064,46.08331082702436,15858063
64,2008-01-08,44.42485427856445,46.682183789314564,43.88739506960373,46.0372319054466,13282666
65,2008-01-09,43.71847152709961,44.6705428437045,43.6109788652035,44.470915994797416,13113527
66,2008-01-10,42.67427062988281,45.14658545806317,42.3825053968957,43.918107282244485,18023003
67,2008-01-11,43.3192253112793,43.733837555589446,41.614709232576615,43.257799732279395,11629440
68,2008-01-14,43.979515075683594,44.44019424898987,42.70497019598439,43.3959889559438,10264240
69,2008-01-15,42.6435661315918,44.87018325808154,42.290379420505225,44.685914828350256,11558334
70,2008-01-16,41.76826095581055,42.68961946958983,40.708701164309296,42.33643287242275,14834065
71,2008-01-17,42.889259338378906,43.84133083237323,41.03118345247894,41.92182936663786,16169395
72,2008-01-18,40.89298629760742,42.58214409322866,40.53979542606205,42.53607282088715,13254156
73,2008-01-21,33.93671798706055,40.53978819160406,29.56026239661027,40.53978819160406,33202389
74,2008-01-22,30.52769660949707,32.24756725170865,24.2470989439773,30.58912011469288,58755707
75,2008-01-23,33.93671798706055,35.24197605074938,31.0190823152855,31.0190823152855,28425991
76,2008-01-24,34.01350021362305,36.4243896361504,32.4011224945894,35.76408340337557,29911930
77,2008-01-25,35.76408767700195,35.93300179199767,34.32062388029307,35.62588218976822,12550722
78,2008-01-28,36.147979736328125,36.42438648830271,32.4011196944382,35.27268821709581,13601109
79,2008-01-29,35.549095153808594,36.76221900534758,35.011635957785685,36.240114120123756,7679877
80,2008-01-30,33.583534240722656,35.7794383394471,33.13820919670669,35.62587855400377,9016102
81,2008-01-31,31.387622833251953,34.02885153623458,31.019079826107003,33.93671526375146,41538563
82,2008-02-01,32.477901458740234,32.70824112631178,31.633322677644536,31.925085840010944,9089201
83,2008-02-04,34.151702880859375,34.55095872418084,33.09214081869737,33.09214081869737,12009385
84,2008-02-05,35.211265563964844,35.67194491066256,33.47604085785193,34.21312697945313,14593303
85,2008-02-06,34.904151916503906,35.31876423193269,32.95394360122072,34.24384557408287,12429218
86,2008-02-07,33.26105499267578,35.610520727796235,33.04607173082633,34.428109663442704,11300078
87,2008-02-08,32.401119232177734,33.752444351333004,31.802234473464182,33.47603760330186,13514197
88,2008-02-11,30.11307716369629,32.86179867657652,29.790601234403272,32.86179867657652,15133331
89,2008-02-12,29.57561683654785,31.218707123642194,29.32992080070371,31.01908026608684,10237627
90,2008-02-13,29.145648956298828,30.481617573259097,28.546766329193368,30.097718186295666,10395753
91,2008-02-14,31.694738388061523,32.01721426001766,29.790595937572853,29.790595937572853,12514003
92,2008-02-15,32.600746154785156,32.861798592782336,30.727316157221928,31.571894878899382,12080990
93,2008-02-18,32.416481018066406,33.33784191714475,32.140074206294585,33.33784191714475,6977153
94,2008-02-19,32.06328201293945,33.0767767388761,31.817586006229458,32.99999686695344,7226542
95,2008-02-20,31.264785766601562,31.7715344182173,30.91159901654469,31.756178019782578,5604999
96,2008-02-21,31.47975730895996,32.017216437849406,31.09585793118179,31.77152041951389,3874365
97,2008-02-22,31.080507278442383,31.280134158632613,30.113079418136067,30.435555371571507,2691220
98,2008-02-25,31.341554641723633,31.725454053492413,30.589112211214342,31.449047310133935,6270186
99,2008-02-26,31.464412689208984,31.909735717484825,31.310852880645715,31.63332889518622,7139423
100,2008-02-27,33.30712127685547,34.95020952914789,31.925083378006406,31.925083378006406,43223132
101,2008-02-28,34.243839263916016,34.504891722975984,33.168920804143134,33.629600144045796,35763847
102,2008-02-29,33.752445220947266,34.70451663587332,33.199631710642024,34.02885405888759,16477462
103,2008-03-03,32.33970642089844,33.41462729899472,31.97116325049345,32.278282906295686,10049153
104,2008-03-04,31.51047134399414,32.67752599249671,30.71196180338854,32.55467901172282,11485198
105,2008-03-05,32.09400177001953,32.247561547238995,30.742674480815563,31.664033144132357,8581053
106,2008-03-07,30.45091438293457,31.633325619548067,29.176366854166208,31.633325619548067,14251925
107,2008-03-10,30.342876434326172,30.558949350498967,28.598856783298967,30.497214530641653,11713659
108,2008-03-11,32.8431510925293,33.151827253774506,29.3859785052518,30.095932001440424,19665129
109,2008-03-12,32.00972366333008,33.9543837634292,31.701047523420506,33.73831088416131,12262350
110,2008-03-13,27.61109161376953,31.48498038841766,26.854835351685004,31.17630419219178,47000084
111,2008-03-14,29.509441375732422,29.632910974622398,27.811722877604794,28.382772389150585,35798540
112,2008-03-17,28.35190773010254,28.953825724006773,27.7499897361983,28.953825724006773,19211273
113,2008-03-18,28.59885025024414,29.15446768872481,27.84259207638061,28.305606259557173,12632937
114,2008-03-19,28.76862335205078,32.04058908329592,28.583416836189517,29.941590974692183,16449023
115,2008-03-24,29.046438217163086,29.848997193283655,28.413651573684692,29.848997193283655,11636914
116,2008-03-25,30.142229080200195,30.32743348652364,29.262501346796487,29.802684528591517,13232423
117,2008-03-26,29.957033157348633,30.682423094921567,29.632922715170412,29.94159892803642,11448313
118,2008-03-27,30.497209548950195,30.790453558723996,29.50944631255021,29.50944631255021,17425122
119,2008-03-28,30.558944702148438,30.790453904750983,29.756387979392244,30.636113738567925,11599511
120,2008-03-31,30.342876434326172,30.697855311858426,29.941596965237032,30.558949350498967,9914705
121,2008-04-01,30.404611587524414,30.836759517952263,30.01876634250549,30.55894968553198,6034588
122,2008-04-02,30.898494720458984,31.793656955975692,30.558950063307048,30.558950063307048,6087024
123,2008-04-03,30.651546478271484,31.114560674337508,30.40460515503414,30.9756568341865,3883474
124,2008-04-04,30.497209548950195,30.852188368496986,29.910725716090724,30.852188368496986,5906537
125,2008-04-07,30.37374496459961,30.68242115797928,30.01876608620634,30.54351728962731,4088729
126,2008-04-08,29.60205841064453,30.38918322691763,29.385985465265264,30.327446305370966,5753811
127,2008-04-09,29.679216384887695,29.941589830093232,29.339671816570057,29.69465060951012,3776374
128,2008-04-10,30.265695571899414,30.48176840372779,29.52487383610396,29.632909205346355,7075297
129,2008-04-11,30.404611587524414,30.713287783539553,30.095935391509276,30.55894968553198,4012660
130,2008-04-15,30.86762809753418,31.02196619615496,29.694658129347346,30.219407245989117,6362785
131,2008-04-16,30.45091438293457,31.39237720285058,30.327442648075827,31.176304283528324,4725794
132,2008-04-17,31.623878479003906,32.34926615156846,30.57437834761819,30.91392293875499,14831167
133,2008-04-21,32.133201599121094,32.68881921343986,31.793659013341827,32.1023352331473,7639361
134,2008-04-22,32.65795135498047,33.028364500237764,31.793659598299104,32.10233582378377,8814769
135,2008-04-23,32.688812255859375,33.07465744849181,32.2566664774487,32.719680708607626,5265604
136,2008-04-24,31.531274795532227,33.09008969937424,31.253467110759754,33.02835489090747,8801780
137,2008-04-25,31.79365348815918,32.24123351042659,31.361505599524534,32.10232965432211,4095990
138,2008-04-28,31.917125701904297,32.534478084222755,31.79365606277836,31.824522425887647,4708244
139,2008-04-29,32.36469650268555,32.673372605549794,31.947985019825087,32.10232307125721,6497143
140,2008-04-30,32.58078384399414,32.997497605502026,32.41101358660067,32.68882136537611,6331377
141,2008-05-02,32.874019622802734,33.80004810870206,32.81228271573409,33.074658290743244,5658418
142,2008-05-05,32.71968078613281,33.49137117322611,32.503605803071366,33.30616464298606,7642293
143,2008-05-06,32.44186782836914,33.09008852767722,32.256663409526794,32.45730205327532,5061166
144,2008-05-07,31.978864669799805,32.62708559265986,31.48498395588494,32.411012649488065,4303106
145,2008-05-08,31.5930118560791,31.91712224031359,31.40780741747666,31.731915708366977,3642073
146,2008-05-09,31.407808303833008,32.22579930743594,30.929359827255496,31.176301179038493,8621761
147,2008-05-12,31.407808303833008,31.639315428627526,30.71328483610523,31.407808303833008,4890395
148,2008-05-13,31.500410079956055,31.731917209166642,31.238036589523944,31.54671276180473,5056766
149,2008-05-14,31.54671287536621,31.71648518940064,30.86762571257276,30.86762571257276,2982486
150,2008-05-15,31.56214141845703,31.917118116589826,30.867620153406342,30.867620153406342,2646760
151,2008-05-16,31.809078216552734,31.901681463512173,31.42323309867485,31.79364608651261,4422288
152,2008-05-20,31.74735450744629,31.870826244308876,31.42324407653064,31.484980991634167,3464912
153,2008-05-21,31.947975158691406,32.41098917007284,31.02194713592854,31.02194713592854,3419088
154,2008-05-22,31.515838623046875,31.670176681350878,31.1762961507844,31.1762961507844,3558000
155,2008-05-23,30.991092681884766,31.762783049062204,30.86762306047401,31.330637280780476,4417028
156,2008-05-26,30.759584426879883,30.94479094544684,29.324239141346,29.324239141346,2605807
157,2008-05-27,29.83356285095215,31.14543672667254,29.694658976897713,30.8058920626777,3316550
158,2008-05-28,30.92935562133789,31.11456003998201,29.4168413556859,29.94159034852682,4505700
159,2008-05-29,31.43867301940918,31.793651848192724,30.528078794867245,31.25346858527109,11026212
160,2008-05-30,30.43547821044922,31.639316558372705,30.312008576821107,31.515844831400287,4023430
161,2008-06-02,29.13903045654297,30.867617399334172,28.706882674173308,30.250263125471275,4431595
162,2008-06-03,28.058670043945312,29.01556486906654,27.796294474685535,28.70688871386405,6240766
163,2008-06-04,27.194374084472656,28.228437860700044,27.024601794840105,27.93519595679508,5762089
164,2008-06-05,27.148073196411133,27.348713949492996,26.23747897450701,27.163507422547294,9721099
165,2008-06-06,26.854829788208008,27.981498927028685,26.46898462286065,27.00916785434695,6317089
166,2008-06-09,26.484420776367188,27.132641538682684,25.311450969643225,26.54615558864863,6500809
167,2008-06-10,26.299205780029297,26.515280693472473,25.697287890700316,26.237470987621307,6717902
168,2008-06-11,26.422687530517578,26.854833335450966,26.2374809893494,26.546157162400185,2586175
169,2008-06-12,26.607892990112305,26.762231082506435,25.31145343267048,26.083143894641132,3244212
170,2008-06-13,26.43812370300293,26.823968947704664,26.16031387081102,26.56159334396971,4248430
171,2008-06-16,27.364147186279297,27.780858716824767,26.5770226152347,26.669625875359483,4354615
172,2008-06-17,28.18213653564453,28.398209401596347,26.88569724658971,27.749990803740896,4736084
173,2008-06-18,28.151268005371094,28.768622338715186,28.08953320003986,28.08953320003986,5055019
174,2008-06-19,27.549348831176758,28.089532018454115,27.10176889467285,27.595651503235395,4221271
175,2008-06-20,26.91656494140625,27.88889602656559,26.56158822206898,27.780858541544323,3837789
176,2008-06-23,25.97509765625,26.793090526824518,25.712724243432387,26.700487283865034,4516050
177,2008-06-24,25.172548294067383,26.360952382688446,24.910172712939854,25.975105077888564,5238203
178,2008-06-25,24.478031158447266,24.987346088556816,23.92241353892664,24.694104095665118,3933879
179,2008-06-26,25.867069244384766,26.978304272229128,24.616930361395905,24.616930361395905,18253250
180,2008-06-27,24.724956512451172,25.558383518196486,24.58605270927476,25.002766212147417,6821283
181,2008-06-30,24.231081008911133,24.941036483330517,23.53655975872032,24.70952939993358,4596315
182,2008-07-01,22.517929077148438,24.231081981733734,21.653635512431684,24.231081981733734,6202295
183,2008-07-02,23.50569725036621,23.752638620396045,21.807978209759654,22.53336809172021,5245963
184,2008-07-03,22.88834571838379,23.505698119616106,22.22469272439683,23.305059426553388,4726793
185,2008-07-04,23.1970157623291,23.644595715762392,22.37902488513529,22.53336294448083,4862814
186,2008-07-07,23.706335067749023,24.663232056563487,23.505696389454524,23.505696389454524,5528014
187,2008-07-08,24.400854110717773,25.00277212915757,21.91600881987219,21.91600881987219,8354280
188,2008-07-09,26.09857749938965,26.20661290547935,24.724966835204317,24.724966835204317,6860769
189,2008-07-10,27.240680694580078,27.564791120447538,25.373189282052742,26.09857918312066,7216175
190,2008-07-11,25.944238662719727,27.842596261773604,25.743597897175864,27.5030537324093,6040791
191,2008-07-14,25.959672927856445,26.88570360278813,25.311454176752,25.311454176752,5942149
192,2008-07-15,24.879310607910156,25.589266396838788,24.694106115153627,25.31145861103161,3693378
193,2008-07-16,24.200214385986328,25.311449307454684,23.783500767099692,24.879301463175207,6973872
194,2008-07-17,25.434926986694336,25.62013356343025,24.69410486644003,24.69410486644003,5038238
195,2008-07-18,26.854829788208008,27.070902662133726,25.141676835396943,25.897932940808964,5983177
196,2008-07-21,28.36734390258789,28.53711619287369,26.870263833718575,27.31784380385823,8754188
197,2008-07-22,29.52488136291504,29.78725483511395,28.12040445797035,28.367345797303063,12631056
198,2008-07-23,31.608444213867188,32.22579649273103,30.281136395641123,30.83675386528739,12798869
199,2008-07-24,30.497209548950195,32.194928331099696,28.598852111702474,28.598852111702474,10764301
200,2008-07-25,30.558944702148438,31.54671004299312,29.40140915585616,30.173099520051014,10710381
201,2008-07-28,30.31201171875,31.160871294626904,29.97246705106143,30.55895101160221,5533881
202,2008-07-29,29.09273338317871,30.0959308694941,28.86122627095208,29.632916645040844,5145929
203,2008-07-30,30.31201171875,30.55895101160221,29.35511463224186,29.35511463224186,7354746
204,2008-07-31,29.2470760345459,30.836759709927126,28.86123078712489,30.836759709927126,6006517
205,2008-08-01,30.095935821533203,30.219407557710134,27.780864318340907,28.784061969724235,4699412
206,2008-08-04,30.281137466430664,30.836754955724455,29.494012864376472,29.494012864376472,4301346
207,2008-08-05,31.639310836791992,31.870817927987723,30.095928135476544,30.40460425707085,9161115
208,2008-08-06,30.836755752563477,32.76598174208578,30.620682860405815,32.76598174208578,8616591
209,2008-08-07,30.759584426879883,31.45410573148995,29.802687569857294,29.802687569857294,4809365
210,2008-08-08,30.234832763671875,30.99108881036263,30.12679528842584,30.404602948567316,4883824
211,2008-08-11,30.512651443481445,30.960231543506094,30.281144278639943,30.620688957745312,2714705
212,2008-08-12,29.98788833618164,30.86761599061031,29.756381279052373,30.713275859180516,5801276
213,2008-08-13,30.111366271972656,30.404608206913323,29.401410681407107,29.632917802677774,2754609
214,2008-08-14,29.385969161987305,30.250260463997247,29.324232274692143,29.941584400895547,2566362
215,2008-08-18,29.046438217163086,29.941598380775297,28.76863046799916,29.324245966327013,2963058
216,2008-08-19,28.506254196166992,29.169907189033985,27.919768159979352,29.000136953657165,2941144
217,2008-08-20,28.83036231994629,29.061869451508713,28.62972154991895,28.706890593773092,3319410
218,2008-08-21,28.52168846130371,29.000136990731896,28.182143803427074,28.706892925590957,4138486
219,2008-08-22,28.22844696044922,29.50945456485622,27.503059079410107,29.50945456485622,4139879
220,2008-08-25,28.537113189697266,28.922958311857773,28.336472470167546,28.922958311857773,2034227
221,2008-08-26,28.58341407775879,28.676017326752785,28.058665124584536,28.24386952922874,1489491
222,2008-08-27,28.01237678527832,28.938405562311168,27.85803865577284,28.737766831291992,4297168
223,2008-08-28,27.595651626586914,28.398208252408665,27.2406728459259,28.089532144013262,7382078
224,2008-08-29,28.737751007080078,28.84578847558189,27.96606078447773,28.089530382756625,2219080
225,2008-09-01,28.72220802307129,28.846613030399457,28.14683011847192,28.675554563421027,3417069
226,2008-09-02,30.23062515258789,30.355030140748898,28.67555014535967,28.924362230884288,5030404
227,2008-09-04,29.59305191040039,30.13732755470119,29.344239765450833,29.888515409751633,2813325
228,2008-09-05,28.939918518066406,29.26648430645238,28.613352729680425,29.235381999290677,3330688
229,2008-09-08,30.463884353637695,31.692391451324912,30.168418832465242,30.479433394370993,8377948
230,2008-09-09,30.572744369506836,30.821556491205463,29.872961463656075,30.463890516340687,3737279
231,2008-09-10,30.308382034301758,30.821555301773998,30.012916464760277,30.41723588326714,3847698
232,2008-09-11,29.499738693237305,30.168419165024826,29.266477769236655,30.168419165024826,2567354
233,2008-09-12,29.79520034790039,30.603839013668786,29.31312737827701,29.701895561972897,6093354
234,2008-09-15,27.913564682006836,29.157622993066404,27.073825743882146,28.706652277147832,6770268
235,2008-09-16,28.457847595214844,28.706659743985355,26.43625231390954,26.825020637237483,4654621
236,2008-09-17,27.726957321166992,28.86215969125305,27.36928928966401,28.86215969125305,4674190
237,2008-09-18,27.664758682250977,28.209034313041805,25.6742657904686,27.36929519023371,6603710
238,2008-09-19,29.344234466552734,29.499741765414758,27.99132012277206,28.31788587222285,9821730
239,2008-09-22,28.706663131713867,31.41249266875901,28.47340211018952,30.168431778092433,4162514
240,2008-09-23,28.36453628540039,29.00211661160767,27.835811908497764,28.364536285400387,6569683
241,2008-09-24,29.01766586303711,29.328680430170966,28.08462216163553,28.45783922035566,5730103
242,2008-09-25,28.11573028564453,29.21983264950309,27.447047562280886,29.09542553135957,10926783
243,2008-09-26,27.664758682250977,28.27123892963749,27.182687668055834,28.27123892963749,4967945
244,2008-09-29,26.638412475585938,28.457846920074132,26.125237035445867,28.457846920074132,7859964
245,2008-09-30,26.685060501098633,27.68030683922635,25.192189939305642,25.192189939305642,6616439
246,2008-10-01,27.571449279785156,27.83581039930207,26.48289617336551,27.027173781176607,3743739
247,2008-10-03,27.960233688354492,28.302348648691446,27.213797020957593,27.71142146588886,4681406
248,2008-10-06,27.38484001159668,27.991318009531174,26.825013356117697,27.64920324338476,5560277
249,2008-10-07,28.286787033081055,28.893267260281373,27.369294279269397,27.369294279269397,9928258
250,2008-10-08,28.06907081604004,28.302331739766625,26.15632997596053,27.338187853884907,9985473
251,2008-10-10,27.89801597595215,28.535596338081202,25.82976969625839,27.96022058431813,9025179
252,2008-10-13,28.457847595214844,28.675557434437863,27.85136943266388,28.03797907154255,6805621
253,2008-10-14,27.773609161376953,29.515291679266294,27.555899373941447,28.61334811817256,5099383
254,2008-10-15,27.54034423828125,28.131271019995957,27.244880847423893,27.618097873201727,5495022
255,2008-10-16,26.48291015625,27.151593101695735,25.969736687432007,27.151593101695735,6651066
256,2008-10-17,24.492414474487305,27.213793157473628,24.134746296344165,27.027185599019504,5586092
257,2008-10-20,24.772315979003906,25.752013139810973,23.994779554174112,24.58570850256628,7922965
258,2008-10-21,24.97447967529297,26.28074060200216,24.259145657818024,25.021131022631486,8047276
259,2008-10-22,23.606016159057617,24.912277197500888,23.372755184006927,24.72566968298212,5408099
260,2008-10-23,22.455263137817383,23.23279974557531,22.11314618672268,23.015089917243696,6641370
261,2008-10-24,19.547269821166992,22.082037597796457,19.282906606042594,21.77102304315714,9905588
262,2008-10-27,18.038846969604492,19.282905090376904,16.172759788445877,19.189600309478518,12878172
263,2008-10-29,20.418113708496094,21.708823438036053,18.660879975818105,20.526967551559373,13094201
264,2008-10-31,21.724374771118164,22.39305742353197,20.651374827945695,21.49111382220229,8097887
265,2008-11-03,22.393054962158203,22.983981790777847,21.6155164420338,22.952879490659967,4951148
266,2008-11-04,23.37274932861328,23.559358905585174,21.97318382893143,22.082037657829662,4515828
267,2008-11-05,22.51746368408203,24.50795849215885,22.08204195612639,24.50795849215885,6145587
268,2008-11-06,21.77103042602539,23.24835217074555,21.320059590708198,22.082045086134233,4896229
269,2008-11-07,23.466060638427734,24.165843582741626,21.460014510698812,21.615521831657457,8250147
270,2008-11-10,23.994789123535156,24.539064837978593,23.46606456563078,24.196947830932793,3775177
271,2008-11-11,23.71487045288086,24.71011678777304,23.170594882792642,24.103638717229586,8900004
272,2008-11-12,22.719629287719727,24.228051480343485,22.439716891391203,24.228051480343485,5705390
273,2008-11-14,22.641870498657227,23.637119036938792,22.361958165517425,22.517465485973542,4038880
274,2008-11-17,23.57491111755371,24.352449720071334,21.46001143389664,24.352449720071334,5361538
275,2008-11-18,22.29975128173828,23.512707299511725,21.86432960441254,23.512707299511725,6392448
276,2008-11-19,21.75547981262207,23.092843176556606,21.475565373173634,22.393060241740013,5606729
277,2008-11-20,21.522214889526367,21.92653215706148,20.604720189128304,21.771024866716402,5080395
278,2008-11-21,22.89068031311035,23.6060143365454,20.837983047462437,21.382258613893026,8350092
279,2008-11-24,23.466060638427734,23.83927778688787,22.29975573123791,23.574914497576966,5420119
280,2008-11-25,22.89068031311035,23.994782598281535,22.704072812998692,23.714870293512643,5453771
281,2008-11-26,23.403858184814453,23.761524180147006,22.470814256952444,23.13949489490567,5246053
282,2008-11-27,23.403858184814453,23.403858184814453,23.403858184814453,23.403858184814453,0
283,2008-11-28,23.0306339263916,23.481606747648485,22.113141351687478,22.704070309898793,8464961
284,2008-12-01,22.844022750854492,24.383544226674857,22.750717971580055,23.48160294849386,5733003
285,2008-12-02,22.641870498657227,22.890682633227616,21.926536402718487,22.67297280642966,5879324
286,2008-12-03,23.326099395751953,23.621562819441266,22.159794742344744,22.859577534389068,6430656
287,2008-12-04,24.445756912231445,24.57016403958611,20.68247874810819,20.68247874810819,4648185
288,2008-12-05,24.150293350219727,25.31659830190799,23.341654406701288,23.341654406701288,5338962
289,2008-12-08,24.212493896484375,25.005581621185758,23.170596156287047,24.803422956294575,11709287
290,2008-12-10,23.823719024658203,25.347691548882036,23.48160429332805,25.347691548882036,11172070
291,2008-12-11,23.559356689453125,24.243588225316465,23.186137570616534,24.243588225316465,9867592
292,2008-12-12,22.828475952148438,23.092839192259852,22.330851774010238,22.983983244166296,9847702
293,2008-12-15,23.201704025268555,23.7148795976171,23.015096451944785,23.606023597942173,5741641
294,2008-12-16,24.088088989257812,24.383552465794438,22.082042939229122,23.326103567915066,9183505
295,2008-12-17,24.05698013305664,24.72566267075114,23.419399893562765,24.72566267075114,8720755
296,2008-12-18,24.772315979003906,25.036679207127055,23.51270654893913,23.51270654893913,12640018
297,2008-12-19,25.969724655151367,26.28073924590039,24.74121744353327,25.503202769027833,10050607
298,2008-12-22,25.98527717590332,26.202986979059986,25.08333354967886,25.08333354967886,6524631
299,2008-12-23,25.456552505493164,26.234089079818336,25.269944993176892,25.81422059520451,5151765
300,2008-12-24,25.021135330200195,25.79867198105263,20.993493791422058,20.993493791422058,13318746
301,2008-12-26,25.06778907775879,26.389601510346886,24.41465949423727,26.389601510346886,5480531
302,2008-12-29,25.596515655517578,25.798674359697035,24.570166759922103,25.347703482463622,3418418
303,2008-12-30,25.549856185913086,25.96972676115455,24.60126118536215,25.534305033273984,4868199
304,2008-12-31,25.860862731933594,26.249630880580735,25.28548713745714,26.249630880580735,4396180
305,2009-01-02,26.234085083007812,26.669506763814393,25.736463016775097,26.669506763814393,3976548
306,2009-01-05,25.643157958984375,26.669506492111932,25.316592229007068,26.669506492111932,4505326
307,2009-01-06,25.456552505493164,26.622859476183866,25.03668402087934,26.622859476183866,3969700
308,2009-01-07,24.119182586669922,26.34293784725178,22.595212161008757,26.34293784725178,12109220
309,2009-01-09,23.994789123535156,26.125240620895102,22.79738170807824,26.125240620895102,5272587
310,2009-01-12,23.357196807861328,24.57015476856948,22.42415319617921,24.57015476856948,6595708
311,2009-01-13,23.015087127685547,23.621565186387567,22.672970218057344,23.326101733092,4104761
312,2009-01-14,23.06174087524414,23.45050917246795,22.424160445956495,23.45050917246795,2777281
313,2009-01-15,22.719629287719727,23.061746313635474,22.23755817284321,22.859587595087486,3693599
314,2009-01-16,23.434946060180664,23.77706283084094,22.54855606034583,23.512699679948735,2131503
315,2009-01-19,24.336896896362305,24.539055527054312,23.34164856593296,24.072533663116527,2587926
316,2009-01-20,27.058273315429688,27.68030244158652,23.32609855848869,24.36799607927989,19101726
317,2009-01-21,25.254396438598633,27.649211021315715,24.912279467009576,27.649211021315715,11311625
318,2009-01-22,26.451799392700195,26.809465351367557,24.943377686940668,26.063031129277928,10535551
319,2009-01-23,26.82501792907715,27.151583709544305,25.627610770431883,26.887220432689244,7005930
320,2009-01-27,27.69586181640625,28.069078981093952,25.81422272915198,26.747266695472796,8487928
321,2009-01-28,28.317882537841797,28.45783866849748,27.369287704638296,28.271231197357395,6636133
322,2009-01-29,28.13128089904785,28.89326847622274,27.073831936458774,28.89326847622274,13844487
323,2009-01-30,27.447046279907227,27.664756089982905,26.747263391604996,27.649207046494034,4578388
324,2009-02-02,26.000829696655273,27.68031006536691,25.627612540009267,27.36929541662806,6678800
325,2009-02-03,26.42070198059082,27.05828247251251,23.823728656335525,23.823728656335525,6591337
326,2009-02-04,26.827415466308594,28.03191223381601,25.68548949102561,27.374913611231765,7225484
327,2009-02-05,26.67098045349121,27.374906455824863,26.40505200393339,26.592766453231913,3622655
328,2009-02-06,27.03077507019043,27.35927228260256,26.74920330309129,26.889988125795234,2228530
329,2009-02-09,27.046415328979492,28.094484094956346,26.342489115867295,28.094484094956346,3190528
330,2009-02-10,26.999479293823242,27.57826373616301,26.498908850627203,27.437476840351895,3258153
331,2009-02-11,27.06204605102539,27.21847402608871,26.123478200645454,26.905618075962067,1899711
332,2009-02-12,28.37604331970215,28.688899299624627,26.749192648443326,27.046405405031603,8517373
333,2009-02-13,29.34589958190918,29.643112357495106,28.782758357715004,28.939186357675023,9331167
334,2009-02-16,27.98497772216797,29.846472791231367,27.57826658200391,29.846472791231367,3238379
335,2009-02-17,26.749197006225586,27.95369357383101,26.608412216662927,27.95369357383101,2684742
336,2009-02-18,27.484403610229492,27.8129027962785,25.98269456092711,26.74919124724793,4576718
337,2009-02-19,27.57826805114746,28.157050462354867,27.171554767626326,27.531338371304148,5072418
338,2009-02-20,26.999479293823242,27.437476840351895,26.6709800730815,27.218478067087567,3336292
339,2009-02-24,28.720197677612305,29.001769449530997,25.654207376320215,27.09334633050567,9913081
340,2009-02-25,28.641977310180664,30.018545162019713,28.34476449590898,29.033047360983097,7821109
341,2009-02-26,29.0643367767334,29.220764813001676,28.016268085059536,28.76712181047085,9451371
342,2009-02-27,30.315765380859375,31.44204825093915,28.501199477593662,28.626341075739713,35406885
343,2009-03-02,28.907909393310547,29.580549115778368,28.50119606548976,28.78276568845511,9682882
344,2009-03-03,27.87548065185547,29.25204639271527,27.6877661773333,29.06433403988393,6218930
345,2009-03-04,28.641977310180664,28.923549019772903,28.000622002526516,28.407335279699208,6597422
346,2009-03-05,28.688901901245117,29.048687583796966,28.25090433831049,29.048687583796966,6109769
347,2009-03-06,28.954832077026367,29.064332535110168,28.157048784147747,28.250906016549475,3962742
348,2009-03-09,28.454256057739258,29.095611212587084,28.188329759566468,29.095611212587084,2964226
349,2009-03-12,29.283336639404297,29.549265159147044,28.501196430385743,29.392837117343333,6091612
350,2009-03-13,29.69004249572754,29.87775482560661,28.970473260298007,29.72132682319543,6329765
351,2009-03-16,30.00289535522461,30.221894111303616,29.01739777033356,29.877751693400644,8232474
352,2009-03-17,30.128042221069336,30.597326262060907,29.752615412614222,30.206256227901264,4981205
353,2009-03-18,29.909042358398438,30.76939640283137,26.905623754610858,26.905623754610858,4007849
354,2009-03-19,30.096752166748047,30.268821251697027,28.78275540455001,28.78275540455001,3286397
355,2009-03-20,30.221904754638672,30.45654681629154,29.736977402884534,30.018549149882627,3154546
356,2009-03-23,30.72247314453125,30.972756295097888,29.971617327758498,30.018547009757953,7034396
357,2009-03-24,30.785037994384766,31.33253599360756,30.347038321992212,31.129178320881916,7551877
358,2009-03-25,30.36268424987793,30.972753078995854,29.9246866601755,30.519112263584613,5666796
359,2009-03-26,30.11240005493164,31.26996909412822,29.502331204514213,31.26996909412822,9588411
360,2009-03-27,29.580543518066406,30.503468353903163,29.314617173742285,30.503468353903163,6291705
361,2009-03-30,29.580543518066406,30.25318523493709,27.374908149920483,30.25318523493709,4842258
362,2009-03-31,29.909042358398438,30.597325169606652,28.172691044386575,30.597325169606652,7683950
363,2009-04-01,28.767120361328125,31.25432771005355,28.62633556011691,31.25432771005355,7321541
364,2009-04-02,29.283336639404297,29.72133430777824,28.986123784315467,29.377193888824742,9185217
365,2009-04-06,28.939184188842773,29.830824570467563,28.73582865281134,29.408468153552583,6958026
366,2009-04-08,30.472183227539062,30.87889646775284,28.000619458049563,28.626331482473645,16888845
367,2009-04-09,30.018545150756836,31.567182127015254,29.799544225036993,31.12918239726638,7959989
368,2009-04-13,29.61182975769043,30.50346813645492,29.173830059240792,30.19061211828689,6786405
369,2009-04-15,30.378332138061523,30.581687738415,29.408477455550223,29.408477455550223,9517190
370,2009-04-16,29.5961856842041,30.910180498512023,29.33025722770664,30.785038943507686,16019178
371,2009-04-17,30.50347328186035,31.786184021396533,29.439763489335974,30.28447445653957,24728264
372,2009-04-20,31.88003921508789,32.50575131669733,29.893402443801584,31.567183164283176,20235831
373,2009-04-21,31.285608291625977,31.989534287235415,31.004036620367888,31.72360584021786,8757532
374,2009-04-22,30.237550735473633,32.03647337189333,29.799550907504496,32.03647337189333,10270548
375,2009-04-23,31.301252365112305,31.55153761164497,29.736972226396563,30.487827965994555,7645123
376,2009-04-24,31.301252365112305,31.78617963245233,30.69118353535131,31.723608851241845,4953362
377,2009-04-27,30.268831253051758,31.285615606121908,30.049832427554456,31.285615606121908,6298942
378,2009-04-28,28.78275489807129,30.94146231106049,28.626326916913676,30.61296312629145,8020828
379,2009-04-29,28.97046661376953,29.564892037880156,28.532467034491635,29.37717975106684,10317407
380,2009-04-30,28.97046661376953,28.970466613769535,28.970466613769535,28.970466613769535,0
381,2009-05-04,29.42411994934082,30.002904523119504,29.267691915529394,29.674405227777306,6346688
382,2009-05-05,30.018545150756836,30.347042295954974,29.252046154119007,29.72133021490585,10754066
383,2009-05-06,30.1436824798584,30.847608472061292,29.79954003499411,30.331396926455376,8162872
384,2009-05-07,30.378332138061523,30.62861742274422,29.877761568696133,30.347045681842044,6552316
385,2009-05-08,30.456533432006836,31.598458903240246,29.909035528751,30.347033002679602,16052278
386,2009-05-11,30.456533432006836,31.269959736948714,30.253177916616448,30.37831944582743,8177989
387,2009-05-12,31.661029815673828,31.80181456711606,30.08110686313502,30.75374629874245,9045014
388,2009-05-13,31.03533172607422,32.05211400336107,30.738116747668244,31.91132918930573,8210662
389,2009-05-14,31.082260131835938,31.754902006500213,30.268833439304174,31.254331407758947,7465672
390,2009-05-15,31.582826614379883,31.8800394404068,31.06661285388912,31.129183640154118,5990389
391,2009-05-18,36.619808197021484,37.542735260905204,33.819749037812535,35.66559892219813,170650
392,2009-05-19,36.932655334472656,38.762863671404816,33.47559844289699,35.665590309186214,19037417
393,2009-05-20,37.167301177978516,40.671290225095056,35.039881984402854,38.48129813149254,10704619
394,2009-05-21,36.74494934082031,38.794154552590136,36.463375531121365,37.511444035608285,11495294
395,2009-05-22,37.13602066040039,38.41873122224237,36.44773570232475,37.198589319891795,8524108
396,2009-05-25,36.479026794433594,37.54273657492166,36.04102914874815,37.52709546890439,5914983
397,2009-05-26,33.71023941040039,36.8075126790702,32.9750270288189,36.76058513202898,11328948
398,2009-05-27,34.32032775878906,35.66560962974864,33.71025868989215,34.41418502824048,9833643
399,2009-05-28,35.03988265991211,35.63430824810177,33.52253011713071,35.03988265991211,18047010
400,2009-05-29,35.96281051635742,36.29130764761601,35.211954777946026,35.665595593118546,12795881
401,2009-06-01,37.57402801513672,37.79302474534188,35.75946003744831,36.88574287818895,13519274
402,2009-06-02,37.245521545410156,38.700305650870845,36.35388514965293,37.855592573079605,10664555
403,2009-06-03,39.29473114013672,39.57630075025194,36.9170241949978,37.855592390969846,19445390
404,2009-06-04,39.26344299316406,39.70144061706906,38.07459169351022,39.576299045007886,11373782
405,2009-06-05,39.122657775878906,40.202008538635695,38.434372809155725,39.70143803950806,13240784
406,2009-06-08,37.839942932128906,39.810934011233634,37.1203715946953,39.107008019641796,8283946
407,2009-06-09,37.8712272644043,38.309224786023556,36.40080246677452,37.76172682315429,6301719
408,2009-06-10,38.26230239868164,39.32601202133837,37.7304454656626,39.32601202133837,5514227
409,2009-06-11,38.35614776611328,39.263429147852904,37.918150296657636,39.09136007736756,8425194
410,2009-06-12,37.93379592895508,38.856722764076224,36.94830044408147,38.48129389203829,8819990
411,2009-06-15,38.15280532836914,38.70030341367003,37.07345026285185,38.70030341367003,6088490
412,2009-06-16,38.434364318847656,38.715933836350374,36.995226043035295,38.41872321807884,5235173
413,2009-06-17,37.245521545410156,39.35730423988826,36.63545476112269,39.35730423988826,8548532
414,2009-06-18,34.242103576660156,37.38630738078873,33.694605475701636,37.22987935194344,15756310
415,2009-06-19,33.804100036621094,35.337093602707036,32.59960357634603,35.337093602707036,11260656
416,2009-06-22,33.27225112915039,34.226462591965074,32.849896696609875,33.78846493117689,11032509
417,2009-06-23,33.58509826660156,34.070023330714605,32.30238791985581,32.537029901210005,9061729
418,2009-06-24,33.647682189941406,34.66446450659622,33.24096883894124,34.66446450659622,12156270
419,2009-06-25,33.49124526977539,34.554954870603986,33.02195912624438,34.101314073829755,22858397
420,2009-06-26,34.68009567260742,34.883451216526275,33.17838438126165,34.382880786077685,16833106
421,2009-06-29,34.86781692504883,35.68124143079438,34.570604084070816,35.68124143079438,16727201
422,2009-06-30,34.22645950317383,35.49352692983011,33.72589109626021,35.03988608173341,10678356
423,2009-07-01,33.47559356689453,34.508018577816124,32.849881696237816,34.27337662631986,9694486
424,2009-07-02,34.44545364379883,34.6800956350002,33.397385234423204,34.6800956350002,11593296
425,2009-07-03,35.337093353271484,35.587378578253045,33.553814573024994,34.242097350456376,14320723
426,2009-07-06,32.42753601074219,36.76059299025571,32.06775241534177,35.91587998941856,16536927
427,2009-07-07,32.70909881591797,34.07002314919778,32.22417375438849,34.07002314919778,6256398
428,2009-07-08,31.88003921508789,32.50575131669733,30.878900276850974,32.50575131669733,9995092
429,2009-07-09,32.192893981933594,32.59960725609684,31.348183102788898,32.067752415279124,5766023
430,2009-07-10,32.11469268798828,33.28790329624078,31.62976521223892,32.3806212745355,4813799
431,2009-07-13,32.25545883178711,32.943741565156955,31.050962457122075,32.38060249711189,6649724
432,2009-07-14,33.7884635925293,34.07003320306761,32.427538857648464,32.77168137869839,6681312
433,2009-07-15,34.74267578125,34.94603137980993,33.85103512546039,34.257748444271286,5318107
434,2009-07-16,34.68009567260742,35.79073273481257,33.78845525639914,35.79073273481257,6733724
435,2009-07-17,34.9460334777832,35.29017602705852,34.44546500447228,35.29017602705852,4714999
436,2009-07-20,35.02425003051758,35.665605488661875,34.66446634803462,35.05553649059928,3204852
437,2009-07-21,34.476749420166016,35.25888965060476,33.94489448780591,35.25888965060476,3387311
438,2009-07-22,34.05438232421875,35.258876558846296,33.66331235420518,34.5705938359605,4155805
439,2009-07-23,35.540462493896484,35.884605054494635,34.132610036035146,35.16503347444715,7225701
440,2009-07-24,35.36838912963867,36.43210108591757,35.0868173816423,36.43210108591757,3938895
441,2009-07-27,35.86894607543945,36.260016054041216,35.19630656092058,36.260016054041216,5271010
442,2009-07-28,36.38516616821289,36.60416710516289,35.69688538979346,36.51031198554537,5714377
443,2009-07-29,36.729305267333984,36.9170197325141,35.290168813819136,36.88573328108717,8829709
444,2009-07-30,37.245521545410156,37.74609210101304,36.823169249896516,36.948310827951744,17110331
445,2009-07-31,36.729305267333984,37.93380182190979,36.54159080215388,37.511445336099904,5752956
446,2009-08-03,36.69802474975586,37.30809579939066,36.541596710709214,37.10474019730644,3665243
447,2009-08-04,36.26002502441406,37.49580815986855,36.134883448978876,37.49580815986855,3621563
448,2009-08-05,35.931514739990234,36.44772620230688,35.352730391110214,36.44772620230688,4774621
449,2009-08-06,35.21195983886719,36.22873995187395,34.94603132880828,35.790742299449775,7103528
450,2009-08-07,35.29016876220703,35.82202358385187,34.77395504456206,35.03988351622984,3574790
451,2009-08-10,34.61751937866211,35.91587075523133,34.33594986523681,35.63430124180604,2330557
452,2009-08-11,34.8365364074707,35.22760653625415,34.17953774243802,35.22760653625415,2647345
453,2009-08-12,34.38288116455078,34.83652405037791,32.849887652174395,32.849887652174395,3169220
454,2009-08-13,34.96167755126953,35.32146121645596,34.601893886083104,35.32146121645596,3372052
455,2009-08-14,35.00859069824219,35.6655890842403,34.72702117378033,34.72702117378033,5692114
456,2009-08-17,33.303524017333984,34.85216054909562,33.13145282009598,34.41416306675361,7525848
457,2009-08-18,34.023109436035156,34.10132346120589,32.84989905847411,33.38175400529687,3831268
458,2009-08-19,33.194026947021484,34.39852332796065,33.08452862619364,34.33595255581754,2016070
459,2009-08-20,33.52254104614258,33.772826367601176,33.319185415908855,33.60075507649268,1291386
460,2009-08-21,33.916175842285156,34.04214246341772,33.0816541850765,33.69573692485672,2476248
461,2009-08-24,34.21533966064453,34.43578069157585,33.916172435921105,34.294067990079256,3720905
462,2009-08-25,34.62472915649414,34.92389639638696,34.24683358317464,34.60898306268026,5644025
463,2009-08-26,34.46726608276367,35.08134654221611,34.168098898480935,34.64046881123547,4450635
464,2009-08-27,34.02639389038086,34.782185019554014,33.821698946816234,34.46727169312476,7528977
465,2009-08-28,33.884681701660156,34.43577999658077,33.506784019486254,34.26257724819149,4498782
466,2009-08-31,33.884681701660156,34.073628407104536,33.44380178433813,33.66424067517786,5347897
467,2009-09-01,33.554012298583984,34.168094820385605,33.286337328023194,33.979146023578636,4467549
468,2009-09-02,33.97916030883789,34.0736347469596,33.223369075150174,33.38082576013869,3513954
469,2009-09-03,33.49103927612305,34.32556086629647,33.2233642320484,34.32556086629647,5440841
470,2009-09-04,33.742977142333984,33.82170548917024,32.98718586696317,33.56977435216561,3523284
471,2009-09-07,33.695735931396484,34.37279875831671,33.56976931397783,34.29407042329609,4931172
472,2009-09-08,34.02639389038086,34.42003554841744,33.86893722716623,33.90042727842355,4162308
473,2009-09-09,33.20762634277344,34.01065594467391,33.06591573905999,34.01065594467391,8053306
474,2009-09-10,33.82170104980469,34.21534273231738,33.42805936729199,33.63275432358428,7355612
475,2009-09-11,34.07362365722656,34.26257247197397,33.585507665497666,34.07362365722656,4466196
476,2009-09-14,34.01063919067383,34.13660363511366,33.69572594393211,33.85318256730297,2292939
477,2009-09-15,33.79020690917969,34.24683077853065,33.63275025522125,34.19959463660014,6351632
478,2009-09-16,33.947669982910156,34.2783294458817,33.60126442443655,34.04214442027959,7262510
479,2009-09-17,34.02639389038086,34.21534060485281,33.7114805639516,34.152358366695495,4533815
480,2009-09-18,33.963409423828125,34.08937389187802,33.72722444450266,33.72722444450266,3807983
481,2009-09-22,34.01063919067383,34.26257021519563,33.91616478952289,34.01063919067383,3732519
482,2009-09-23,34.671966552734375,35.20731877923927,34.10512213940573,34.199596564234284,10885467
483,2009-09-24,35.081363677978516,35.6954465730268,34.60899353449114,34.95539916063923,10152395
484,2009-09-25,35.04986572265625,35.49074356969414,34.79793460907336,34.95539128810731,5754133
485,2009-09-29,34.939640045166016,35.67968718184623,34.79792948204329,35.58521276121688,3351144
486,2009-09-30,34.62472915649414,35.39626639694701,34.51451077108243,35.018370823627514,5591598
487,2009-10-01,34.54600524902344,34.955393062420534,34.435786849490796,34.67197188003031,4613924
488,2009-10-05,34.2940673828125,34.49876231710369,34.05788239869061,34.2940673828125,3847231
489,2009-10-06,34.48301696777344,34.608981441097036,33.77446200013228,34.53025311135913,2883224
490,2009-10-07,34.2625846862793,34.766444812490214,34.089381900289304,34.64048031484825,3492297
491,2009-10-08,33.97916030883789,34.45153036380346,33.884688006359156,34.32556587006983,6173266
492,2009-10-09,33.963409423828125,34.262576637178526,33.71147835208579,34.16810221831984,4193022
493,2009-10-12,34.1051139831543,34.246824518685656,33.90041908903819,34.01063958091933,1800379
494,2009-10-13,34.1051139831543,34.1051139831543,34.1051139831543,34.1051139831543,0
495,2009-10-14,35.002620697021484,35.27029785408911,34.120865172747486,34.42003237817205,6809859
496,2009-10-15,35.412010192871094,35.90012625557112,35.002622458489064,35.002622458489064,7572106
497,2009-10-16,35.270301818847656,35.74267181808351,35.128591246205445,35.585215151671555,3312168
498,2009-10-20,35.223060607910156,35.80564890846932,34.98687564225694,35.112840103015024,3209019
499,2009-10-21,35.081363677978516,35.49075156279625,34.86092470481309,35.20733033096117,1976113
500,2009-10-22,34.357051849365234,35.08135076084051,31.80625315949357,34.797929633362585,2682882
501,2009-10-23,34.734947204589844,34.797929439718615,34.325559472788996,34.640472784075406,1979627
502,2009-10-26,34.62472915649414,34.95538858401472,34.23108748936076,34.483018583454665,1820035
503,2009-10-27,34.357051849365234,34.71920130510287,34.18384910006536,34.2940674782434,4096925
504,2009-10-28,33.884681701660156,34.32555948333962,33.44380178433813,34.32555948333962,1873167
505,2009-10-29,33.317840576171875,34.30981894912342,33.065911594764735,33.41231501202101,4457277
506,2009-10-30,32.861209869384766,33.979152503117106,32.467568247341156,33.979152503117106,2912146
507,2009-11-03,32.24713134765625,33.27059962786,32.026692452894736,32.593536850597644,3200653
508,2009-11-04,32.89270782470703,33.03441840637854,31.58581612883164,32.640776715267194,2690289
509,2009-11-05,33.554012298583984,33.695724964010246,32.26286930587659,32.829713560655435,2975233
510,2009-11-06,33.601253509521484,34.12086167844417,33.443796876934414,33.979149000602,2665782
511,2009-11-09,33.80596160888672,33.9319261098677,33.08165825349524,33.90043391680091,1222652
512,2009-11-10,33.128883361816406,34.010640924779956,32.90844450498608,34.010640924779956,2700520
513,2009-11-11,34.1838493347168,34.309813806539964,33.06590663862638,33.33358167516128,3211200
514,2009-11-12,33.49103927612305,34.6719663770315,33.239108189737806,34.6719663770315,7034805
515,2009-11-13,32.9871711730957,33.774454290769384,32.782476281115265,33.53826935546728,5050823
516,2009-11-16,33.050167083740234,33.648503782370106,32.78248985861068,33.38082655724055,6037955
517,2009-11-17,33.034420013427734,33.19187669753219,32.67227049424469,33.19187669753219,4578478
518,2009-11-18,32.89270782470703,33.31783956972157,32.76674120216568,33.06591059592459,3519599
519,2009-11-19,32.93995666503906,33.22338007322704,32.78249992792697,33.002938932755164,3934390
520,2009-11-20,33.63275909423828,33.75872359625271,32.97144011955474,33.09740462156917,4677765
521,2009-11-23,33.44380569458008,33.75871904278288,33.19187458888927,33.695736800270886,2821321
522,2009-11-24,32.70375442504883,33.53827597590225,32.60928000515037,33.53827597590225,5439086
523,2009-11-25,32.971435546875,33.01867169466864,32.68801225318474,32.75099663110001,1865683
524,2009-11-26,32.467567443847656,32.971429561851096,32.31011079892688,32.719498502849376,5780245
525,2009-11-27,32.16840744018555,32.59354133081105,31.61730905970807,32.404592460390184,7226035
526,2009-11-30,31.42836570739746,32.67227540739193,29.932526983465994,32.43609034571854,34539390
527,2009-12-01,32.278621673583984,32.562042788282234,31.491338426486085,32.121165024164405,9492411
528,2009-12-02,32.45182418823242,32.65651912590343,32.05818254152965,32.31011362254795,4964876
529,2009-12-03,32.467567443847656,32.68800631960825,32.388839121387264,32.499059627088776,3578736
530,2009-12-04,32.672271728515625,32.87696457132697,32.19990165835741,32.278630003383775,3567645
531,2009-12-07,32.593544006347656,32.813982949505444,32.56205181347808,32.735254602974585,4545289
532,2009-12-08,32.971435546875,33.144638314856365,32.499065526367374,32.68801225318474,4206166
533,2009-12-09,32.75098419189453,33.19186185599404,32.68799983790145,32.939930846947746,3096689
534,2009-12-10,33.22336196899414,33.443800853699734,32.75099201506394,32.75099201506394,3347394
535,2009-12-11,33.11314392089844,33.61700609681157,32.987179444741486,33.38082110228529,2530102
536,2009-12-14,33.050167083740234,33.30209821286633,32.924200451355674,33.06591317974368,1458861
537,2009-12-15,33.050167083740234,33.22336986849212,32.81398205061758,33.113149332111,2359025
538,2009-12-16,32.92420196533203,33.12889695150344,32.60928857335428,32.908458004247635,3602393
539,2009-12-17,32.955684661865234,33.34932628840074,32.861210244368216,33.34932628840074,1264927
540,2009-12-18,32.92420196533203,33.144643048230954,32.62503467008179,32.92420196533203,1671508
541,2009-12-21,32.92420196533203,33.03442250678149,32.68801692134871,32.766745269343154,1309866
542,2009-12-22,33.53828430175781,33.82170549616975,32.76674479408837,32.95569368079172,3246132
543,2009-12-23,34.49876022338867,34.78218133287721,33.6327486674996,33.69573089898122,9531688
544,2009-12-24,34.2625846862793,35.0341220395332,34.026399651468324,34.483023624974265,3529789
545,2009-12-29,34.54600524902344,35.065613597596176,34.3885485619971,34.56175134485468,3582130
546,2009-12-30,34.27832794189453,34.797934121163884,34.18385350867023,34.48302076751146,1887030
547,2009-12-31,34.68771743774414,35.553729256272774,34.40429624230109,34.54600684002261,8785123
548,2010-01-04,35.39627456665039,35.63245962144355,34.67197544046594,34.7034654997191,4353415
549,2010-01-05,35.50647735595703,36.02608336238391,35.349020731507416,35.58520566818184,4374738
550,2010-01-06,35.75841522216797,36.02609025354861,35.58521247501429,35.774161314753314,5549959
551,2010-01-07,36.073333740234375,36.29377481002615,35.49074528110138,35.868640901876866,4535147
552,2010-01-08,36.16781234741211,36.46697750604267,35.915879071880546,36.246540695149555,3809958
553,2010-01-11,36.341766357421875,36.76875915760674,36.246880975141735,36.68968657571925,3041300
554,2010-01-12,35.819881439208984,36.53153454237361,35.67755124757219,36.12035890986302,2569224
555,2010-01-13,36.35758590698242,36.531543882916466,35.3612700208212,35.819890597793254,3322262
556,2010-01-14,37.11667251586914,37.48040546733275,36.38920232298058,36.53153466005654,6747297
557,2010-01-15,37.52783966064453,38.41345478774678,37.11666411982016,37.432954317365166,11273753
558,2010-01-18,37.19575119018555,37.95484710264761,37.0376060296742,37.559484201369244,4085821
559,2010-01-19,36.76875305175781,37.606921422585856,36.57897802874961,37.16411589554099,4992784
560,2010-01-20,36.974334716796875,37.30644202426013,36.65804449442846,36.76874693024954,3697700
561,2010-01-21,35.946414947509766,37.148321150675606,35.756641977258646,36.84784352739327,3555527
562,2010-01-22,36.15198516845703,36.357577278448346,34.7128661382862,34.791938706756284,4943166
563,2010-01-25,36.46828079223633,37.00597605269733,35.44033939630697,36.15199047195621,2912852
564,2010-01-27,35.8357048034668,37.13249392034075,35.48778456882825,36.46828334329668,8252922
565,2010-01-28,36.025474548339844,37.306452896214765,34.254250073889565,36.658055177425155,11600411
566,2010-01-29,35.64591598510742,35.962206205463964,35.124037979511264,35.709173600182666,3996285
567,2010-02-01,35.72499465942383,35.94639742260076,35.424519327613666,35.5035918962469,2078776
568,2010-02-02,35.96221160888672,36.53153452006691,35.5826637164268,35.86732409952657,3466800
569,2010-02-03,35.72499465942383,36.13617244531281,35.58266446488014,36.05709987667957,2006355
570,2010-02-04,35.42452621459961,36.13617947065335,35.32963868479622,35.58267138261155,2254939
571,2010-02-05,33.9695930480957,35.108239224283636,33.843077759622076,34.98172393581001,4391981
572,2010-02-08,34.3175048828125,34.45983508364399,33.77981182134864,34.3175048828125,1831316
573,2010-02-09,34.19099044799805,34.47565085650963,34.01703035613836,34.19099044799805,1113258
574,2010-02-10,33.93796157836914,34.36495223889918,33.858888995495306,34.31750954716731,1023345
575,2010-02-11,33.858882904052734,34.23843080456767,33.8272530186012,34.001213098623246,640478
576,2010-02-15,33.178863525390625,34.317509577782026,33.14723363422044,33.93796160864526,1575236
577,2010-02-16,33.76399230957031,34.00120999385355,33.14722461444947,33.21048437957607,1192982
578,2010-02-17,33.874698638916016,34.080286464216435,33.748181239132045,34.00121389371923,989784
579,2010-02-18,34.20680618286133,34.61798403209987,33.590040481494036,33.922145749916744,1713670
580,2010-02-19,33.89052200317383,34.20681238377337,33.6849341137767,34.20681238377337,1267093
581,2010-02-22,33.84307861328125,34.27007147636754,33.76400601974537,33.9695939049461,835164
582,2010-02-23,33.716548919677734,33.90632393316759,33.54258884814213,33.843066310331174,801182
583,2010-02-24,33.60586166381836,33.811449554103724,33.41608657664616,33.59004671572377,906081
584,2010-02-25,33.66911697387695,33.84307710087811,33.24212412987242,33.84307710087811,1650113
585,2010-02-26,34.01702880859375,34.44401940193594,33.526778442921675,33.84306872464808,1548385
586,2010-03-02,34.01702880859375,34.63379442896408,33.84306872464808,34.03284375167622,780476
587,2010-03-03,34.38077163696289,34.475659177696144,33.700746049192354,33.700746049192354,1578097
588,2010-03-04,34.41240310668945,34.633805948542765,34.254257913225445,34.475660755078756,1157814
589,2010-03-05,34.238441467285156,34.68124713162335,34.159368874011804,34.4756592471052,766252
590,2010-03-08,34.80775451660156,35.01334234175323,34.31750415087749,34.47564929175747,1998979
591,2010-03-09,34.41240310668945,34.91846643878539,34.317515561614755,34.791951142006766,1368556
592,2010-03-10,34.50727844238281,34.69705132040521,34.20680096513111,34.44401867139464,1572349
593,2010-03-11,33.779815673828125,34.85520191940019,33.55841073063884,34.475653958903045,4256779
594,2010-03-12,33.621665954589844,33.96958614465855,33.38444822817415,33.542593379117946,7813231
595,2010-03-15,33.09979248046875,33.6849304794387,32.95746225355155,33.6849304794387,2420100
596,2010-03-16,33.19467544555664,33.289562965437895,32.751867734437745,32.91001288591287,1690093
597,2010-03-17,33.63747787475586,33.7956251564635,33.24211503293849,33.24211503293849,2067076
598,2010-03-18,33.558406829833984,33.81143948908009,32.30906062197103,33.38444674254099,2257266
599,2010-03-19,34.22261428833008,34.55471949037864,33.40025875420798,33.526776145216324,3363560
600,2010-03-22,34.01702880859375,34.50727917426582,33.732366268051535,33.84306872464808,2178427
601,2010-03-23,34.143550872802734,34.444026271372785,33.7798178342676,34.08029323283765,1381649
602,2010-03-25,33.66911697387695,34.301697693894766,33.526786740869206,34.301697693894766,3128139
603,2010-03-26,33.76399230957031,34.00120999385355,33.47932980144211,33.7007325444437,2059990
604,2010-03-29,33.76399230957031,34.048652672718,33.55840236286986,33.9853950525719,1977720
605,2010-03-30,33.7481803894043,34.001213037620516,33.68492276359542,33.76399533210169,1369034
606,2010-03-31,33.89052200317383,34.03285439042876,33.305383941072115,33.84307930407647,1719363
607,2010-04-01,33.73236846923828,34.032845972470454,33.684925781875776,34.00121608424152,928358
608,2010-04-05,34.01702880859375,34.23843157680608,33.76399615421647,34.15935900637448,1444077
609,2010-04-06,33.90632247924805,34.15935510472416,33.811434976571945,34.15935510472416,2818200
610,2010-04-07,34.96589660644531,35.10822679182177,33.87469565858509,33.87469565858509,3932498
611,2010-04-08,35.155670166015625,35.70917812172547,34.20679938479874,35.42451774535265,4525961
612,2010-04-09,34.68124771118164,35.250570821259984,34.570547365737866,35.17149822666525,2218499
613,2010-04-12,34.30169677734375,34.95009242703295,34.190996441287346,34.50728679284488,854787
614,2010-04-13,34.08028793334961,34.538908433007435,33.96958547188907,34.00121535944375,1196945
615,2010-04-15,34.04865646362305,34.44401931478065,33.93795615228736,34.31750406040251,1834504
616,2010-04-16,34.127742767333984,34.22263031879203,33.874712156754676,33.9379698093995,3410045
617,2010-04-19,34.01702880859375,34.12772912020954,33.68492358378487,33.96958397934633,1997149
618,2010-04-20,34.143550872802734,34.4282134701174,33.70074310308476,34.00122064663599,2663183
619,2010-04-21,34.80775451660156,35.171487482633204,34.12772912382922,34.159359009997516,4408329
620,2010-04-22,34.36494445800781,35.313815237651006,34.03284140111718,34.69704965987905,3257926
621,2010-04-23,34.68124771118164,34.79195020160683,34.28588473820799,34.47565982322791,1225052
622,2010-04-26,34.918460845947266,35.218938381387005,34.69705803955571,34.79194556943241,1204934
623,2010-04-27,35.80406951904297,36.262690017465246,34.82357089224031,34.87101357846368,11718037
624,2010-04-28,36.341766357421875,38.112993049694055,34.190993846067016,35.5826704292944,8993805
625,2010-04-29,34.93427658081055,36.025477836586546,34.665431075898844,36.025477836586546,5294606
626,2010-04-30,34.80775451660156,35.26637499615734,34.72868194616158,35.26637499615734,1318467
627,2010-05-03,34.58635711669922,34.776130028222404,34.50728453398595,34.776130028222404,1557313
628,2010-05-04,34.00121307373047,34.77612381691878,33.89051061971184,34.60216373702409,1045708
629,2010-05-05,33.922149658203125,34.06447989107377,33.590044351517435,33.843077068277076,1404451
630,2010-05-06,33.76399230957031,34.00120999385355,33.33699961986827,33.68491974814256,1322298
631,2010-05-07,33.52677917480469,33.763996891277905,33.22630168462064,33.36863403048921,5243780
632,2010-05-10,34.19099044799805,34.364948394876876,33.59003759839014,33.62166534101318,1121466
633,2010-05-11,33.76399230957031,34.44401547985674,33.669104806860915,34.44401547985674,838559
634,2010-05-12,33.795623779296875,34.04865427176448,33.55840393889243,34.03284147472071,1266616
635,2010-05-13,34.27006912231445,34.349141710418735,33.68493111235025,34.00122146476739,1612426
636,2010-05-14,33.60586166381836,34.285885127052794,33.36864387734383,33.92215204578441,1711958
637,2010-05-17,32.78349685668945,33.49515002169868,32.59372182136132,33.21048961368733,1851642
638,2010-05-18,32.89419174194336,33.19466702452345,32.60952925451457,33.19466702452345,1361316
639,2010-05-19,32.483028411865234,32.89420631251892,32.29325333618468,32.89420631251892,2450689
640,2010-05-20,32.92582321166992,33.0839683409626,32.024397261690005,32.34068752027536,2116627
641,2010-05-21,32.68861389160156,32.957461538262294,31.73974287277237,31.992775573456385,1432024
642,2010-05-24,32.498844146728516,32.91001991236722,32.29325411892781,32.76768967464756,3809046
643,2010-05-25,31.913700103759766,32.340692881627945,31.64485248140114,32.26162030387317,2621138
644,2010-05-26,32.641170501708984,32.894203196990325,32.38813780642764,32.54628297285584,1674436
645,2010-05-27,32.0560302734375,33.05234603885312,31.692297274226352,33.05234603885312,4522469
646,2010-05-28,32.59372329711914,32.8625709185099,32.05603019931857,32.05603019931857,1223573
647,2010-05-31,32.672794342041016,32.783496803298945,32.309061360732116,32.65698154327346,3962642
648,2010-06-01,32.91002655029297,33.21050417883999,32.53047845815889,33.21050417883999,2173677
649,2010-06-02,33.02070999145508,33.09978255436103,32.577904497173975,33.02070999145508,1067731
650,2010-06-03,33.400264739990234,33.51096720883935,33.02071678890626,33.178861947273006,855327
651,2010-06-04,33.44770812988281,33.57422339311962,33.14723062597884,33.52678070565104,730766
652,2010-06-07,33.036529541015625,33.19467468888585,32.261618745447734,33.020714597232434,1110289
653,2010-06-08,32.59372329711914,33.21049111737077,32.46720803115934,33.036531017940334,1369731
654,2010-06-09,32.403961181640625,32.84676690483873,32.30907362810341,32.593734143733386,2036943
655,2010-06-10,32.24580001831055,32.799307970914,32.10346983092292,32.51464545115815,2079894
656,2010-06-11,32.07184600830078,32.577911375742794,32.00858837361578,32.41976621653979,1791437
657,2010-06-14,32.59372329711914,32.688610819079464,32.1667326657691,32.56209555311966,1700881
658,2010-06-15,32.672794342041016,32.7360541170346,32.419763821990045,32.60953671202827,1047592
659,2010-06-16,32.467201232910156,32.9574515395684,32.38812867199691,32.67278903329241,1289944
660,2010-06-17,32.530460357666016,32.688605486809095,32.34068748968267,32.4672027350049,662067
661,2010-06-18,32.530460357666016,32.86256555786261,32.22998504129028,32.451387793094476,1111519
662,2010-06-21,32.70442199707031,32.81512445077148,32.530461917674494,32.64116437137566,1131800
663,2010-06-22,32.45138931274414,32.81512441379475,32.29324417619536,32.736051845520365,1139377
664,2010-06-23,32.35651397705078,32.53047412170896,32.22999867819838,32.26162857540223,1355354
665,2010-06-24,32.08766174316406,32.5146523965354,31.94533152537362,32.29324959719681,2329371
666,2010-06-25,32.0560302734375,32.32487789544988,31.913700062658396,31.97695769578456,1672844
667,2010-06-28,32.6569938659668,32.81513907316312,32.07185574134775,32.07185574134775,2401306
668,2010-06-29,32.43557357788086,33.13141387768472,32.29324338745939,32.81512361231229,1542276
669,2010-06-30,32.92582321166992,33.05234060209242,32.13509756520652,32.26161495562902,2708253
670,2010-07-01,32.6569938659668,32.91002448149559,32.41977605517231,32.79932412344716,1450319
671,2010-07-02,32.751861572265625,32.9732664586588,32.60953139171322,32.76767651343378,1534161
672,2010-07-05,32.29324722290039,32.862570197184894,31.62903887371922,32.57790978253309,1409644
673,2010-07-06,32.27743911743164,32.40395655240082,32.198366524943914,32.293254064925456,765539
674,2010-07-07,32.483028411865234,33.1472368867846,32.43558357045444,32.57791594970551,4099698
675,2010-07-08,32.261619567871094,32.894200175477906,32.21417473531204,32.894200175477906,2147848
676,2010-07-09,32.24580001831055,32.483017712283456,32.15091251172526,32.41976008955346,2076435
677,2010-07-12,31.929515838623047,32.41976626183349,31.850443258911074,32.309063792244324,4188571
678,2010-07-13,31.945323944091797,32.08765412810437,31.708106255744003,31.882064177881283,3777184
679,2010-07-14,31.850439071655273,32.261616861097764,31.77136650233867,32.229986975378836,2928502
680,2010-07-15,31.866262435913086,32.1509229026887,31.803002647757356,32.10348020655319,3552196
681,2010-07-16,31.7397403717041,32.0876605758514,31.629040048552483,32.0876605758514,1309829
682,2010-07-19,31.644859313964844,32.0718521840267,31.344383882616068,31.344383882616068,3056097
683,2010-07-20,31.58159637451172,31.834629064552107,31.534153683558362,31.787186373598747,2241425
684,2010-07-21,31.597408294677734,31.739738498892134,31.502520776874515,31.739738498892134,1373142
685,2010-07-22,32.08766174316406,32.483024650904774,31.629041199181053,31.850443998519637,5819774
686,2010-07-23,31.945323944091797,32.38812943768213,31.818806556651314,32.38812943768213,1826820
687,2010-07-26,31.945323944091797,32.08765412810437,31.629033692961404,31.945323944091797,1879489
688,2010-07-27,31.992782592773438,32.198370500633935,31.676492183768595,31.676492183768595,2785906
689,2010-07-28,32.0244026184082,32.45139325193276,31.8662574626626,32.103475196281,3199899
690,2010-07-29,31.7397403717041,32.245805733194544,31.54996746988091,31.692297682493546,2312762
691,2010-07-30,31.755552291870117,32.00858494851519,31.67647972072983,31.78718217831854,1285466
692,2010-08-02,31.802995681762695,32.07184328759342,31.72392310886905,31.945328028955913,778568
693,2010-08-03,31.597408294677734,31.882068703106537,31.534150664469205,31.882068703106537,1708893
694,2010-08-04,31.676485061645508,31.787187537899566,31.20204955481006,31.787187537899566,1886451
695,2010-08-05,31.249488830566406,31.8820694371783,31.15460131057844,31.486706558045864,1508701
696,2010-08-06,31.486705780029297,32.02440099834802,31.312745688513292,31.391818262385947,3922176
697,2010-08-09,32.30906295776367,32.388135535433356,31.818812547215455,31.86625738080583,3155186
698,2010-08-10,32.103485107421875,32.56210577167548,31.96115270732453,32.56210577167548,2033594
699,2010-08-11,31.676485061645508,32.13510562259022,31.629042368954416,31.945332706844713,1383082
700,2010-08-12,31.549964904785156,31.692295105825966,31.470890187561594,31.502520074451017,746648
701,2010-08-13,32.22998809814453,32.324875613626105,31.518334949503895,31.739737722307044,2838836
702,2010-08-16,33.30537414550781,34.00121449415581,32.38813316953478,32.38813316953478,10437835
703,2010-08-17,33.21048355102539,33.937951527007556,33.0839661689091,33.66910396686835,4272775
704,2010-08-18,32.878387451171875,33.60585562803303,32.46720959946939,33.41608057494541,2042150
705,2010-08-19,33.0048942565918,33.526774446215796,32.62534639276193,33.526774446215796,2150678
706,2010-08-20,32.641170501708984,33.242121276143706,32.57791286413392,33.052348363418524,1350531
707,2010-08-23,33.0048942565918,33.1788543197998,32.35649882735134,32.799306455969926,1558660
708,2010-08-24,32.59372329711914,33.194676172880555,32.43557814217892,33.194676172880555,1419761
709,2010-08-25,32.59372329711914,32.89420080749032,32.372320509199014,32.41976534266965,1708531
710,2010-08-26,33.35282516479492,33.59004292449525,32.57791424543675,32.86257469908467,6819779
711,2010-08-27,33.0048942565918,33.68491956822662,32.799306455969926,33.495144563821434,3318728
712,2010-08-30,34.39657974243164,34.63379747458686,33.210491081655505,33.337006347479246,12599675
713,2010-08-31,34.41240310668945,35.02916893220277,34.001225174686745,34.444030858393376,7251681
714,2010-09-01,34.22261428833008,34.697049678404994,33.93795391227737,34.41238930235228,4105554
715,2010-09-02,34.032840728759766,34.50727610920835,33.85888066026583,34.50727610920835,2077611
716,2010-09-03,34.15935516357422,34.50727529232584,34.09609754334134,34.28587040403998,2025354
717,2010-09-06,34.1751708984375,34.41238858855448,33.84306570327762,33.84306570327762,1657041
718,2010-09-07,34.063446044921875,34.638087415808734,33.91978624345479,34.638087415808734,2364772
719,2010-09-08,33.999595642089844,34.19114347700996,33.76016193094888,34.06344419872376,2119627
720,2010-09-09,33.361114501953125,34.15922708190235,33.24937787475266,34.127301712696806,4325702
721,2010-09-13,33.69631576538086,33.99960023918125,33.472844704437414,33.77612701321914,2223035
722,2010-09-14,33.53668212890625,33.951700912800874,33.37705968625585,33.552644806174875,2096762
723,2010-09-15,34.111324310302734,34.254984070587895,33.53668093912638,33.53668093912638,3700295
724,2010-09-16,33.72822952270508,34.44653050604101,33.61649294817899,34.12728562455837,1645185
725,2010-09-17,33.60053634643555,33.98362981579425,33.52072511677673,33.919781265070824,3999245
726,2010-09-20,33.72822952270508,33.91977731760182,33.64841830233441,33.7761153889203,1658444
727,2010-09-21,33.72822952270508,34.1592109787138,33.61649294817899,34.015549050032284,4168036
728,2010-09-22,33.79207992553711,34.095364311649334,33.616494798055825,33.7601567346429,2530696
729,2010-09-23,33.53668212890625,33.919777723281555,33.42494771806173,33.71226724882528,1296047
730,2010-09-24,33.69631576538086,33.77612701321914,33.34514757390363,33.5366932697043,2212027
731,2010-09-27,33.79207992553711,34.19113821436803,33.616494798055825,34.19113821436803,1731020
732,2010-09-28,34.127288818359375,34.207100046199166,33.712270000588845,33.83996926414338,3076594
733,2010-09-29,34.685970306396484,35.26061162777746,34.19114238453066,34.19114238453066,11684464
734,2010-09-30,33.999595642089844,35.05310440411374,33.88785904421672,34.733859455925796,5236368
735,2010-10-01,34.638084411621094,34.87751811497281,34.12729164513012,34.12729164513012,3875195
736,2010-10-04,35.021175384521484,35.2765717493935,34.43057359108672,34.87751560584914,4550532
737,2010-10-05,35.723506927490234,35.94698005712191,34.98924549590404,35.02116868226734,10282420
738,2010-10-06,35.67562484741211,36.28218926781161,35.42022850434255,35.91505851309896,5975746
739,2010-10-07,34.87751388549805,35.88313445161982,34.60615485526555,35.67562613321946,5825104
740,2010-10-08,34.95732498168945,35.34041842618302,34.68596595245508,34.95732498168945,2872678
741,2010-10-11,35.085025787353516,35.675629776996686,34.957328680682785,35.62774390324973,2923343
742,2010-10-12,34.94135284423828,35.16482377927518,34.54229682988044,35.11693792355921,1328063
743,2010-10-13,35.06906509399414,35.43619589756445,34.89347994945337,35.053102414487114,2785869
744,2010-10-14,34.14325714111328,35.37235111903339,33.83997485819046,35.24465183436904,6206210
745,2010-10-15,34.07939529418945,34.622111088614524,33.744187779538855,34.15920650410543,3825540
746,2010-10-18,34.07939529418945,34.70192229853049,33.77611096449467,34.6061484136278,2661071
747,2010-10-19,33.63245391845703,34.31883167782274,33.456868809548695,34.22305778523476,2506333
748,2010-10-20,33.28129196166992,33.919781809182574,33.12166949979176,33.77611986147767,1611212
749,2010-10-21,33.7122688293457,34.15921298873151,33.58457173524578,33.935739826529584,5077785
750,2010-10-22,34.127288818359375,34.73385544895265,33.74419535773201,34.14325149693096,7613777
751,2010-10-25,33.121665954589844,34.446531380363375,32.993966699744774,34.19113720070917,4373958
752,2010-10-26,32.626834869384766,33.32917317036452,32.499135618740695,33.201476084738346,3559839
753,2010-10-27,32.51511001586914,32.96205430669898,32.435298767330096,32.834355010025305,4326267
754,2010-10-28,31.908538818359375,32.786462371396375,31.66910512207656,32.786462371396375,12789477
755,2010-10-29,32.05219650268555,32.56298922062299,31.924499405710232,31.956422597445016,2557085
756,2010-11-01,32.13200759887695,32.46721518334656,32.020271015714385,32.17989346879343,3644082
757,2010-11-02,31.95642852783203,32.068165132184774,31.301975913091304,31.92450533017303,8722079
758,2010-11-03,32.06816101074219,32.11604688358558,31.621216815791563,31.924501227193783,5792586
759,2010-11-04,32.40336608886719,33.31321275706883,31.92449873770273,32.17989292630934,7578044
760,2010-11-08,31.397743225097656,31.73295080255717,30.743290748156333,31.04657296966045,23828591
761,2010-11-09,33.13763427734375,33.52072996715373,31.41371233327275,31.509486255725243,37552410
762,2010-11-10,32.56299591064453,33.60054207304016,32.451259304071435,33.201485856734145,23142609
763,2010-11-11,32.32356643676758,33.105716290706,32.179904447967225,32.56300019807641,9305659
764,2010-11-12,31.78082847595215,32.547017336137436,31.605243393512765,32.19584717125866,8655373
765,2010-11-15,32.307594299316406,32.81838487496553,31.92450082632502,31.92450082632502,6781511
766,2010-11-16,31.972387313842773,32.48318006433976,31.892576081891256,32.48318006433976,5839719
767,2010-11-18,32.371429443359375,32.64278838039097,31.74890253695327,32.27565557352367,11698558
768,2010-11-19,32.53106689453125,32.962048425755725,32.020274129007305,32.084124848461514,13151040
769,2010-11-22,32.38740539550781,32.53106517665694,31.509481864574283,32.24374561435869,16159489
770,2010-11-23,31.42967414855957,32.05220137982104,30.966767230296384,31.63718250397392,29650997
771,2010-11-24,30.998685836791992,31.365816590219318,30.647515595673546,30.80713803890594,29495589
772,2010-11-25,30.823104858398438,31.046575875951373,29.78555883795716,30.32827478487664,297127250
773,2010-11-26,30.791175842285156,30.886947570971415,29.83344123527995,30.56770270196968,108003635
774,2010-11-29,29.96114158630371,30.64751726354924,29.68978255203377,30.567706037589616,47311917
775,2010-11-30,30.312313079833984,30.36019895135084,29.306690292816672,29.72170911769597,56380039
776,2010-12-01,30.91887855529785,31.046575660149564,30.13672891679011,30.200577469215965,49377032
777,2010-12-02,31.605255126953125,31.63718048652801,30.823105467551215,31.094464528882906,69791050
778,2010-12-03,31.860654830932617,32.036239996867984,31.046579727063914,31.60525842275558,70133580
779,2010-12-06,31.828731536865234,32.02027721865531,31.541409766652375,31.924505460269522,35990183
780,2010-12-07,31.589298248291016,31.764881251108648,31.317939155724357,31.589298248291016,22324627
781,2010-12-08,31.238117218017578,31.52543672882458,31.06253211029428,31.349853786119073,8690959
782,2010-12-09,30.519826889038086,31.365825204506965,30.32827903854547,31.222165399146775,19659317
783,2010-12-10,30.67943572998047,30.791172287237472,30.200568481766307,30.45596478048404,12656908
784,2010-12-13,31.25409698486328,31.365831449046773,30.631569594352772,30.67945548400013,10228525
785,2010-12-14,30.982730865478516,31.445635632982373,30.886956942714637,31.286013150048735,12502825
786,2010-12-15,30.85502815246582,31.062536476659933,30.727328890254135,30.966762571255693,7532899
787,2010-12-16,30.67943572998047,30.88694400486624,30.44000210587339,30.870983495273165,10117565
788,2010-12-20,30.599641799926758,30.998698065430972,30.48790517957806,30.567716432678903,12117884
789,2010-12-21,31.0146541595459,31.31793642388866,30.615597978826905,30.64752117427342,13693395
790,2010-12-22,31.270048141479492,31.381782564470058,31.014651772472508,31.094463002473557,11598882
791,2010-12-23,31.046573638916016,31.317932675332322,30.998687768968704,31.142347543828716,4611659
792,2010-12-24,31.206193923950195,31.286005144995965,30.80713781872134,30.80713781872134,4676656
793,2010-12-27,30.87099266052246,31.222160781126817,30.759256070092125,31.126386870046275,5508784
794,2010-12-28,30.695404052734375,30.950800398446614,30.615592830012925,30.80713846553362,6071879
795,2010-12-29,30.551738739013672,30.807132873348166,30.487888040412464,30.66347313153062,10314957
796,2010-12-30,30.839065551757812,31.14234778212025,30.21653841258899,30.55174599983931,31947999
797,2010-12-31,31.38177490234375,31.44562343775179,30.886944964150544,30.93483298946981,12208677
798,2011-01-03,31.38177490234375,31.525434648266256,31.238115156421244,31.429662927663017,5686478
799,2011-01-04,31.4137020111084,31.573324441073055,31.206191553143686,31.429664687108417,9878712
800,2011-01-05,31.317930221557617,31.55736388257059,31.19023313502453,31.41370411896639,6557909
801,2011-01-06,31.605255126953125,31.84469099372821,31.22216163714589,31.349860910427157,16916733
802,2011-01-07,31.238117218017578,31.892569620431072,31.014646246832378,31.60524794460628,15775814
803,2011-01-10,30.695404052734375,31.47755360240099,30.63155550756081,31.222157256688757,11747099
804,2011-01-11,30.66347312927246,31.286000120447724,30.39211632030765,30.902906753956607,8402847
805,2011-01-12,31.046573638916016,31.110424352203204,30.487895052779685,30.87099067243049,5356220
806,2011-01-13,30.88694953918457,31.110422693740453,30.791177804395435,31.0306114714042,5840003
807,2011-01-14,31.158313751220703,31.65314384513365,30.72733221280852,30.80714344843905,13619178
808,2011-01-17,31.206193923950195,31.286005144995965,30.53578096617648,30.80713781872134,10222664
809,2011-01-18,31.493518829345703,31.573330058527862,31.030614133092804,31.030614133092804,8525103
810,2011-01-19,31.25409698486328,31.605265227321503,31.09447446601346,31.238134299974504,8181638
811,2011-01-20,31.573335647583008,31.605258845895964,30.96676889941434,30.96676889941434,8113388
812,2011-01-21,31.5573673248291,31.605253196247894,31.254085087467743,31.36581950911764,7263505
813,2011-01-24,31.461593627929688,31.68506463774605,31.254085297032677,31.333896526611245,10580288
814,2011-01-25,31.4137020111084,31.74890954703773,31.301965444126033,31.605247628055327,5774233
815,2011-01-27,31.541399002075195,31.76486997040578,29.737666414456754,31.38177657255081,21308494
816,2011-01-28,30.823104858398438,31.541405949473166,30.392125502764543,31.445632037659554,12161301
817,2011-01-31,30.823104858398438,31.413708843733843,30.392125502764543,30.599633840845502,10372393
818,2011-02-01,30.53578758239746,31.158314808434508,30.487899540383285,30.966766970414614,5685819
819,2011-02-02,30.503870010375977,30.80715236050353,30.120776401529657,30.663492527813528,9759510
820,2011-02-03,31.493518829345703,31.589292737367927,30.344236263115338,30.487896042639594,8272335
821,2011-02-04,31.062541961669922,31.988353657366222,31.014656083021183,31.429674969711353,13585721
822,2011-02-07,31.22216033935547,31.44563135203596,30.807141507224156,31.07850055727645,10075695
823,2011-02-08,30.551738739013672,31.60524495568743,30.471927530779748,31.60524495568743,6969251
824,2011-02-09,30.6155948638916,31.030613682617584,30.248461915972484,30.966762968184263,15914271
825,2011-02-10,30.455976486206055,31.046578353656837,30.34423988600321,30.53578772491711,15041071
826,2011-02-11,30.937366485595703,31.290384832391105,30.728762657719802,30.969457875436078,16032113
827,2011-02-14,31.627355575561523,31.852003988857966,30.825038259199236,30.985501722471692,9448315
828,2011-02-15,31.69153594970703,31.85199938981049,31.386655848795403,31.611304229655303,6653191
829,2011-02-16,31.643402099609375,31.707587049110916,31.515032200606292,31.595263931589468,3070813
830,2011-02-17,31.643402099609375,31.75572739355582,31.53107680566293,31.643402099609375,2410838
831,2011-02-18,31.482934951782227,31.771768278936534,31.19410162462792,31.64339839496234,7982842
832,2011-02-21,31.755735397338867,31.771780006439425,31.14597278232587,31.14597278232587,9078739
833,2011-02-22,31.59526824951172,31.739684949732936,31.38666441459192,31.61131285676107,6311548
834,2011-02-23,31.96432113647461,32.17292489141372,31.611300736685,31.611300736685,28541975
835,2011-02-24,31.53107261657715,32.09269683526934,31.097822632682767,31.93223121819678,14267832
836,2011-02-25,31.835962295532227,32.044563946296066,30.95341316681176,31.627358468343168,31955636
837,2011-02-28,31.755735397338867,33.50478713832181,31.354576641314083,32.188985547990306,128195783
838,2011-03-01,31.93223762512207,32.12479466310427,31.45084720659172,31.93223762512207,22095525
839,2011-03-03,31.868053436279297,32.38153743227485,31.6273582212361,31.6273582212361,12055696
840,2011-03-04,31.771770477294922,32.0766527815724,31.659447365151802,31.868048985149656,5797710
841,2011-03-07,31.46689224243164,31.73968100169304,30.841085168365808,31.73968100169304,6845096
842,2011-03-08,31.434804916381836,31.73968510196117,30.71271923538722,31.450849523708143,8299919
843,2011-03-09,31.46689224243164,31.611308924689137,31.322475560174144,31.450845460753026,4984092
844,2011-03-10,31.579214096069336,31.7396775425172,31.226193643314115,31.45084203305617,4963678
845,2011-03-11,31.46689224243164,31.64340248804637,31.290381996816915,31.290381996816915,6148250
846,2011-03-14,31.707590103149414,31.803868624887656,31.338524975648877,31.338524975648877,4743614
847,2011-03-15,31.37061309814453,31.531076558854863,31.145964688435065,31.40270666085659,7316083
848,2011-03-16,31.643402099609375,31.771771998612458,31.45084507467976,31.46689185616139,3548194
849,2011-03-17,31.563175201416016,31.627360160745223,31.38666493094169,31.38666493094169,4312518
850,2011-03-18,31.434804916381836,31.771776493039084,31.322479606545887,31.611313008373614,7614611
851,2011-03-21,31.258289337158203,31.48293774223687,31.21014899408246,31.38665923251032,3473055
852,2011-03-22,31.24223518371582,31.41874538049151,31.06572498694013,31.41874538049151,3536038
853,2011-03-23,31.274337768554688,31.56317113655137,31.162012471875393,31.24224420481059,5655111
854,2011-03-24,31.434804916381836,31.515036658714575,31.178062905632025,31.450849523708143,7807585
855,2011-03-25,31.498985290527344,31.579217021182966,31.306428266383854,31.515032071943466,8602591
856,2011-03-28,31.803861618041992,31.900140118568707,31.418749792359858,31.466887954410854,11509824
857,2011-03-29,32.028507232666016,32.205017438967545,31.69153359816755,31.803858868475217,8985339
858,2011-03-30,32.413631439208984,32.52595456856898,32.044564131932724,32.09270448145148,4832583
859,2011-03-31,32.70246124267578,33.00734138381049,32.18897729603048,32.41362788295341,15647437
860,2011-04-01,33.649192810058594,33.857796600573856,32.5259486618874,32.5259486618874,22114974
861,2011-04-04,33.98617172241211,34.419423973981516,33.440596344586865,33.440596344586865,10060811
862,2011-04-05,33.761531829833984,34.09850564665322,33.424558013014746,33.85781037412887,7752278
863,2011-04-06,33.71338653564453,34.307102324886785,33.58501661298829,33.69734192763155,5371783
864,2011-04-07,33.68128967285156,34.24291180200129,33.504779425548065,33.7133810600908,5888794
865,2011-04-08,33.66524124145508,33.84175148010974,33.24803581638722,33.71337940816774,3282029
866,2011-04-11,33.45664596557617,33.68129441357084,33.248042125246926,33.39245882921311,2761151
867,2011-04-13,33.777565002441406,33.954073056676435,33.07152407980194,33.08757086012099,5725109
868,2011-04-15,33.71338653564453,33.921990380492666,33.58501661298829,33.71338653564453,2726721
869,2011-04-18,33.44059371948242,34.06640078540358,33.328268425619015,33.697335693723794,3846832
870,2011-04-19,33.199893951416016,33.61709933000983,33.05547729094019,33.61709933000983,2130742
871,2011-04-20,33.45664596557617,33.61710945363313,33.08757863718997,33.61710945363313,3816903
872,2011-04-21,33.56896209716797,33.697334166683795,33.31222013456121,33.45663898481963,3804886
873,2011-04-25,33.55292510986328,33.82571393283432,33.37641699945023,33.37641699945023,1583736
874,2011-04-26,33.472686767578125,33.745475536830476,33.087574875311645,33.69733736645658,4390914
875,2011-04-27,33.488731384277344,33.697335187399986,33.29617653880832,33.536871727963316,2846797
876,2011-04-28,33.392459869384766,33.53687875427493,33.26408994551063,33.424553438566,5158203
877,2011-04-29,33.55292510986328,33.85780750368698,33.26409167789144,33.39246160845103,3615042
878,2011-05-02,34.14662170410156,34.274993738786875,33.37639820168691,33.37639820168691,5731198
879,2011-05-03,33.37641143798828,34.17872881136058,33.24803935239361,34.01826533668612,3804669
880,2011-05-04,33.472686767578125,33.568965284751016,32.911064623232186,33.264085127391105,4044546
881,2011-05-05,32.68642044067383,33.47269110946364,32.34944667507094,33.376414756227426,5204752
882,2011-05-06,33.08757019042969,33.26408041751699,32.702458352691345,32.7666432962436,2973311
883,2011-05-09,32.95920181274414,33.312220106660995,32.89501686625243,33.10361848645671,3424009
884,2011-05-10,32.84687423706055,33.280126404457434,32.73455113262692,32.9110591790833,1276536
885,2011-05-11,33.424556732177734,33.53688205895505,32.78270269670879,32.78270269670879,5173641
886,2011-05-12,32.5419921875,33.42454107279607,32.477807249308846,33.42454107279607,2199955
887,2011-05-13,32.52594757080078,32.959199741131826,32.42966906890225,32.509900791080234,3389298
888,2011-05-16,32.670372009277344,32.798744101162825,32.509908526739444,32.60618705154724,2643860
889,2011-05-17,32.57408905029297,32.8950159502397,32.525948709446055,32.670365379137124,2042475
890,2011-05-18,32.52594757080078,33.02338468358926,32.4457158486228,32.67036423543621,3314783
891,2011-05-19,31.723636627197266,32.71851104966203,31.563173151085216,32.54200079065374,2532955
892,2011-05-20,32.413631439208984,32.606186308008354,31.563173695296463,31.659452217908758,1959647
893,2011-05-23,31.96432113647461,32.188969492511426,31.771764159057646,32.188969492511426,1694918
894,2011-05-24,31.707590103149414,32.542001056313936,31.579220191781886,32.07665740707515,9876185
895,2011-05-25,31.145965576171875,31.916191515389784,30.953410723686176,31.77177265549421,5753045
896,2011-05-26,30.66457176208496,31.418750835419768,30.488061534663537,31.290378771647465,4935316
897,2011-05-27,31.338523864746094,31.434802383071414,30.71271676026921,30.71271676026921,4500032
898,2011-05-30,31.771770477294922,31.852002204436385,31.17805700230301,31.45084356872906,8167114
899,2011-05-31,32.42967224121094,32.54199753381782,31.771771619709867,31.835958744870922,7467651
900,2011-06-01,32.30130386352539,32.49386089521849,32.04456188007628,32.26921029943485,1794961
901,2011-06-02,31.85200309753418,32.477812327924575,31.771771368143096,32.09270046213238,4461069
902,2011-06-03,32.413631439208984,32.70246483062065,31.852007086708127,31.852007086708127,5649415
903,2011-06-06,32.57408905029297,32.65432077527965,31.996420195103877,32.34943847919039,4910297
904,2011-06-07,32.55805206298828,32.63828381210748,32.36549499453201,32.46177352876015,6516069
905,2011-06-08,32.52594757080078,32.57408790996243,32.20502068208883,32.26920562454627,14162904
906,2011-06-09,32.57408905029297,32.686412159419426,32.381532039754994,32.4136256003196,6989160
907,2011-06-10,32.477821350097656,32.67037624827205,32.253172880681426,32.57409988739764,7661567
908,2011-06-13,32.911067962646484,33.05548684127224,32.26921401826647,32.413632896892224,2849421
909,2011-06-14,33.28013229370117,33.376410811985096,32.782695096255175,32.782695096255175,4458752
910,2011-06-15,32.670372009277344,33.32827272296779,32.525955310278285,33.29618133231537,2533103
911,2011-06-16,32.734554290771484,32.895017749521834,32.36548702979071,32.606182217916235,2472762
912,2011-06-17,32.95920181274414,33.05548032069415,32.590134561673246,32.6061813424024,2524363
913,2011-06-20,32.718502044677734,33.28012405649689,31.787812833522672,32.75059342521265,6194464
914,2011-06-21,32.52594757080078,32.878968018953834,32.221067461809376,32.67036423543621,5126564
915,2011-06-22,32.830833435058594,32.862927000125715,32.429674753845276,32.5259532726215,2408781
916,2011-06-23,32.814788818359375,32.99129689689616,32.67036995202908,32.75060168824585,3746535
917,2011-06-24,33.26408767700195,33.42455115911421,32.670371922616496,32.73455905660161,5675164
918,2011-06-27,34.7724494934082,35.093376488490215,32.81479395283773,32.81479395283773,29869389
919,2011-06-28,35.01313400268555,35.26987377887964,34.69220710601812,35.10941033054593,13872282
920,2011-06-29,35.334075927734375,35.46244587043006,34.948961746795845,35.07733386591727,13356359
921,2011-06-30,35.141502380371094,35.78335614611853,34.67615883548915,35.301965821807954,30432762
922,2011-07-01,35.382205963134766,35.542669442760314,35.10941717720124,35.301974223321984,23953730
923,2011-07-04,35.44638442993164,35.751264550115586,35.20568925456144,35.41429304573718,5307022
924,2011-07-05,35.173606872558594,35.41430210953136,34.66012282977987,35.30197679504058,10665833
925,2011-07-06,34.99708938598633,35.20569101114538,34.83662592773323,35.06127433400258,3270036
926,2011-07-07,35.285919189453125,35.39824446949699,34.804528863136085,35.141502526842956,5856910
927,2011-07-08,35.045230865478516,35.54266806836746,34.932907739939175,35.06127764810561,12625687
928,2011-07-11,34.660118103027344,34.91686008940368,34.11454056581823,34.83662835468764,2848918
929,2011-07-12,34.72429656982422,34.981038508247124,34.19476591374735,34.56383313036299,2954427
930,2011-07-13,35.36615753173828,35.71917804103297,34.72430364314803,34.7563972081476,3819442
931,2011-07-14,35.01313400268555,35.3982458434015,34.756392050066644,35.141503890782595,10479376
932,2011-07-15,35.382205963134766,36.00801309838936,34.772445611127765,34.772445611127765,8242815
933,2011-07-18,35.09336471557617,35.590799649936386,34.99708621406541,35.44638298588262,2085379
934,2011-07-19,35.25383377075195,35.41429724000312,34.85267509762404,34.88476648561921,2972184
935,2011-07-20,35.029170989990234,35.44637630022994,34.932894683063196,35.189634403434404,4177419
936,2011-07-21,34.660118103027344,35.14150851132355,34.38732933442279,34.981045041891484,3008285
937,2011-07-22,35.157554626464844,35.35010948027469,34.45151580964529,34.66011744537889,3369044
938,2011-07-25,34.82058334350586,35.14151029869301,34.43547143256633,35.10941673260421,7429567
939,2011-07-26,34.981048583984375,35.25383738021084,34.41942638410369,34.66012161262398,5770592
940,2011-07-27,34.387325286865234,35.029179089044156,34.17872367172702,34.868715638499424,7214188
941,2011-07-28,33.87385559082031,34.3392015338375,33.2640950934144,34.05036589578279,13905358
942,2011-07-29,33.72943115234375,34.54779534185211,32.84688200563234,33.376412799514334,9768024
943,2011-08-01,34.48360824584961,34.88476692401892,33.72942906032125,33.72942906032125,4672455
944,2011-08-02,34.644065856933594,34.756391138390775,34.2589540263193,34.467555633111495,3239197
945,2011-08-03,33.58500671386719,34.54778737928729,33.087569601448514,34.194766931396686,12800281
946,2011-08-04,33.5368766784668,34.30710052688843,33.312226060953975,33.889895035482844,6939466
947,2011-08-05,32.830833435058594,33.2801324638726,32.14084137394174,32.25316667525152,12075758
948,2011-08-08,32.87897491455078,33.32827178240714,31.57922030738925,31.627358480221996,13716718
949,2011-08-09,32.70246124267578,33.28013013854549,31.771771861434303,31.771771861434303,7228990
950,2011-08-10,33.23198699951172,33.504775731305294,32.75059665617586,32.91106010395448,5126905
951,2011-08-11,33.055477142333984,33.456635739865966,32.83082658657633,32.84687336576255,6299073
952,2011-08-12,33.2480354309082,33.56896234240495,33.0554805898651,33.29617577348766,6421148
953,2011-08-16,33.2480354309082,33.66524085113896,33.087571975159825,33.39245210579676,4242848
954,2011-08-17,33.10362243652344,33.6010596399341,32.959205745578444,32.959205745578444,7430913
955,2011-08-18,32.94315719604492,33.328269076718,32.622230266079846,33.215945957085246,5110388
956,2011-08-19,32.42967224121094,32.91106262136905,31.948281861052834,32.09270071624024,5245806
957,2011-08-22,33.11967086791992,33.24804078261146,32.012473280323306,32.41363198426594,3059716
958,2011-08-23,32.477821350097656,33.504787336304425,32.41363638403953,33.16781354396729,2837432
959,2011-08-24,32.750606536865234,32.975257172671085,32.18898430020152,32.862931854768156,6888368
960,2011-08-25,31.99642562866211,32.89502153639539,31.771775019409883,32.75060266575462,13758009
961,2011-08-26,31.274337768554688,32.092701879778694,31.001549006005,31.996423364971452,9286925
962,2011-08-29,32.076656341552734,32.1408412951044,31.12992011507141,31.194107245048208,6345123
963,2011-08-30,32.15687942504883,32.44571272652664,31.851997168970033,32.41362134659829,3821904
964,2011-09-02,31.884092330932617,33.69733047484128,31.563165456940784,33.119661666371044,8166250
965,2011-09-05,31.178056716918945,31.932233639290533,31.033640044671184,31.819910528175548,7422597
966,2011-09-06,30.999242782592773,31.503163671309743,30.64162093775026,31.503163671309743,14848826
967,2011-09-07,31.47065544128418,31.779509504113204,31.080523877458397,31.113035759774426,11526455
968,2011-09-08,31.27558708190918,31.795761704209156,30.99924272911731,31.73074015202079,7049237
969,2011-09-09,31.243078231811523,31.519422611389473,31.03175761551776,31.243078231811523,6782680
970,2011-09-12,30.67413902282715,31.113038448049423,30.397794613643715,30.901715604322824,5271294
971,2011-09-13,30.755422592163086,30.999255164276168,30.641633176592734,30.836700116200777,4033213
972,2011-09-14,30.869205474853516,30.999248603875092,30.414050113691026,30.901715154712168,4248247
973,2011-09-15,31.2105712890625,31.340616631416516,30.527841509680016,30.95048501394172,8283475
974,2011-09-16,32.397220611572266,32.59228750056025,31.129290242737053,31.34061307327294,6853575
975,2011-09-19,31.844539642333984,32.592293242123475,31.71449429183499,31.99083873245081,3721222
976,2011-09-20,32.120880126953125,32.47850206533591,31.77951413209567,31.77951413209567,4399666
977,2011-09-21,32.267173767089844,32.41347502934985,31.909554093814865,31.95831971137269,2182138
978,2011-09-22,31.291851043701172,32.00709496592065,31.113042267940084,31.990839021362248,3792171
979,2011-09-23,31.22681999206543,31.600697784251413,30.787922850968553,31.048009065784576,3612112
980,2011-09-26,30.966737747192383,31.35687155679493,30.73916116145326,31.226826218662897,1880644
981,2011-09-27,31.421890258789062,31.633210882396774,31.064268367521628,31.356868698047712,1273121
982,2011-09-28,31.649465560913086,31.730743059794996,31.178056508356654,31.47065462241423,4398260
983,2011-09-29,31.681974411010742,32.16963935764179,31.259331016305225,31.470651611261456,9460952
984,2011-09-30,32.0070915222168,32.218412164358305,31.53568020471206,31.53568020471206,6946805
985,2011-10-03,31.649465560913086,31.909553998293852,31.2755899479736,31.844532440146974,7517061
986,2011-10-04,31.161808013916016,31.877049734029324,31.08053049561237,31.470662142511102,2740436
987,2011-10-05,31.178056716918945,31.55193233235943,31.048011394962007,31.226822334657,3503641
988,2011-10-07,31.616954803466797,32.13713169672129,31.373122298152502,31.503167623862797,4435678
989,2011-10-10,31.87704086303711,31.99083023891353,31.405631829022127,31.405631829022127,8326437
990,2011-10-11,32.08836364746094,32.20215081844761,31.698229904668988,32.023339887133496,5044978
991,2011-10-12,32.21840286254883,32.44597938179587,31.893292919397943,32.41346971035653,4905765
992,2011-10-13,32.299678802490234,32.47848970362401,31.95831293756082,32.21840132059241,3531871
993,2011-10-14,32.15339279174805,32.52726847790604,32.039603389111946,32.10462495999242,5039179
994,2011-10-17,31.812021255493164,32.250920640986514,31.6332103130776,32.12087531705097,1605713
995,2011-10-18,31.9095516204834,32.088362545657766,31.535673830610982,31.535673830610982,2025955
996,2011-10-19,32.494754791259766,32.67356574274546,32.00708976254974,32.185898509242016,5145909
997,2011-10-20,32.18590545654297,32.47850585980259,32.08837419358366,32.218417347392005,2881549
998,2011-10-21,32.18590545654297,32.54352743670676,31.942072889556897,32.10462793421428,2127672
999,2011-10-24,32.754844665527344,32.91739968213456,32.54352182106186,32.59228964892013,3334756
1000,2011-10-25,33.77893829345703,34.05528268646939,32.70607480942364,32.77109637107555,7605862
1001,2011-10-28,34.13656234741211,35.11189244821891,33.56761978860814,34.29911736421324,8504582
1002,2011-10-31,34.087791442871094,34.33162394606547,33.61638237765396,34.13655926638596,4561310
1003,2011-11-01,33.69765853881836,34.18532352581637,33.48633792636985,33.89272541553486,2155435
1004,2011-11-02,33.51884078979492,33.79518510817638,33.291264283076956,33.48633112014537,2429706
1005,2011-11-03,33.843963623046875,33.990262704249886,33.50259763037743,33.648898916374065,2676760
1006,2011-11-04,33.7626838684082,34.13656172308908,33.61638479692155,34.13656172308908,2070811
1007,2011-11-08,33.7626838684082,33.811451695432744,33.61638479692155,33.7626838684082,923114
1008,2011-11-09,33.66514587402344,34.0227677380803,33.616380258376225,33.81144713055145,3342820
1009,2011-11-11,34.28286361694336,34.38039707422848,33.48634442456988,33.64889945178053,7747315
1010,2011-11-14,34.25034713745117,34.78677997820003,33.99025868782687,34.396646201366906,8136060
1011,2011-11-15,33.681396484375,34.34787228658417,33.56760933093962,33.827695512959245,2602442
1012,2011-11-16,33.876468658447266,34.25034425754984,33.38880368320399,33.38880368320399,5559879
1013,2011-11-17,33.53511428833008,34.25035605747656,33.421324872986666,33.6489037036735,4564324
1014,2011-11-18,32.81986618041992,33.64889720479241,31.974579213453165,33.486342188436765,6971425
1015,2011-11-21,32.202152252197266,32.83611851006393,31.99083163610389,32.34845130986139,5725408
1016,2011-11-22,31.828283309936523,32.3484580912103,31.568194816902768,32.3484580912103,5742603
1017,2011-11-23,30.90170669555664,31.763249355061312,30.609108632958296,31.64945999472147,4916261
1018,2011-11-24,30.982995986938477,31.37312762066933,30.771675328399102,31.17806290620076,10127464
1019,2011-11-25,31.340618133544922,31.60070662592514,30.820441148784486,31.09678558533729,7728058
1020,2011-11-28,31.568185806274414,31.779506406349814,31.27558771312492,31.568185806274414,5436096
1021,2011-11-29,30.950481414794922,31.79576612022886,30.885457648782534,31.66572299779083,5379923
1022,2011-11-30,32.21840286254883,32.47849125802812,30.982984637616877,31.031752451965254,13613461
1023,2011-12-01,32.51100158691406,33.16122144226892,32.34844441828254,32.51100158691406,4222484
1024,2011-12-02,33.61638259887695,33.811449484633485,32.47849757648166,32.52726319552412,5707744
1025,2011-12-05,33.372554779052734,33.632643261642606,33.11246629646286,33.226255696593945,2957969
1026,2011-12-07,33.53511428833008,33.99026754011585,33.11247072321818,33.17749230135987,5975381
1027,2011-12-08,32.315940856933594,33.61638081345987,32.185895538405035,33.47008175930931,5809203
1028,2011-12-09,32.03960418701172,32.10462575951146,31.568195030396403,31.71449411971926,4296964
1029,2011-12-12,31.4056396484375,32.31594826771911,31.113041473036926,32.18590291936818,8160604
1030,2011-12-13,32.21840286254883,32.47849125802812,31.080518061520724,31.340606457000018,3981949
1031,2011-12-14,31.324356079101562,32.34845169989139,31.21056669688345,32.16964296325336,5776327
1032,2011-12-15,32.299678802490234,32.62478873008153,30.852940065667553,30.869196003005676,12973287
1033,2011-12-16,31.893301010131836,32.933652651173844,31.405635971694007,32.26717665768345,12589918
1034,2011-12-19,32.23466110229492,32.46223763779145,31.29184087696204,31.405630247106842,4820722
1035,2011-12-20,31.71448516845703,32.33219544484317,31.454396747073034,32.33219544484317,6670657
1036,2011-12-21,31.828283309936523,32.13713743081685,31.535682928475897,32.02334802611654,10259801
1037,2011-12-22,32.722328186035156,32.83611756360145,31.69823040231814,31.779507899210287,3456402
1038,2011-12-23,32.91740417480469,33.144980788156445,32.36471527907264,32.673571616614836,3249611
1039,2011-12-26,32.787349700927734,32.868627197716606,32.57602909119395,32.70607220413886,1273482
1040,2011-12-27,32.169647216796875,32.77109947503619,31.584448696915004,32.75484573667875,4187065
1041,2011-12-28,32.576019287109375,32.81985170409214,31.990821045392224,32.25090939779902,3375709
1042,2011-12-29,32.51100158691406,32.67355655075277,32.25091320381355,32.51100158691406,2924882
1043,2011-12-30,32.543521881103516,32.77109846381478,32.299689355742835,32.5110122005982,2087779
1044,2012-01-02,32.51100158691406,32.59227906883342,32.039590427947545,32.39721223030984,1861469
1045,2012-01-03,32.80360794067383,32.949907004190266,32.51100981364097,32.624796994245585,3372939
1046,2012-01-04,32.99867248535156,33.25875871100412,32.299684690728995,32.77109373071576,3739279
1047,2012-01-05,32.933650970458984,33.242507242875746,32.72233034650438,32.98241879469006,5389056
1048,2012-01-06,32.42974090576172,32.933659790891056,32.13714049638984,32.90115010415681,7340405
1049,2012-01-09,32.966156005859375,33.09619910054421,32.218402699439345,32.218402699439345,2368495
1050,2012-01-10,33.35629653930664,33.58387311910921,32.852375552376564,32.852375552376564,3215986
1051,2012-01-11,32.576019287109375,33.38879401038526,32.478485879357756,33.38879401038526,4377469
1052,2012-01-12,32.68980407714844,32.96614834512746,32.332184547472956,32.96614834512746,4082544
1053,2012-01-13,33.14496612548828,33.226243608929366,32.67355716248854,32.706066832989265,5766505
1054,2012-01-16,32.55976867675781,33.144967014182754,32.429725581682455,32.771089257453504,4899595
1055,2012-01-17,32.67356491088867,32.9173974190358,32.54351958366752,32.67356491088867,10428799
1056,2012-01-18,32.21840286254883,32.917390563198985,31.95831446706954,32.78734526306288,6295415
1057,2012-01-19,32.494754791259766,32.90114231518479,32.218410393073384,32.36470946072771,8276461
1058,2012-01-20,32.982418060302734,33.226250561648875,32.478497116562046,32.51100899865885,6881600
1059,2012-01-23,32.836124420166016,33.56762204494058,32.722335018839175,33.16123447562138,18551268
1060,2012-01-24,32.68980407714844,32.99866021363995,32.527249144170746,32.77108154363728,10219894
1061,2012-01-25,32.787349700927734,32.99867251545473,32.364706276666965,32.868627197716606,13171474
1062,2012-01-27,33.53511428833008,34.120312901193174,32.884894097325294,32.998683512668705,9816649
1063,2012-01-30,33.07994842529297,33.64889087552108,32.9173934395135,33.1612259181827,4243234
1064,2012-01-31,33.843963623046875,34.071540216561964,33.03118849992611,33.16123384250161,10322025
1065,2012-02-01,33.4700927734375,33.94150197184801,33.37255930364368,33.94150197184801,10757718
1066,2012-02-02,34.169071197509766,34.477925280967355,33.37255207550015,33.55136303059459,11556658
1067,2012-02-03,34.77052688598633,35.209426318492724,34.25034994411161,34.315371510647566,11926606
1068,2012-02-06,35.43699645996094,35.599551449138865,34.57545369444203,35.01435304713969,9084488
1069,2012-02-07,35.030616760253906,35.84339188649705,34.73801859672383,35.599559348624105,6079363
1070,2012-02-08,35.01436233520508,36.00594847318162,34.510441294122536,35.30696271621772,11508450
1071,2012-02-09,35.371978759765625,35.92466534223872,35.07937842448454,35.778366276994866,11499785
1072,2012-02-10,34.90058135986328,35.5182897108442,34.46168181246507,34.91683510215689,8590813
1073,2012-02-13,35.91598129272461,36.19440057890614,34.83506236349035,34.83506236349035,15608851
1074,2012-02-14,35.834083557128906,36.11250276583446,35.62117631848146,35.86683954215796,5735198
1075,2012-02-15,36.25990676879883,37.04603055857599,35.801336224106144,35.866845984584025,15930040
1076,2012-02-16,36.25990676879883,36.76761129986058,35.78495822864979,36.128887247843075,3862429
1077,2012-02-17,36.58745574951172,37.177048003585185,36.35817048996854,36.6857214954152,8544515
1078,2012-02-21,36.21077346801758,36.68572198802325,36.1125077207946,36.53832447786252,6934289
1079,2012-02-22,36.01424026489258,36.91500549922977,35.93235251631647,36.14526199542276,5872252
1080,2012-02-23,36.89862060546875,37.37357123547571,35.899592036729246,35.899592036729246,18016976
1081,2012-02-24,37.4390869140625,37.73388637220066,36.947762628772765,37.02965037987896,10958004
1082,2012-02-27,36.53832244873047,37.6683729256694,36.39092494675536,37.6683729256694,11266052
1083,2012-02-28,36.62021255493164,37.14429284252061,36.276283547276314,36.685722313211826,9416477
1084,2012-02-29,37.013267517089844,37.30806249375924,36.685716555747355,36.76760429608298,7991077
1085,2012-03-01,36.84950256347656,37.20980961242361,36.52195150856025,36.636595266320064,2777389
1086,2012-03-02,36.767608642578125,37.01327189262616,36.456435636786765,36.800364631123486,3172662
1087,2012-03-05,36.12887954711914,36.80035944692614,35.752194617302,36.65295974058414,3649302
1088,2012-03-06,36.374549865722656,36.620213129135955,35.89960133405977,36.12888660230935,4557989
1089,2012-03-07,35.57205581665039,36.128892188887484,34.98246344902082,36.030626424057914,15488701
1090,2012-03-09,36.07974624633789,36.27627771090663,35.73581951536327,35.73581951536327,3852720
1091,2012-03-12,36.30904006958008,36.63659108713219,35.981489052027975,36.35817183367389,5124092
1092,2012-03-13,36.47282409667969,36.73486319484329,36.03062923116958,36.47282409667969,9731037
1093,2012-03-14,36.88225173950195,37.14429075791661,36.538322751148534,36.76760800293503,4398722
1094,2012-03-15,36.145263671875,37.11153870562038,35.94873217763808,36.783987696123816,4513645
1095,2012-03-16,35.310001373291016,36.68571490474759,35.12984790839083,36.194388484845454,3682825
1096,2012-03-19,35.32638168334961,35.5229109314004,34.523880034430576,35.44102318937578,3294232
1097,2012-03-20,35.195369720458984,35.63756453851979,34.884196658768836,35.32639147682964,3413743
1098,2012-03-21,35.621177673339844,35.83408492008525,34.949697725481435,35.17898296536432,3430274
1099,2012-03-22,34.80229949951172,35.60479893293265,34.4911243004724,35.37551369786198,3948023
1100,2012-03-23,35.277252197265625,35.44102770216881,34.6221501776529,34.91694519793965,3647743
1101,2012-03-26,34.70404052734375,35.21174507480955,34.474755247589144,35.04796955764946,4778733
1102,2012-03-27,34.638526916503906,35.09709742506718,34.32735169139236,35.04796566391661,5834802
1103,2012-03-28,34.78593444824219,35.015219768614614,34.47476135478332,34.802312447129076,4875221
1104,2012-03-29,34.654903411865234,34.88419089227481,34.39286438513558,34.785925146577476,12199593
1105,2012-03-30,35.424644470214844,35.81770740094985,34.654898822430425,34.654898822430425,8544753
1106,2012-04-02,35.57205581665039,35.817719118050384,35.26088052446544,35.40828028238372,8676278
1107,2012-04-03,36.063385009765625,36.19440455805052,35.539302373930006,35.75220969522997,3566758
1108,2012-04-04,36.30904006958008,36.45643758320903,35.78495755295771,36.04699881126889,3850338
1109,2012-04-09,35.93235397338867,36.30903896492191,35.55567120320286,36.063375709231835,4475284
1110,2012-04-10,36.16163635253906,36.45643356868184,35.73582185368937,35.93235110977063,4598397
1111,2012-04-11,36.58745574951172,36.6857214954152,35.71944647361705,35.71944647361705,4023851
1112,2012-04-12,36.60382843017578,37.27530611678324,36.39092119608275,36.57107244584742,5102969
1113,2012-04-13,36.68572235107422,37.11153911235612,36.21077382636833,36.68572235107422,6602489
1114,2012-04-16,36.6365852355957,36.931380215769416,36.44005376791513,36.66933899931103,4350870
1115,2012-04-17,37.209800720214844,37.30806423612901,36.35816729241234,36.407299050369424,9477019
1116,2012-04-18,37.29168701171875,37.750257472612546,37.07877755238816,37.242553034328395,4441325
1117,2012-04-19,37.55373001098633,37.668373749110515,37.11153749539455,37.177047250888066,2496045
1118,2012-04-20,37.29168701171875,37.783013457539454,37.11153353731506,37.40633073761577,2778756
1119,2012-04-23,36.27628707885742,37.504603496243426,36.09613356003794,37.16067445510581,3854809
1120,2012-04-24,36.03061294555664,36.52193936455894,35.784949736055495,36.39091987469713,3169871
1121,2012-04-25,35.52292251586914,36.17802466570311,35.277259209681404,35.965117355546234,3380361
1122,2012-04-26,35.40827560424805,36.292662928173364,35.12985634424029,35.81771438581973,4377198
1123,2012-04-27,35.457401275634766,36.03061547132004,35.29362579115326,35.441023282917186,1965594
1124,2012-04-30,36.4400634765625,36.70210476283598,35.40827854971112,35.40827854971112,3199398
1125,2012-05-02,35.89959716796875,36.63658687268218,35.73582167803243,36.29265789954646,3811572
1126,2012-05-03,35.58842468261719,35.86684392534761,35.424649180151626,35.70306842288205,1452253
1127,2012-05-04,34.966068267822266,35.572038335353994,34.753158845097744,35.40826288157209,5666533
1128,2012-05-07,34.654903411865234,35.04796639465455,33.80327213229902,34.85143490325989,4565509
1129,2012-05-08,34.638526916503906,35.09709742506718,34.4092394408749,34.65490268932252,2959419
1130,2012-05-09,34.14720153808594,34.802303555403846,33.98342603375646,34.40924056793514,2412310
1131,2012-05-10,33.57399368286133,34.50751290295787,33.41021814726392,34.11445206179365,3946438
1132,2012-05-11,33.19731140136719,33.73777204695839,32.820628526452026,33.5739964976304,3389145
1133,2012-05-14,33.164554595947266,33.34470590667941,32.82062552949415,33.08266682876071,2233766
1134,2012-05-15,33.70500564575195,33.85240315038438,32.7878624083151,33.115413405874875,3494080
1135,2012-05-16,34.245460510253906,34.491123734084205,33.082656361201565,33.508470838763024,4435353
1136,2012-05-17,34.310970306396484,34.98245018659016,34.016173123670306,34.39285804248481,4208594
1137,2012-05-18,34.42561721801758,34.769546207945545,33.59036173429175,34.01617847318603,4935351
1138,2012-05-21,34.04893493652344,34.68765894310568,33.81964968048717,34.360107942668904,1491370
1139,2012-05-22,33.96705627441406,34.24547336646832,33.77052473303036,34.179963593123084,2362045
1140,2012-05-23,33.93428421020508,34.376478858278546,33.49209178347854,34.03254993437106,3087547
1141,2012-05-24,34.507503509521484,34.654901007165876,33.55760655017118,34.196330520861714,2135683
1142,2012-05-25,34.09807205200195,34.392869331491454,33.983430516656924,34.22909380555764,1446600
1143,2012-05-28,34.8514289855957,35.16260416435858,33.9015321216217,33.9015321216217,890739
1144,2012-05-29,35.162620544433594,35.45741564744957,34.654913671137486,35.27726209722955,5201353
1145,2012-05-30,34.753170013427734,35.26087452757764,34.540262743629775,35.1298550109862,4048557
1146,2012-05-31,34.769554138183594,35.047973436709846,34.40924707201407,34.44200306761052,8033660
1147,2012-06-01,33.95066833496094,34.687658067336706,33.73776107859131,34.55663855900883,3787828
1148,2012-06-04,34.08169937133789,34.21272114533088,33.442975164834834,33.737772490308,3267896
1149,2012-06-05,34.70404052734375,35.11347932024397,34.229091971849016,34.36011149703804,12393979
1150,2012-06-06,35.91598129272461,36.390932101075194,34.72042082668154,34.72042082668154,9494285
1151,2012-06-07,35.39189147949219,36.27627865025794,35.2117380025304,35.91597169633437,4231838
1152,2012-06-08,35.04795837402344,35.53928476872394,34.63851971177302,35.309999562133086,3997879
1153,2012-06-11,35.129852294921875,35.53929102929871,35.04796454804651,35.375515535547976,2205393
1154,2012-06-12,35.2608757019043,35.4246512137717,34.736793175389565,35.015212434103184,3376544
1155,2012-06-13,35.244503021240234,35.45741031681593,34.933327744301955,35.21174702745271,2496726
1156,2012-06-14,34.62214279174805,35.40826638038888,34.392857578066256,35.0643374491927,6671985
1157,2012-06-15,34.73678970336914,34.96607717414375,34.54026044158032,34.78592368482684,10286920
1158,2012-06-18,35.06434631347656,35.21174382943795,34.62215154424485,34.88419280670262,3027005
1159,2012-06-19,35.621177673339844,35.99786040876549,34.91694173920649,35.06434145609649,9746993
1160,2012-06-20,35.50653839111328,35.99786491870916,35.375518872293384,35.49016261727143,8882639
1161,2012-06-21,35.948734283447266,35.99786604921082,35.01521296315915,35.21174446890851,4083003
1162,2012-06-22,36.04698944091797,36.25989665844298,35.62117278452101,35.70306051762247,7332263
1163,2012-06-25,35.32638168334961,36.17801286759738,35.12985021395165,35.91597164884915,5097127
1164,2012-06-26,35.98148727416992,36.03061903583612,35.14623177641282,35.14623177641282,1992235
1165,2012-06-27,35.96511459350586,36.489194940316104,35.73582930294214,36.03062435918868,5727518
1166,2012-06-28,35.93235397338867,36.29266097027309,35.6048029658019,36.03061971993419,3083553
1167,2012-06-29,37.193424224853516,37.537353208444465,36.12888350790606,36.14526150166703,7486892
1168,2012-07-02,36.88225173950195,37.32444647043454,36.78398599692278,37.20980273386761,2634447
1169,2012-07-03,36.571083068847656,37.177053405512076,36.39093176675346,37.11154363917348,4091332
1170,2012-07-04,37.013267517089844,37.14428701308799,36.45643132707704,36.62020680774828,3061761
1171,2012-07-05,37.4390869140625,37.60286241627488,36.84949688317585,37.01327238538824,2830305
1172,2012-07-06,37.013267517089844,37.50459395910358,36.702094548083906,37.34081847843233,3797719
1173,2012-07-09,36.94776153564453,37.013271290321846,36.71847628360026,36.9641395296507,2397364
1174,2012-07-10,37.06239700317383,37.25892845648324,36.60382657391453,36.65295832656839,3199920
1175,2012-07-11,37.22618865966797,37.504607969354474,36.91501557441997,36.91501557441997,2903254
1176,2012-07-12,36.83311462402344,37.20979956830652,36.718473118556794,37.20979956830652,2728401
1177,2012-07-13,36.70210647583008,37.01327954596355,36.60384071122271,36.88226000738562,1672753
1178,2012-07-16,36.89862060546875,37.078774062918264,36.3909184363114,36.60382565425823,3148848
1179,2012-07-17,36.767608642578125,37.02964988689884,36.652964904016756,36.94776213688282,2407572
1180,2012-07-18,36.42367172241211,36.865866364815496,36.27627424872661,36.71846889113,2516255
1181,2012-07-19,36.68572235107422,36.94776360581289,36.52194684453098,36.6693443561504,2171498
1182,2012-07-20,36.4400634765625,36.84950229219364,36.29266594720484,36.45644147345729,1581366
1183,2012-07-23,35.801334381103516,36.358170648521636,35.719446629384755,36.243526907576396,2728477
1184,2012-07-24,36.34178924560547,36.80036194503192,35.67030930021663,35.75219704425558,8366909
1185,2012-07-25,36.27628707885742,36.489194369331926,35.55567522492717,36.24353108585472,6131518
1186,2012-07-26,36.60382843017578,36.84949164859717,36.09612400116882,36.34178721959021,10181302
1187,2012-07-27,37.455467224121094,37.6683744889938,36.71847746231145,37.11153822434044,4785341
1188,2012-07-30,38.70014953613281,38.81479324768256,37.340814094684006,37.488213787061355,10354713
1189,2012-07-31,38.96220397949219,39.53541825695997,38.7001605013185,38.716540717720285,13034800
1190,2012-08-01,38.97858810424805,39.14236364718442,38.52001747256539,38.814812561311676,5116745
1191,2012-08-02,38.68378829956055,39.06047111385361,38.618276313294196,38.68378829956055,5172210
1192,2012-08-03,38.74928665161133,38.994949877794554,38.22520865657592,38.438115897395846,3992386
1193,2012-08-06,39.45353317260742,39.66644045867683,38.84756286402887,38.962206615818644,3989076
1194,2012-08-07,38.831180572509766,39.58455058496487,38.58551730723648,39.38801908420724,5499481
1195,2012-08-08,38.96220397949219,39.076843280829756,38.74929226513389,38.89669199927502,5783459
1196,2012-08-09,38.99495315551758,39.3880161275274,38.765670124090775,39.01133337092323,4304923
1197,2012-08-10,39.158721923828125,39.81382824549352,38.71653170967756,38.96219491429186,4906011
1198,2012-08-13,39.273372650146484,39.38801638796528,38.68378263092803,38.97857764053726,2775124
1199,2012-08-14,39.322513580322266,39.60093288203266,38.86394296481467,38.86394296481467,3520379
1200,2012-08-16,39.33888626098633,40.1250078001654,38.89669150685594,39.306130271292425,3368688
1201,2012-08-17,38.53638458251953,39.633681361938166,38.07781405397449,39.42077409254528,4100386
1202,2012-08-21,39.158721923828125,39.38800935854571,38.17606910537096,38.33984457511383,2904667
1203,2012-08-22,38.96220397949219,39.17511125115551,38.716540717720285,38.831180019057854,1988035
1204,2012-08-23,38.47087478637695,39.0604647966387,38.25796308679302,39.0604647966387,4652302
1205,2012-08-24,38.35622787475586,38.76566658206615,38.06143289403131,38.323471889632174,5080546
1206,2012-08-27,38.74928665161133,38.88031059306452,38.241584427910404,38.257960199244884,1296282
1207,2012-08-28,39.79745101928711,40.28877746538462,38.71653461495029,38.81479812709208,4356311
1208,2012-08-29,38.99495315551758,40.25602537779648,38.749289908685114,39.96123037013648,6345767
1209,2012-08-30,39.87936019897461,40.28879912416538,38.716555428511484,38.96221878362594,9698034
1210,2012-08-31,39.125972747802734,39.86296240617031,38.91306107011895,39.86296240617031,6414695
1211,2012-09-03,39.8138427734375,39.96123808437378,39.32251174222985,39.33889196079759,3891463
1212,2012-09-04,40.59996795654297,40.84563127215858,39.63369047137653,39.63369047137653,8607402
1213,2012-09-05,40.61982727050781,41.19916450656938,40.470853042317316,40.71914042920084,5181748
1214,2012-09-06,40.090126037597656,40.60325124440252,39.49423392082733,40.60325124440252,2059057
1215,2012-09-07,40.35498809814453,40.66948727742966,40.222569045343384,40.55361892242191,1292419
1216,2012-09-10,40.37152862548828,40.71912907413185,40.057029560410996,40.17289787334209,2343064
1217,2012-09-11,40.04048538208008,40.35498000816703,39.79219802404545,40.139798529233765,1345773
1218,2012-09-12,40.189453125,40.35497802221058,39.775640881973544,40.22255900247216,2846913
1219,2012-09-13,40.106685638427734,40.586709576100716,39.89150419711385,39.957715943741036,2572173
1220,2012-09-14,39.72597122192383,40.6694637231922,39.361815670012504,40.3880705926176,13519349
1221,2012-09-17,38.93144989013672,40.09012370001202,38.716268509189554,39.990806107933686,12665195
1222,2012-09-18,38.94801712036133,39.6597732935756,38.73283564801519,38.96457230448044,8408810
1223,2012-09-20,38.65006637573242,39.13009029790253,38.40177906912364,38.40177906912364,6301939
1224,2012-09-21,39.80875015258789,40.057037519566805,38.81560068467221,38.81560068467221,8707245
1225,2012-09-24,39.09699630737305,40.22256487470054,38.89836550369152,39.792201875182954,7593484
1226,2012-09-25,38.86525344848633,39.477696458334925,38.26936562223643,39.328722256697375,11733607
1227,2012-09-26,38.73283386230469,39.04733295441518,38.50109721652326,38.73283386230469,9302273
1228,2012-09-27,38.65006637573242,39.17974686119439,38.4183297601711,38.76593468351309,12478679
1229,2012-09-28,39.89150619506836,39.95771794501174,38.898356886816856,38.898356886816856,8847242
1230,2012-10-01,39.7425422668457,40.05704142507583,39.32872994820135,39.7425422668457,5138030
1231,2012-10-03,38.94801712036133,40.05703485033022,38.832148792128706,39.725985049751465,12133968
1232,2012-10-04,39.06389617919922,39.394946070715285,38.567321341925116,39.16320935059343,7257841
1233,2012-10-05,39.13010025024414,39.428044195923775,39.06388848891505,39.312175858673186,11584935
1234,2012-10-08,39.295616149902344,39.54390346270907,38.74938046960788,39.063879528556235,6807880
1235,2012-10-09,39.79220199584961,39.8915151529161,39.01423396499251,39.428046269687684,5205666
1236,2012-10-10,39.54391098022461,39.94116806214636,39.06388695481657,39.659774822774416,7436554
1237,2012-10-11,39.444602966308594,39.92462710883881,39.26252732060489,39.72599627433832,5476615
1238,2012-10-12,39.709434509277344,39.858404226023445,38.07073619401808,39.39493540145173,2847441
1239,2012-10-15,39.34527587890625,40.04048130870915,39.21285686612235,39.59356321168229,7208908
1240,2012-10-16,39.262516021728516,39.626671698491606,39.14664769410159,39.42804092115262,4006297
1241,2012-10-17,39.643211364746094,39.72597379143597,39.229399231296746,39.52734306935047,2639928
1242,2012-10-18,39.924625396728516,40.02393856464408,39.527363744763534,39.725994570746025,2525746
1243,2012-10-19,39.52735137939453,39.891507031418136,39.39493236688139,39.72598214323922,3153069
1244,2012-10-22,39.262516021728516,39.4611467990675,39.04733455050724,39.212859449931344,4657141
1245,2012-10-23,38.88180923461914,39.279066294891805,38.83214817320361,39.11354139724064,3935245
1246,2012-10-25,38.633522033691406,39.06388497314571,38.434891257731636,38.997673217775706,12050023
1247,2012-10-29,38.05419158935547,38.252817910134134,37.789349011398876,37.789349011398876,2123473
1248,2012-10-30,37.474853515625,38.18661207747889,37.34243446671412,38.103849610640694,2570824
1249,2012-10-31,37.73968505859375,37.90520995367398,37.42518820695632,37.623816734007555,1852024
1250,2012-11-01,38.71629333496094,38.86526308337868,38.170057453642094,38.170057453642094,4524439
1251,2012-11-02,39.06389617919922,39.16320935059343,38.765952174865056,38.93147712062309,4726469
1252,2012-11-05,38.7493896484375,39.063888781883385,38.66662719123076,39.03078290097056,3632141
1253,2012-11-06,39.610107421875,39.692869852588764,38.56730169291145,38.9645631563972,4718509
1254,2012-11-07,39.72597122192383,39.9246019311617,39.394921536576945,39.560446379250386,4694784
1255,2012-11-08,39.34527587890625,39.49424558448189,39.130094421863674,39.37838175463971,3005197
1256,2012-11-09,39.577003479003906,40.023921524653474,39.19629717720963,39.29561479299256,5518512
1257,2012-11-12,39.72597122192383,39.974258485933994,39.61010293402267,39.61010293402267,5986709
1258,2012-11-15,39.69287872314453,39.825297743849674,39.279066477097054,39.42804068173424,11277862
1259,2012-11-16,39.428043365478516,39.70943660997441,39.163200815890974,39.659775544948246,7952790
1260,2012-11-19,39.7425422668457,39.85841061409633,39.29562855483062,39.42804759876661,4682624
1261,2012-11-20,40.42118835449219,40.53705667649154,39.759088788953086,39.77563948203154,5826060
1262,2012-11-21,39.759090423583984,40.53705834310733,39.510803076298885,40.42119001634424,8050611
1263,2012-11-22,39.428043365478516,39.94116878944414,39.29562433576002,39.80874975972564,3266009
1264,2012-11-23,39.643211364746094,40.05702349819545,39.34526752669237,39.560448938056226,2809752
1265,2012-11-26,39.858402252197266,39.9246140053502,39.411484143790155,39.72598323604148,2935121
1266,2012-11-27,39.24596405029297,40.04048722468699,39.146650898569035,39.891513006950454,7105541
1267,2012-11-29,39.03078079223633,39.411487176788604,38.69973098129515,39.229411576831126,15583782
1268,2012-11-30,39.03078079223633,39.34527990869063,38.83215000764153,39.13009842960894,9986088
1269,2012-12-03,39.37838363647461,39.42804020737284,38.914910334357316,39.113541108100414,5791740
1270,2012-12-04,39.87496566772461,40.057041291259466,39.29562842355787,39.37839088701026,8486828
1271,2012-12-05,39.7756462097168,40.13980193038691,39.39493979316883,39.974277011005114,7991825
1272,2012-12-06,39.7425422668457,39.92462238113984,39.27907336799423,39.891516497618085,3888336
1273,2012-12-07,39.295616149902344,39.874953213118026,39.09698540162705,39.825292158436994,3172271
1274,2012-12-10,39.24596405029297,39.44459484389147,39.06388844208221,39.328726506779795,2674532
1275,2012-12-11,38.89836120605469,39.461147672615105,38.83214944875922,39.39493591531963,5034484
1276,2012-12-12,38.81560516357422,39.1797609085264,38.66663093013661,39.047341862221366,6283865
1277,2012-12-13,39.14665222167969,39.31217714024788,38.93147072557119,39.03078388065179,7727857
1278,2012-12-14,38.48454666137695,39.130095541119566,38.319021768125005,39.130095541119566,6097530
1279,2012-12-17,38.51765060424805,38.799043806678796,38.219706709383075,38.501095421663955,3910978
1280,2012-12-18,38.76593780517578,39.03077582415834,38.434888036372655,38.7328319302655,4553554
1281,2012-12-19,38.4680061340332,38.96458094501862,38.15350695768193,38.91491987179905,6136261
1282,2012-12-20,38.335575103759766,38.69973079204435,38.23626195702325,38.69973079204435,2121800
1283,2012-12-21,37.97142028808594,38.31902075869824,37.90520853646932,38.26936419006076,3053451
1284,2012-12-24,37.87210464477539,38.38523452131205,37.690029053515744,38.00452366479607,2156093
1285,2012-12-26,38.1700439453125,38.46799231700696,37.93831181084418,38.004519067770985,2963625
1286,2012-12-27,37.557613372802734,38.401790924910514,37.44174727432548,38.18660942411314,7464142
1287,2012-12-28,37.574153900146484,38.20314749857221,37.176894667189465,37.87209776359557,6441596
1288,2012-12-31,37.987979888916016,38.0707423527692,37.541061686078585,37.574167569650065,1528669
1289,2013-01-01,37.690025329589844,38.26936241382089,37.64036651818225,38.120388224673,6397127
1290,2013-01-02,37.441749572753906,38.004531648605884,37.37553780375901,37.772799437426066,10823940
1291,2013-01-03,37.78934097290039,37.98797174157761,37.45829118848839,37.673472650326175,7768126
1292,2013-01-04,38.05419158935547,38.12039886623135,37.5907204455447,37.90521735862045,7374977
1293,2013-01-07,37.87210464477539,38.120391991120485,37.59071366596268,38.07073541988151,5751436
1294,2013-01-08,38.55075454711914,38.65006767704664,37.73968085549585,37.75623154710055,7147399
1295,2013-01-09,38.25281524658203,38.71628860319656,38.103845516370825,38.650076840779995,8208348
1296,2013-01-10,37.70658874511719,38.63353108675814,37.574169693497424,38.302481212633076,5482985
1297,2013-01-11,37.458290100097656,37.805895057720264,37.35897696371973,37.77278918221098,7053838
1298,2013-01-14,37.094146728515625,37.83900667820306,36.99483132019877,37.441749535086814,10369465
1299,2013-01-15,36.76308822631836,37.44174073777242,36.69687871802224,37.24310996780902,7333310
1300,2013-01-16,37.094146728515625,37.21001283398897,36.547913105310734,36.746543921944436,12729863
1301,2013-01-17,37.29276657104492,37.42518783283039,36.829297767483425,37.11069098433687,8720890
1302,2013-01-18,38.05419158935547,38.21971651677171,37.07759272153926,37.30932717090689,11437257
1303,2013-01-21,37.70658874511719,38.10385039012778,37.47485428224477,37.85556298453398,5767870
1304,2013-01-22,37.574153900146484,38.15349093635559,37.34241953467778,37.772784639162346,5102821
1305,2013-01-23,37.12724685668945,37.93832074367551,36.92861830391612,37.73968994582681,4125262
1306,2013-01-24,36.729984283447266,37.25966486785371,36.64722183245095,37.14379653842881,7597320
1307,2013-01-25,36.74654006958008,36.96172156081148,36.51480563785194,36.51480563785194,5876853
1308,2013-01-28,37.04447555541992,37.16034386735157,36.33271948233927,36.77963754827585,4530765
1309,2013-01-29,37.110694885253906,37.54105785733818,36.81274869872407,36.961720669451346,8933771
1310,2013-01-30,36.91205978393555,37.34242495084047,36.6968783230206,37.077584675431666,6691139
1311,2013-01-31,36.48169708251953,37.06103424190845,36.283068546345575,36.81274688788463,10621030
1312,2013-02-01,36.564456939697266,36.81274427610568,36.38237911064943,36.4651415561189,6533829
1313,2013-02-04,36.812740325927734,36.978265199105095,36.581005952494394,36.59755888882709,4150438
1314,2013-02-05,36.28306579589844,36.729981652217646,36.150644536745524,36.66377214517869,2184943
1315,2013-02-06,36.20030212402344,36.6306650277294,36.08443380682572,36.43203651334394,2852740
1316,2013-02-07,36.945159912109375,37.19344721072349,36.24995457795997,36.24995457795997,5059086
1317,2013-02-08,36.82929992675781,37.3424275754763,36.6141184507187,37.07758728145303,5162866
1318,2013-02-11,37.259666442871094,37.32587595745188,36.53135729233198,36.912063684977916,3760946
1319,2013-02-12,37.358978271484375,38.18660273743817,36.87895428517114,36.9782696701006,9796530
1320,2013-02-13,36.382389068603516,38.07074431631793,36.18376049215664,38.07074431631793,7821046
1321,2013-02-14,34.99197006225586,36.54790356967949,34.37952707498938,36.415484556523225,14843823
1322,2013-02-15,35.51640319824219,35.71810630604117,34.79363790826421,35.16342389949443,8479053
1323,2013-02-18,36.39044189453125,36.77703680424268,35.38193105549212,35.38193105549212,8321446
1324,2013-02-19,36.44086837768555,36.52491095187928,36.03746447751577,36.3904437450896,8484570
1325,2013-02-20,36.35681915283203,36.86107450575229,36.104691476371904,36.47447964710022,7964693
1326,2013-02-21,35.9197998046875,36.625755933526904,35.75171240662061,36.23916107343392,6464828
1327,2013-02-22,36.65937805175781,36.81065421949754,35.97022853227619,36.17193160912955,14054231
1328,2013-02-25,37.66789245605469,37.735126061461585,36.72661514095579,36.810657717664604,15983553
1329,2013-02-26,37.298099517822266,37.617460813208275,37.04597181939112,37.617460813208275,17614848
1330,2013-02-27,36.60894775390625,37.60065179687,36.50809850461535,37.482991299630115,9561570
1331,2013-02-28,35.06256103515625,36.97873310172733,34.30617804460457,36.84426592643822,11505348
1332,2013-03-01,36.28959274291992,36.642572015773645,35.06256977345705,35.53320956386227,9664596
1333,2013-03-04,36.45768356323242,36.81066289097676,35.7349159340795,36.30640735985659,5835406
1334,2013-03-05,36.50811004638672,36.64257727448566,35.80215139936453,36.491301072924074,4342564
1335,2013-03-06,36.18873596191406,36.642566715624795,36.087886709800955,36.508099526273696,2348098
1336,2013-03-07,36.373626708984375,36.575329754245004,36.02064751967839,36.02064751967839,3784471
1337,2013-03-08,36.978736877441406,37.02916150337338,36.32320534132361,36.60894868793884,5865486
1338,2013-03-11,37.11320877075195,37.23086928590787,36.64257126972969,36.96193259398056,3872022
1339,2013-03-12,36.72661209106445,37.18044287952487,36.34001718222826,37.18044287952487,5729772
1340,2013-03-13,36.91150665283203,37.0627828242394,36.57533636979314,36.676187910664936,4784709
1341,2013-03-14,36.861083984375,36.978744508898934,36.55853160674331,36.8442772921295,4923712
1342,2013-03-15,36.64257049560547,36.995549753815354,36.457676381324035,36.77703769882796,4917271
1343,2013-03-18,36.55852508544922,36.64256765088887,36.47448252000957,36.608949712792814,3593844
1344,2013-03-19,36.003841400146484,36.77703109963735,35.3146896979389,36.62575495320654,5195989
1345,2013-03-20,35.07937240600586,35.93660697667073,34.8944783174624,35.818946480379346,5025753
1346,2013-03-21,34.154903411865234,35.39873281755885,33.90277573720571,34.96171333865591,4921271
1347,2013-03-22,34.44065475463867,34.69278247126675,33.90278138057849,34.17171806760858,8653798
1348,2013-03-25,34.928096771240234,35.1466065192486,34.6255444617209,34.760011648218295,4166875
1349,2013-03-26,35.297889709472656,35.39873897303287,34.7936342724688,34.7936342724688,3767435
1350,2013-03-28,35.56681823730469,35.76852129067251,34.99532929249628,35.28107490480064,4534130
1351,2013-04-01,35.46596908569336,35.78533035455005,35.21384140820645,35.38192652653106,1691135
1352,2013-04-02,35.802146911621094,36.1887418537973,35.33150711266657,35.61725278631042,4652635
1353,2013-04-03,35.701297760009766,35.83576498028059,35.48278567731847,35.58363723242207,2361750
1354,2013-04-04,35.12980651855469,35.78533816717572,34.89448547768488,35.55001940610674,3713922
1355,2013-04-05,35.18022537231445,35.297885873415346,34.877673054912805,34.877673054912805,8205260
1356,2013-04-08,35.01214599609375,35.63406198155512,34.793636206499656,35.29789167153294,3096875
1357,2013-04-09,34.72639465332031,35.70128976116264,34.55830952574065,35.14660747226947,2293912
1358,2013-04-10,35.163421630859375,35.23065523585435,34.59193256870086,34.81044235488475,1905585
1359,2013-04-11,34.8104362487793,35.2306490560393,34.675969062376254,35.2306490560393,3329986
1360,2013-04-12,35.46596908569336,35.583627300640394,34.64235018206253,34.64235018206253,1819318
1361,2013-04-15,34.97853088378906,35.29789452799512,34.84406366081883,35.29789452799512,2619515
1362,2013-04-16,35.93661880493164,36.27278915664023,34.96172569689719,34.97853239064174,2546545
1363,2013-04-17,35.93661880493164,36.35683174456737,35.718108988241504,35.93661880493164,3775629
1364,2013-04-18,35.97022247314453,36.27277475765949,35.381924591187506,35.684476875702465,5080676
1365,2013-04-22,36.777034759521484,37.18044089654915,35.71809934932509,35.71809934932509,5577118
1366,2013-04-23,36.87788772583008,36.97873926400329,36.54171745178643,36.64256898995964,2951714
1367,2013-04-25,36.928314208984375,37.751930914933794,36.306398297254916,36.67618650635901,7103973
1368,2013-04-26,37.079586029052734,37.21405320944048,36.81064938847696,37.06277706155419,3417359
1369,2013-04-29,37.13001251220703,37.44937379148024,36.8274602012746,36.8274602012746,5263605
1370,2013-04-30,37.71831130981445,38.03767259640556,36.81065207641851,37.04597079918036,5652599
1371,2013-05-02,38.625980377197266,38.82768349366031,37.398959544816684,37.41576851782211,7787838
1372,2013-05-03,37.65108108520508,38.72682782235996,37.53342057339106,38.28980371556522,3489204
1373,2013-05-06,37.684696197509766,37.970439550784064,37.24767440331323,37.49980209844964,1570856
1374,2013-05-07,37.88639831542969,38.23937755696919,37.113206233914724,37.61746164188528,4295563
1375,2013-05-08,38.575557708740234,38.71002494005127,37.86959904485442,37.86959904485442,4623152
1376,2013-05-09,38.155330657958984,38.72682187929604,37.92001195024389,38.65958600869147,3439496
1377,2013-05-10,37.76873779296875,38.50830961062224,37.65107729300544,37.93682291874466,3388720
1378,2013-05-13,37.71831130981445,37.98724797002818,37.44937464960073,37.51661052450449,3486486
1379,2013-05-14,38.44108200073242,38.710016404051395,37.7519324626761,37.7519324626761,5187764
1380,2013-05-15,38.239376068115234,38.861291958984786,37.98724837394658,38.52512170009324,7598979
1381,2013-05-16,38.28981018066406,38.74364105451655,38.05449139710393,38.071300370172736,7843384
1382,2013-05-17,39.01256561279297,39.29831124310881,38.239375845680364,38.32341840991438,4225774
1383,2013-05-20,38.42426681518555,39.029376000077136,38.3234175641707,38.995758063205244,6051683
1384,2013-05-21,37.88639831542969,38.625972457826386,37.60065495212671,38.357038064082545,3901355
1385,2013-05-22,37.86958694458008,38.02086538121921,37.61745925658209,37.98724744423264,4300192
1386,2013-05-23,36.844268798828125,37.936822092578545,36.642565740369434,37.701501097776614,5416658
1387,2013-05-24,36.64257049560547,37.24767746970804,36.340018148454526,37.24767746970804,4295474
1388,2013-05-27,37.701507568359375,37.8864016903792,36.642572029210655,36.70980563363584,1976291
1389,2013-05-28,37.819175720214844,38.222579707998705,37.6174725864223,37.76875107666732,3947350
1390,2013-05-29,38.155330657958984,38.30660908701898,37.71830889803077,37.970436573397016,4123634
1391,2013-05-30,38.4578857421875,38.65958880901104,37.701502661299926,38.05448188834089,4814631
1392,2013-05-31,38.088104248046875,38.659593297328584,37.86959218698573,38.642786606309116,8210037
1393,2013-06-03,37.44938278198242,38.12172343861975,37.19725503574343,38.10491674604457,2337051
1394,2013-06-04,38.05449676513672,38.27300888625278,37.38215598595136,37.38215598595136,6339450
1395,2013-06-05,37.8023567199707,37.95363289029362,37.634271579656215,37.83597465995385,2941759
1396,2013-06-06,37.66789245605469,37.85278658077424,37.55023193674203,37.55023193674203,3741327
1397,2013-06-07,37.19725036621094,37.88639990871245,37.13001676494752,37.331719848538434,3373193
1398,2013-06-10,36.978736877441406,37.482992255962856,36.91150328293197,37.31490712978904,4178032
1399,2013-06-11,36.2559700012207,37.60065094586973,36.0710759153714,36.76022535546409,4988953
1400,2013-06-12,36.30640411376953,36.77704165548242,36.03746739859034,36.30640411376953,1985386
1401,2013-06-13,35.55001449584961,36.44086478249315,35.41554502252572,36.05426989126305,3320850
1402,2013-06-14,36.67618179321289,36.810648972079555,35.634053177695314,35.71809573443704,5440747
1403,2013-06-17,36.373626708984375,36.79383948677716,35.970222898263344,36.65937230980356,1761508
1404,2013-06-18,36.44086837768555,36.87789021945311,36.08789138991245,36.30640117089587,2599492
1405,2013-06-19,36.13831329345703,36.37363202746881,35.91980352897478,36.2895894596217,3158484
1406,2013-06-20,35.5836296081543,36.071078306745804,35.482778074659485,36.03746036898071,3936637
1407,2013-06-21,36.03746032714844,36.18873648731481,35.2978862153791,35.516395971197156,8100913
1408,2013-06-24,35.600440979003906,36.474484621863496,35.31469532812272,35.835759719835146,7726193
1409,2013-06-25,34.65915298461914,35.97021804221653,34.306173842966,35.70128144477604,5865050
1410,2013-06-26,35.634063720703125,35.76853093935445,34.44065860591914,34.55831685228881,9917951
1411,2013-06-27,35.818946838378906,36.30639551662912,35.583628123244544,35.80214014999818,10124040
1412,2013-06-28,37.41575241088867,37.684689023799116,35.97022011132011,35.97022011132011,13955319
1413,2013-07-01,37.95362854003906,38.0880980047581,37.14682087092627,37.14682087092627,4880398
1414,2013-07-02,37.432579040527344,37.92002559905866,37.18045127441103,37.68470680664366,4836103
1415,2013-07-03,36.40724563598633,37.23086224696091,36.23916052028538,37.23086224696091,3203552
1416,2013-07-04,36.18873596191406,36.81065184221389,35.71809851938477,36.4744815890357,5239017
1417,2013-07-05,36.17193603515625,36.608955622144954,35.902999326377994,36.30640324964495,2878063
1418,2013-07-08,35.39874267578125,36.138319217921335,35.2306575125314,36.138319217921335,5074736
1419,2013-07-09,36.928314208984375,36.978738837589226,35.583630848515206,35.734907014130314,5626482
1420,2013-07-10,36.35681915283203,37.3485231707488,36.25596990608823,37.1300111499365,6811029
1421,2013-07-11,37.096397399902344,37.44937434123843,36.692991273003216,36.961927931002485,5779104
1422,2013-07-12,37.079586029052734,37.23086217693901,36.323203009821036,37.21405320944048,3580274
1423,2013-07-15,36.99554443359375,37.298096737235525,36.659374194080506,36.96192649772229,2918182
1424,2013-07-16,37.04597473144531,37.28129347918519,36.40725209046554,36.40725209046554,2477162
1425,2013-07-17,37.28129196166992,37.71831377814135,36.91150602450225,37.01235756365729,9890923
1426,2013-07-18,37.31491470336914,37.55023347181361,37.06278696293559,37.16363851506919,5820812
1427,2013-07-19,37.432579040527344,37.58385524423691,37.18045127441103,37.58385524423691,4552788
1428,2013-07-22,37.365333557128906,37.583845599569734,37.0795901967378,37.21405739223943,2515956
1429,2013-07-23,37.02915954589844,37.73511795042952,36.70979827901069,37.73511795042952,5415186
1430,2013-07-24,36.978736877441406,37.197246629547195,36.55852406200687,36.67618456224871,2594203
1431,2013-07-25,37.02915954589844,37.5670328331412,35.73490323085824,37.180437975298176,4206471
1432,2013-07-26,36.4240608215332,37.230868602709236,36.323209278936034,37.146826030511704,5399927
1433,2013-07-29,36.34001541137695,36.86107749446897,36.08788771447417,36.709801332287405,2056881
1434,2013-07-30,35.4827880859375,36.37364089005712,35.18023567989,36.34002522260801,1322467
1435,2013-07-31,33.98682403564453,35.297889533187224,33.02873779820182,34.99533490461552,6050144
1436,2013-08-01,34.57511901855469,34.944907216755446,33.280862604652505,33.885969529071716,4448345
1437,2013-08-02,30.70915412902832,33.734685791856734,29.095536786226504,33.280855130512485,31014744
1438,2013-08-05,31.364694595336914,31.868950018166093,29.482140104854395,30.910863802870402,15799229
1439,2013-08-06,31.448734283447266,32.10426581708384,31.078948375144787,31.263840189395815,14382559
1440,2013-08-07,31.364694595336914,31.919376928329388,31.112566883922323,31.60001333669707,5717703
1441,2013-08-08,32.27235794067383,32.6085282646454,31.43193213074489,31.532783683896547,6778874
1442,2013-08-12,31.969799041748047,32.74299108517376,31.801713914038128,32.44043648741564,9452703
1443,2013-08-13,32.32278060913086,32.44043883917714,31.600013139701094,31.919376729342485,2256717
1444,2013-08-14,32.64213943481445,32.99511865769182,32.12107508483363,32.272351243266655,9066232
1445,2013-08-16,32.944705963134766,33.29768533827787,32.104279965080416,32.642153515755766,16654810
1446,2013-08-19,32.4404411315918,32.843847319687626,31.85214310038629,32.64214422563971,5042098
1447,2013-08-20,32.42362976074219,32.608521577167515,31.885756440776383,32.440436449653255,5439143
1448,2013-08-21,32.81022644042969,33.23043928224715,32.49086513660853,32.59171667460483,17512680
1449,2013-08-22,32.978309631347656,33.19681938427985,32.28916015546857,32.60852144044655,11299648
1450,2013-08-23,32.87746810913086,33.011937619399134,32.4740641379283,32.87746810913086,19297499
1451,2013-08-26,32.92789077758789,33.09597593386326,32.67576304317484,32.84384819945021,24410353
1452,2013-08-27,32.1715087890625,34.70959520061237,31.86895412846264,32.94469871328219,13466053
1453,2013-08-28,31.54958152770996,32.54128317766735,30.978092634497237,31.93617635199501,11398478
1454,2013-08-29,32.70937728881836,33.112781190434234,31.515972275029135,31.515972275029135,15533827
1455,2013-08-30,32.827030181884766,33.06234887986454,31.532773923295707,32.57490251694925,8242572
1456,2013-09-02,33.2808723449707,33.44895752429175,32.67576752325586,32.8438527025769,15403306
1457,2013-09-03,32.154701232910156,33.61704312404097,31.650445722837603,33.44895567421576,4877060
1458,2013-09-04,32.3900146484375,32.57490876079009,31.650440478827797,31.80171665082513,4850453
1459,2013-09-05,32.72679901123047,34.17262914156425,32.31856277581141,33.18606131543112,9746210
1460,2013-09-06,33.662349700927734,34.15563265895464,32.35259625059251,32.64176331586594,7041237
1461,2013-09-10,34.78498840332031,35.22724057160216,33.76439991016113,33.76439991016113,8723482
1462,2013-09-11,33.679359436035156,35.00612319208691,33.356174191505275,34.66592771214004,5150080
1463,2013-09-12,33.679359436035156,34.24068336220645,33.424212826075,33.84945717600859,5409563
1464,2013-09-13,33.934505462646484,34.08759295416336,33.492250914965915,33.50925884183597,6331674
1465,2013-09-16,34.887054443359375,35.36332950762716,33.74740095045443,33.9345089290204,14084730
1466,2013-09-17,34.546844482421875,34.88703982559973,33.526258452888335,34.7169421540108,5923058
1467,2013-09-18,34.15562438964844,34.529840229743506,33.64533132066292,34.18964485041983,4635243
1468,2013-09-19,34.15562438964844,35.43135706211223,33.76439831916767,34.972092377186236,10203659
1469,2013-09-20,34.56386184692383,34.887047028246904,34.18964827642788,34.27469712978121,15290056
1470,2013-09-23,33.7643928527832,34.32571652204869,33.62831564592338,34.053559801231835,3730187
1471,2013-09-24,33.730377197265625,33.96851348041701,33.35616139010104,33.526259064794516,8304198
1472,2013-09-25,34.18965148925781,34.30871851088261,33.407201503460186,33.67935601408717,5150528
1473,2013-09-26,33.78141784667969,34.104605391661046,33.52627124196696,34.01955652342347,6791644
1474,2013-09-27,33.662349700927734,34.15563265895464,33.52627013199395,33.781416728259394,4575709
1475,2013-09-30,33.35617446899414,33.66235178775236,32.91391987996446,33.407205175669645,5763141
1476,2013-10-01,33.679359436035156,33.74740037770313,33.30514579235255,33.424212826075,4024187
1477,2013-10-03,33.985530853271484,34.104600173424956,33.543276344684394,34.019551318200435,11166670
1478,2013-10-04,33.32216262817383,33.84946388085992,33.23711374134076,33.84946388085992,16408671
1479,2013-10-07,33.35617446899414,33.407205175669645,32.845881244828725,33.186076727605666,3643908
1480,2013-10-08,33.4242057800293,33.611313715976124,33.237100151180236,33.543275095749394,7001377
1481,2013-10-09,33.69636535644531,33.81543468201853,33.169061968632136,33.169061968632136,5815351
1482,2013-10-10,33.7643928527832,33.86645191147667,33.42419752853644,33.69635424935329,4045318
1483,2013-10-11,33.662349700927734,33.98553492811101,33.560290601001924,33.86646559368121,2594571
1484,2013-10-14,33.866455078125,33.9855243755837,33.44121088305452,33.67934717087451,3588795
1485,2013-10-15,33.662349700927734,34.070583793532826,33.42421103206814,33.90048606268919,6566169
1486,2013-10-17,33.20307922363281,33.95150864986594,33.015971290300094,33.59430301479398,7117518
1487,2013-10-18,33.84944534301758,34.01954533062621,33.015967169932274,33.50924998199521,15690831
1488,2013-10-21,33.84944534301758,34.0025351011556,33.696357891977,33.84944534301758,2023039
1489,2013-10-22,34.682918548583984,35.2442398536968,33.78139964670657,33.78139964670657,9232804
1490,2013-10-23,34.22366714477539,35.14219431866134,34.12160805721076,35.00611707330707,3579487
1491,2013-10-24,33.679359436035156,34.54685837131933,33.40720489775626,34.359752703027155,7207079
1492,2013-10-25,34.087589263916016,34.27469720311322,33.441216592789125,33.883471092592195,5281406
1493,2013-10-28,33.59431457519531,34.32573632862794,33.4412270523694,34.12161809346104,5287076
1494,2013-10-29,34.15562438964844,34.342732309695975,33.33915409501307,33.5432722454463,7086272
1495,2013-10-30,34.07058334350586,34.27470154066134,34.01955494776604,34.24068107210273,3289474
1496,2013-10-31,34.46179962158203,34.87003592616083,33.62832139607923,34.342732621994536,8249061
1497,2013-11-01,33.30514144897461,34.66592319130033,33.203082356880586,34.46180500711229,9616570
1498,2013-11-05,32.36960220336914,33.35616798892381,32.165484030517504,33.25410890249798,17767298
1499,2013-11-06,32.74381637573242,32.913914087184054,32.420631185393894,32.420631185393894,9564186
1500,2013-11-07,32.33557891845703,32.74381292145512,32.165481224949694,32.624745920258555,9949028
1501,2013-11-08,32.6757698059082,32.81184932623403,31.859301912342413,32.06341773218521,6427427
1502,2013-11-11,32.64176559448242,32.794853101508615,32.046423494970796,32.624755358791006,7123880
1503,2013-11-12,32.43763732910156,32.72680432495815,32.25052940867069,32.64175547995299,5714533
1504,2013-11-13,32.65876770019531,32.743816556390364,32.16548479568356,32.267543884537204,4914428
1505,2013-11-14,32.65876770019531,32.89690634321977,32.573718844000254,32.69278816551248,2329910
1506,2013-11-18,32.777835845947266,32.89690516318841,32.55670975061119,32.760825613898845,4220710
1507,2013-11-19,32.33557891845703,32.77783338299563,32.09744260896629,32.52268684273463,6280476
1508,2013-11-20,31.893341064453125,32.47167536926142,31.82530241303415,32.18250821685727,5017948
1509,2013-11-21,31.77426528930664,32.04642212746078,31.53612892108359,31.978381187598604,4281191
1510,2013-11-22,31.94435691833496,32.04641600152059,31.706220595633656,31.706220595633656,7516975
1511,2013-11-25,32.029415130615234,32.18250264658565,31.876327614644826,31.876327614644826,8325845
1512,2013-11-26,32.06343078613281,32.19951036186057,31.757255778167288,31.893333046796798,7679212
1513,2013-11-27,31.349018096923828,32.216516930215334,31.2469590035193,31.893329416584667,4670852
1514,2013-11-28,32.216514587402344,32.31857136628723,31.17891810959087,31.38303397445846,21937834
1515,2013-11-29,32.35258102416992,32.522678674958776,31.774249472907226,32.09743454798664,19972565
1516,2013-12-02,31.84229850769043,32.21651438490897,31.33200538808213,31.33200538808213,12138526
1517,2013-12-03,31.893341064453125,31.97838995550154,31.70623534982566,31.808292173404705,10819239
1518,2013-12-04,32.5226936340332,32.62475273286883,31.74024361909089,31.842302717926515,21813713
1519,2013-12-05,32.760826110839844,32.87989542988712,32.369602303280786,32.82886473296779,14177075
1520,2013-12-06,33.662349700927734,33.98553492811101,32.64176331586594,32.64176331586594,25973812
1521,2013-12-09,34.46179962158203,34.64890754333105,33.509252089394145,33.849447471811416,30640399
1522,2013-12-10,33.47523498535156,34.52984162676156,32.998960050770606,34.46180070246595,28724268
1523,2013-12-11,33.33916091918945,33.50925864366852,33.04999617183388,33.1690631947104,7491141
1524,2013-12-12,33.32216262817383,33.4072115150069,33.13505461572132,33.23711374134076,9916532
1525,2013-12-13,33.1690559387207,33.390184316428744,33.015968481598236,33.06699917203741,12252500
1526,2013-12-16,33.679359436035156,33.815439012272854,32.93092984157169,32.998968476141414,21800566
1527,2013-12-17,33.57729721069336,33.764402848744,33.28813017663675,33.47523812178527,18137305
1528,2013-12-18,34.01955795288086,34.597889819777485,32.23352933774695,32.31857820955817,156704650
1529,2013-12-19,33.7643928527832,34.359736977312245,32.743806880042904,33.169051035351366,508752991
1530,2013-12-20,33.81543731689453,34.10460438319093,33.42421115031128,33.61131911632082,55032517
1531,2013-12-23,33.9174919128418,33.985530534964596,33.52626579821449,33.67935327476525,27772323
1532,2013-12-24,33.526268005371094,33.91749414575425,33.49224984561907,33.849453212054236,16656973
1533,2013-12-26,33.679359436035156,33.88347764684258,33.118037816962115,33.37318442692227,58569185
1534,2013-12-27,33.951515197753906,34.05357429990011,33.407203831471094,33.67935836106341,17259233
1535,2013-12-30,33.679359436035156,34.08759585765001,33.54328216689571,33.815439012272854,10546799
1536,2013-12-31,33.985530853271484,34.019551318200435,33.628325199908915,33.713374055133436,12881038
1537,2014-01-01,33.84944534301758,33.985524871684994,33.73037835091822,33.96851464221439,3186233
1538,2014-01-02,34.66591262817383,34.83601029413371,34.01954242036518,34.0535605692988,29730385
1539,2014-01-03,34.257686614990234,34.95508766815198,34.07057867773741,34.66592064629781,10720086
1540,2014-01-06,33.985530853271484,34.35974673909852,33.713374055133436,34.35974673909852,6603244
1541,2014-01-07,33.611305236816406,34.01954146938613,33.52625640621392,33.98552101430625,12753362
1542,2014-01-08,33.59431457519531,33.84946121560468,33.50926569505886,33.526275932505854,10653844
1543,2014-01-09,33.62832260131836,33.849448684975705,33.509253290365834,33.5943021390183,12969982
1544,2014-01-10,33.15205383300781,33.84945262750774,32.84587655793907,33.84945262750774,21668655
1545,2014-01-13,33.33916091918945,33.47524048303153,32.930926841859325,32.930926841859325,11775173
1546,2014-01-14,33.15205383300781,33.50925719327443,33.04999474131823,33.305141316993215,6262293
1547,2014-01-15,33.1690559387207,33.84944668779615,33.032978711744626,33.18606616886709,8229009
1548,2014-01-16,33.4242057800293,33.56028532758052,33.220089919349114,33.305138771406966,15169976
1549,2014-01-17,33.08401870727539,33.42421420121863,32.89691303128529,33.33916532773282,11229974
1550,2014-01-20,33.509254455566406,33.64533400240079,32.998961345907425,32.998961345907425,13050752
1551,2014-01-21,33.28813552856445,33.59431053741639,33.23710712945521,33.39019463388118,11629511
1552,2014-01-22,33.37318420410156,33.64534104766162,33.288135334682686,33.30514556998611,12315468
1553,2014-01-23,33.35617446899414,33.49225404636388,33.20308696316417,33.33916423343564,5617086
1554,2014-01-24,33.37318420410156,33.577302413546164,33.25411486407584,33.27112509937926,11973294
1555,2014-01-27,32.845882415771484,33.64534275163707,32.60774603075781,33.13504950927989,12637443
1556,2014-01-28,32.86288070678711,32.99895793244771,32.7608216339929,32.84587047680515,7516995
1557,2014-01-29,32.55671310424805,32.98195741377359,32.45465400854231,32.896908551868485,5177129
1558,2014-01-30,32.5226936340332,32.76082999325092,32.318575436361954,32.55671410267778,28308126
1559,2014-01-31,32.488670349121094,32.65876806340291,32.386613566230324,32.65876806340291,15088682
1560,2014-02-03,32.38660430908203,32.879887078083414,32.301555476250854,32.369594081096345,4482727
1561,2014-02-04,32.43763732910156,32.72680432495815,32.25052940867069,32.33557825367585,8237100
1562,2014-02-05,32.913909912109375,32.94793037292341,32.21651122929985,32.21651122929985,8121381
1563,2014-02-06,32.72679901123047,32.828855762988034,32.40361160700751,32.658758100595826,8396200
1564,2014-02-07,33.1690559387207,33.28812524264792,32.59072426342608,32.72680379749969,6497909
1565,2014-02-10,32.998966217041016,33.3391616736982,32.896909425722335,33.118035549710264,3792896
1566,2014-02-11,32.5226936340332,33.135045919948844,32.488673165388626,33.03298682111322,5013980
1567,2014-02-12,32.55671310424805,32.77783922236212,32.43764377474169,32.62475173235253,5538187
1568,2014-02-13,32.318572998046875,32.62475027145382,32.28455483906695,32.505680947279245,6549052
1569,2014-02-14,32.40362548828125,32.43764595817248,32.30156869280394,32.38661756043383,14754417
1570,2014-02-17,32.50568389892578,32.607742999328806,32.352596401870315,32.352596401870315,4752663
1571,2014-02-18,32.57372283935547,32.69279217547224,32.48867397272868,32.539704676963645,4866082
1572,2014-02-19,32.284549713134766,32.60773486116946,32.165480407865246,32.50567578623809,2804777
1573,2014-02-20,32.35258102416992,32.53968890145707,32.06341409499005,32.18248337338107,5141168
1574,2014-02-21,32.42063903808594,32.55671862446617,32.352600398445034,32.403628801401105,4456386
1575,2014-02-24,32.33557891845703,32.40361753444044,31.99538353144236,32.40361753444044,5118446
1576,2014-02-25,32.42063903808594,32.52269815109651,32.28456175880413,32.352600398445034,4052135
1577,2014-02-26,32.38660430908203,32.72679964040674,32.26753502027948,32.48866106280165,21051173
1578,2014-02-28,32.14847183227539,32.45464907282907,31.723227587421125,32.3355797614308,27401493
1579,2014-03-03,32.216514587402344,32.42063045226993,31.927347561634324,32.01239641543694,15373777
1580,2014-03-04,33.15442657470703,33.30959499074195,32.37858215607389,32.482028546250014,9410466
1581,2014-03-05,33.223384857177734,33.32683123116855,32.895806621588626,33.17166283941141,5385763
1582,2014-03-06,33.65441131591797,33.89578464285348,33.15442320902478,33.22338668265516,7952223
1583,2014-03-07,34.13715744018555,34.292328176519476,33.5337229629793,33.5337229629793,13092149
1584,2014-03-10,34.10268020629883,34.24060716490066,33.688896992034834,34.05095584297927,11546535
1585,2014-03-11,34.08543395996094,34.171638881582595,33.84406064711193,33.93026556873359,7773473
1586,2014-03-12,33.96474838256836,34.05095330989626,33.7233750537419,33.91302636155494,15253272
1587,2014-03-13,34.06818389892578,34.48196928891283,33.82681064707172,33.98197899908808,12326297
1588,2014-03-14,33.913028717041016,34.481982679997806,33.79234087501605,33.895787262686234,11859122
1589,2014-03-18,34.981971740722656,35.15438161186401,33.964751630221855,33.964751630221855,15512927
1590,2014-03-19,35.275054931640625,35.67159890134148,34.9474767573366,34.9474767573366,12921191
1591,2014-03-20,34.2406005859375,35.24057902827042,34.13715421763299,35.06816919391557,6054665
1592,2014-03-21,34.77508544921875,35.46472506247524,34.32681923291024,34.413024184567305,21508819
1593,2014-03-24,35.58540725708008,35.93022700873645,34.826804271127784,34.826804271127784,9956813
1594,2014-03-25,36.41297149658203,36.53365933765706,35.37851230493933,35.37851230493933,14139614
1595,2014-03-26,35.86125183105469,36.72330092906486,35.72332257229836,36.55089110946283,6805235
1596,2014-03-27,36.37848663330078,36.688823418785006,35.86125709852161,35.86125709852161,20892387
1597,2014-03-28,37.05088806152344,37.326744307161185,36.13711439400203,36.32676570903164,6967406
1598,2014-03-31,36.20608139038086,37.34398697922118,36.05091063945745,36.964684336788245,6602071
1599,2014-04-01,37.24053955078125,37.74052768295599,36.24056094797335,36.37849024066673,13292951
1600,2014-04-02,37.37846374511719,37.619839404893625,36.98192202712717,37.29225882047081,8823613
1601,2014-04-03,37.481903076171875,37.7922421496332,36.86122726770701,37.27501269898879,6355761
1602,2014-04-04,36.75779342651367,37.49915729462516,36.67158848871875,37.49915729462516,7240495
1603,2014-04-07,36.86124038696289,37.32674799360445,36.48193771944321,36.79227690335713,6247841
1604,2014-04-09,36.80951690673828,37.03364880422969,36.39573134451023,36.9129632972953,6654828
1605,2014-04-10,37.17157745361328,37.30950441296861,36.61986493927496,36.86123828737604,9464658
1606,2014-04-11,37.11985397338867,37.223300364596234,36.947444100862256,36.96468555580661,6290384
1607,2014-04-15,37.18881607055664,37.30950156616935,36.82675490680186,36.981923308851535,9004170
1608,2014-04-16,37.13709259033203,37.30950244968296,36.44745315292831,37.1543340439588,10220793
1609,2014-04-17,36.96468734741211,37.06813374363352,36.60262612986653,37.05089228785351,10918544
1610,2014-04-21,36.53366470336914,37.30950921104973,36.46470121482263,36.82676245276533,4950498
1611,2014-04-22,36.53366470336914,36.72331605071616,35.98195211807943,36.619869648666985,8749084
1612,2014-04-23,36.41297149658203,36.87847906820463,36.27504453974639,36.516417883437995,11101407
1613,2014-04-24,36.41297149658203,36.41297149658203,36.41297149658203,36.41297149658203,0
1614,2014-04-25,36.37848663330078,36.654340514416454,36.06814750935837,36.34400372893223,5635586
1615,2014-04-28,36.58538055419922,36.72330984644841,36.137114446691584,36.29228519277922,4189566
1616,2014-04-29,36.41297149658203,37.03364747925935,36.25780308552732,36.82675704400588,8984063
1617,2014-04-30,36.481937408447266,37.20605982628154,36.171600565637505,36.46469829153676,9560866
1618,2014-05-02,36.0509033203125,36.706062084370274,35.89573493935024,36.41296443486311,2642603
1619,2014-05-05,36.24055862426758,36.41296847523575,35.84401690242409,35.96470239502685,1955739
1620,2014-05-06,35.34402847290039,36.257799739132004,35.17161862353908,36.17159481445135,4306301
1621,2014-05-07,35.34402847290039,35.74057019104809,35.17161862353908,35.41299194495326,6851875
1622,2014-05-08,35.70608901977539,36.10263309563857,35.3440301893007,35.65436699783854,6511390
1623,2014-05-09,36.843990325927734,36.981917252170064,35.706082661367795,35.79228757488374,19808139
1624,2014-05-12,38.44740676879883,38.96463633043514,36.7060667769316,36.7060667769316,8560913
1625,2014-05-13,38.91291809082031,39.75772365076601,38.654303284872576,38.75774733648484,14210275
1626,2014-05-14,38.619815826416016,39.30945522771214,38.447405976091986,38.947394074340025,8786547
1627,2014-05-15,39.464637756347656,39.86117959520179,37.32675310273369,38.464658922585876,17562208
1628,2014-05-16,41.20597457885742,43.32661536844362,40.3611642160292,40.3611642160292,35379329
1629,2014-05-19,42.15422439575195,43.17144454360398,41.48182400284404,41.48182400284404,25035487
1630,2014-05-20,43.06800079345703,43.999016110281104,42.39560499967769,42.740424794513594,22538200
1631,2014-05-21,42.91282653808594,43.39557322374618,42.412836059809706,42.75765578912658,10213784
1632,2014-05-22,43.24040222167969,43.774875605142455,42.464557835258105,42.79213844695841,17055437
1633,2014-05-23,45.119659423828125,45.51620106777099,41.39560456835641,43.44728326259192,22941667
1634,2014-05-26,44.18866729736328,46.48171786758463,42.4128417131428,45.41277562883646,23747350
1635,2014-05-27,43.757633209228516,44.309345725898325,42.75765690353032,43.30936942020013,11091241
1636,2014-05-28,43.05074691772461,43.79210828711746,42.86109796633907,43.79210828711746,13246147
1637,2014-05-29,43.119720458984375,43.792116142902536,42.89558388742797,43.395574379014846,14803509
1638,2014-05-30,42.068016052246094,43.61970482390884,41.43009862184581,43.27488509687268,69911271
1639,2014-06-02,43.17143630981445,43.56797801698708,42.136977242277354,42.171460146578525,13367356
1640,2014-06-03,43.188682556152344,43.6369510322668,42.60249179388793,43.10247761962077,18372713
1641,2014-06-04,42.84385681152344,43.41280837759035,42.68869075364144,43.18867650937205,23251745
1642,2014-06-05,43.757633209228516,44.309345725898325,43.27488651098632,43.34385232941393,19424103
1643,2014-06-06,44.17141342163086,44.27486213675594,43.464534914400176,44.10244761154747,14951210
1644,2014-06-09,47.361000061035156,49.17130363804312,44.18866136080943,44.430032364927015,41900147
1645,2014-06-10,46.87825012207031,48.619587761654735,46.378259679024666,48.067879975155975,22963428
1646,2014-06-11,46.11965560913086,47.29204661995848,45.361054888091545,46.87826100708783,14529763
1647,2014-06-12,47.050662994384766,47.42996562963448,45.58517915399207,46.06792583662041,15766959
1648,2014-06-13,45.99897384643555,47.757551063150444,44.82658279940188,47.34377011441898,10439654
1649,2014-06-16,45.447261810302734,45.86104276424595,44.705900175518025,45.86104276424595,11540459
1650,2014-06-17,46.03342819213867,46.481696500084155,45.18862293721033,45.18862293721033,16756330
1651,2014-06-18,46.18860626220703,47.067894554530554,45.343796195530615,46.205845375030584,13262126
1652,2014-06-19,45.24036407470703,46.550677301732776,45.06795419341852,46.20585753915576,4904553
1653,2014-06-20,45.61966323852539,45.98172209060416,45.05071160943719,45.481736279491436,9100975
1654,2014-06-23,45.309326171875,46.033443872203414,45.08518960309843,45.51621427087342,9955400
1655,2014-06-24,45.65414047241211,46.05068218418595,45.48173062582205,45.8437894328946,10866416
1656,2014-06-25,45.65414047241211,45.94723347008207,45.309320779232,45.51620885360694,14393130
1657,2014-06-26,45.70587158203125,46.033447549558275,45.378290937586875,45.87828146291411,19577916
1658,2014-06-27,47.08516311645508,47.37826092707129,45.343820051569715,45.86104983139176,21315448
1659,2014-06-30,47.998931884765625,48.34375171709437,47.343775138724666,47.516185054889036,33365772
1660,2014-07-01,48.274776458740234,48.843732812581955,47.740307693702874,48.274776458740234,17681327
1661,2014-07-02,48.7230339050293,49.22302432165795,48.48165825350174,48.48165825350174,15633096
1662,2014-07-03,48.447181701660156,48.964411299679654,47.98167880497616,48.87820636667641,10773481
1663,2014-07-04,49.723018646240234,50.44714104892908,48.119607761161646,48.412705480930605,11771805
1664,2014-07-07,50.36093521118164,50.67127204194734,49.67129573085028,50.17128622485734,13259170
1665,2014-07-08,47.49893569946289,50.48163064164811,46.895501063493036,50.343703660238546,14948074
1666,2014-07-09,46.96444320678711,48.06786785540208,46.136877058783575,47.58511664856091,8629784
1667,2014-07-10,47.42997741699219,48.188578199103176,44.82658502385198,47.24032371377592,17933570
1668,2014-07-11,45.75758743286133,47.87822774601459,45.067948002442925,47.343759058207006,11319671
1669,2014-07-14,46.18860626220703,47.136860359657,45.430001113480614,45.75758167245705,7915363
1670,2014-07-15,46.60239028930664,46.86100503511098,45.89550717795853,46.36101465578953,9737615
1671,2014-07-16,46.98170852661133,47.3092892172988,45.964492891957086,46.67137163259678,6411041
1672,2014-07-17,47.82651138305664,48.06788708302988,46.79205211502949,46.91273996501611,8924449
1673,2014-07-18,47.2747917175293,47.636855212955155,46.86101087879247,47.53340649558353,5148178
1674,2014-07-21,47.20584487915039,47.58514292696706,47.03343497489992,47.2748060346998,4656631
1675,2014-07-22,46.809288024902344,47.51617128243881,46.429990060813985,47.2403126903818,6944595
1676,2014-07-23,46.99893569946289,47.654092172186836,46.6196331067544,47.05065771735124,7269605
1677,2014-07-24,46.42997360229492,47.06788613954342,46.20583711416406,46.964442127264014,5942240
1678,2014-07-25,46.4817008972168,46.75755474595929,45.550685973108216,46.3782521962515,8230977
1679,2014-07-28,45.93000030517578,46.75756674061354,45.58518056733362,46.55067396252485,5386124
1680,2014-07-30,46.447235107421875,46.87825982793802,45.861039616752905,45.861039616752905,8577572
1681,2014-07-31,45.895511627197266,46.429984959822484,45.65414064719696,46.27481422653081,19081582
1682,2014-08-01,44.75761413574219,45.86103449078169,44.56796047376249,45.86103449078169,10682255
1683,2014-08-04,45.67138671875,46.447231149567926,44.25762482054278,45.17139621478936,23311942
1684,2014-08-05,45.67138671875,46.22309924938173,45.17139621478936,45.86103570884975,16126934
1685,2014-08-06,46.22309875488281,46.51619647210632,45.29208357709453,45.46449344876517,9867110
1686,2014-08-07,46.378273010253906,47.01619058329082,46.15414107294848,46.46447796128814,11406313
1687,2014-08-08,45.48174285888672,46.25758737721814,44.98175229852829,46.11965572131397,5755079
1688,2014-08-11,45.49897003173828,46.136887403599076,44.826569754954875,46.136887403599076,7165189
1689,2014-08-12,45.60243225097656,45.826568883877115,45.20589037855901,45.55071021142963,4457748
1690,2014-08-13,45.61966323852539,46.292058917659816,45.119672750495674,45.51621451156218,7838517
1691,2014-08-14,45.93000030517578,46.205854224682696,45.70586841096178,46.03344435576162,4598772
1692,2014-08-18,46.4817008972168,46.65411072190981,45.63689088545472,45.72309579780123,5649943
1693,2014-08-19,47.08516311645508,47.55067085367863,45.9989815142125,46.58517245852634,7522151
1694,2014-08-20,47.2747917175293,47.44720156956545,46.998937825038084,47.13686477128369,11632976
1695,2014-08-21,47.050662994384766,47.27479488164968,46.757565290922855,47.13686792617257,5097954
1696,2014-08-22,46.25758743286133,47.205841845295936,46.171382486276364,47.06791018922585,3969492
1697,2014-08-25,45.67138671875,46.378265329395035,45.516215961819555,46.27482127605283,7109144
1698,2014-08-26,45.171390533447266,45.861029940769626,44.964502452783805,45.49897112269201,7855848
1699,2014-08-27,44.65416717529297,45.5851823751559,44.08521552067327,45.06795274788032,14179712
1700,2014-08-28,44.55073165893555,44.930034393682675,43.94729697812996,44.671419530480286,24486863
1701,2014-09-01,45.65414047241211,45.79206741430087,43.861076197108986,44.13693008088651,7250215
1702,2014-09-02,45.68861770629883,45.94723247055807,45.25759309920009,45.447246732473324,8985537
1703,2014-09-03,45.77482986450195,46.03344466964697,45.30932695677456,45.912761502112936,8220774
1704,2014-09-04,46.71860885620117,46.840494816256374,45.464884883026016,46.0046804086495,8542895
1705,2014-09-05,46.82307434082031,47.188741593503046,46.318100778992985,46.892727495392606,5566453
1706,2014-09-08,46.352935791015625,47.258403347577676,45.88278872092287,47.014621985743034,6820385
1707,2014-09-09,46.68378829956055,47.01462908511758,46.49224442247251,46.527071011354906,6490318
1708,2014-09-10,47.415122985839844,47.57183553469646,46.5793038311519,46.5793038311519,5594235
1709,2014-09-11,48.00715255737305,48.12904323554259,47.11910067440689,47.55442115106275,6309287
1710,2014-09-12,47.066856384277344,48.02456129501054,46.89272821868949,47.81560655159936,7528757
1711,2014-09-15,47.62406921386719,47.815613056187736,46.614126660776044,46.68377982589796,3929071
1712,2014-09-16,47.345458984375,47.989734133925374,46.8404854208961,47.449933993046415,6434969
1713,2014-09-17,47.415122985839844,47.57183553469646,46.596719485600296,47.5370089493295,5122756
1714,2014-09-18,47.554439544677734,48.024586786020535,47.0668813669461,47.29324715765743,16935401
1715,2014-09-19,47.65888977050781,48.45988217401578,47.2758068578326,47.2758068578326,17128011
1716,2014-09-22,47.71112823486328,47.85043455029316,47.17133279492377,47.641479800677274,7010679
1717,2014-09-23,47.53700256347656,48.19869342597167,47.275810293606135,47.8852589233038,10349414
1718,2014-09-24,47.31062698364258,47.85042706264293,47.13649884013179,47.39769105539797,6457902
1719,2014-09-25,47.36288833618164,47.72856045584099,47.10169598936664,47.36288833618165,16106351
1720,2014-09-26,47.71112823486328,47.85043455029316,47.032031203022825,47.380287544539655,5236288
1721,2014-09-29,48.59919357299805,48.79073270623393,47.537008704196886,47.711136906603976,8073293
1722,2014-09-30,47.1016845703125,48.42506164079514,46.701190680328985,48.39023505829017,12952693
1723,2014-10-01,47.345458984375,48.059382565196735,46.9101385756962,47.36286991131066,7924373
1724,2014-10-07,47.79820251464844,47.97233072254494,46.997214647736534,47.34547106352952,8847590
1725,2014-10-08,48.024574279785156,48.33800411788198,47.64149126720901,47.711139718158265,4593053
1726,2014-10-09,48.07680130004883,48.37282014164737,47.815609038084645,48.11162787968319,9248781
1727,2014-10-10,47.38029861450195,48.00715828628055,47.25840792178666,47.88526759356526,11619666
1728,2014-10-13,46.962379455566406,47.484763983528616,46.8579044393856,46.96237945556641,10406480
1729,2014-10-14,47.38029861450195,47.58925341293817,46.788260806187694,47.06686877861266,14165351
1730,2014-10-15,47.38029861450195,47.38029861450195,47.38029861450195,47.38029861450195,0
1731,2014-10-16,46.648956298828125,47.415122271235056,46.14398262744223,47.36288003220705,11263977
1732,2014-10-17,46.70119094848633,47.188748935767094,46.49223617578616,46.99720981618412,5532569
1733,2014-10-20,47.04944610595703,47.537004080569226,46.492234967744814,46.492234967744814,7878465
1734,2014-10-21,48.738502502441406,49.051932369092015,47.06687339795116,47.27582349336457,6706899
1735,2014-10-22,48.686256408691406,49.27828944736884,48.39023752758786,49.10416124948789,11612786
1736,2014-10-27,49.46983337402344,50.63649324629738,48.808147165780355,49.06933946299707,11023074
1737,2014-10-28,49.626548767089844,49.765850375637285,48.68625464321802,49.36535175621034,7011349
1738,2014-10-29,49.64396286010742,50.148936537239074,48.75590619241345,49.93998174933874,13392055
1739,2014-10-30,50.305641174316406,50.566833437233576,49.313109630525354,49.45241122604203,15543181
1740,2014-10-31,50.775787353515625,50.967326453745926,50.09668559173735,50.3056403433252,12145111
1741,2014-11-03,50.444976806640625,52.23850200097611,50.340501720392766,51.019603951600594,13632949
1742,2014-11-05,49.60912322998047,50.81060940182515,49.46982164918668,50.392699935915196,5298871
1743,2014-11-07,50.46235275268555,50.67130748425173,49.48723224655286,49.48723224655286,4488647
1744,2014-11-10,51.576786041259766,52.029522220039084,49.71361797859293,50.497194921275984,10354057
1745,2014-11-11,51.42006301879883,52.551896150034736,51.15887075774439,51.890210033402624,8362310
1746,2014-11-12,49.783260345458984,51.402651551097954,49.46983055138845,51.17628585113197,6309241
1747,2014-11-13,50.37531280517578,50.61908950583437,49.800690560764565,50.131531380986395,10971261
1748,2014-11-14,50.18376159667969,50.810626000324774,49.80068330523725,50.09669748980093,6123081
1749,2014-11-17,51.10661697387695,51.21109195561407,50.0444326164211,50.28821387184441,4923950
1750,2014-11-18,51.663848876953125,52.16882256146802,50.84545009129984,51.17629084707695,6475424
1751,2014-11-19,51.07181167602539,52.238471501113004,50.584253685646395,51.80315102335864,5431984
1752,2014-11-20,50.8976936340332,51.193712562638886,50.23600732061078,50.91510456720336,3590544
1753,2014-11-21,51.0369758605957,51.19369309364919,50.653892964765014,50.653892964765014,5424821
1754,2014-11-24,49.60912322998047,50.67130782103135,49.17380283779451,50.42752651199579,6633290
1755,2014-11-25,48.44247055053711,49.10415669642558,47.31063736925737,49.10415669642558,55543705
1756,2014-11-26,48.459877014160156,48.93001923687668,48.0767941422744,48.233506642003796,5741991
1757,2014-11-27,49.017086029052734,49.556886154126154,48.5295281303141,48.5295281303141,4482174
1758,2014-11-28,49.69621276855469,50.009642666797845,48.56437916901537,49.06935297206838,4619433
1759,2014-12-01,48.18128204345703,49.76585145520543,47.98974291799045,49.43500599463994,2477146
1760,2014-12-02,48.07680130004883,48.47729515702142,47.972321561145726,48.05938564846712,2350906
1761,2014-12-03,47.78077697753906,48.42505209451867,47.67630197414928,48.05938013559746,8617759
1762,2014-12-04,47.53700256347656,47.95491208468093,47.25839936502645,47.745957324078745,4516507
1763,2014-12-05,47.62406921386719,48.12904285217748,47.36287692995416,47.467356677637035,5700055
1764,2014-12-08,47.31062698364258,48.16385677625671,47.171325413539584,47.62405669725635,3081176
1765,2014-12-09,46.99720764160156,47.65889378826103,46.87531696953894,47.15392489475767,4817465
1766,2014-12-10,47.79820251464844,47.989746377452555,46.77084892217707,46.87532395750299,3714413
1767,2014-12-11,47.345458984375,48.059382565196735,46.92754950263186,48.02456071132542,3222482
1768,2014-12-12,46.94497299194336,47.48476849942835,46.50965251057498,47.39770440315467,4812683
1769,2014-12-15,46.82307434082031,47.08426658517333,46.30068985211427,46.579293023346004,2791969
1770,2014-12-16,46.33551788330078,46.96237740000592,46.022088124948205,46.50964605166653,4811157
1771,2014-12-17,45.6215934753418,46.78825324825185,45.13403550676829,46.17880460665264,6760384
1772,2014-12-18,45.83055114746094,46.43999982772285,45.116627439994524,45.98726841179726,5750448
1773,2014-12-19,47.293235778808594,47.415126474797184,45.44747385384042,46.19622896197166,4845177
1774,2014-12-22,47.65888977050781,47.79819135960912,46.92755052331492,47.328049086833325,3767407
1775,2014-12-23,48.42506790161133,48.6688445636048,47.519600257062635,47.64149094982439,6644017
1776,2014-12-24,47.46734619140625,48.39022444598242,46.70118043844015,48.39022444598242,8715919
1777,2014-12-26,47.74596405029297,48.66884258913986,47.53700926025427,48.23352207803002,2310253
1778,2014-12-29,47.71112823486328,48.49470500327614,47.606653221819805,48.059384576380104,1421574
1779,2014-12-30,47.937496185302734,48.23351028163785,47.798189876993625,48.05938211978016,2146065
1780,2014-12-31,48.059383392333984,48.80813828697113,47.86784429863028,48.16386312633231,3960548
1781,2015-01-01,47.74596405029297,48.1290470447756,47.6763156026333,48.05939387358608,778837
1782,2015-01-02,48.320579528808594,48.529534290084165,47.763373130112676,47.763373130112676,3612848
1783,2015-01-05,48.37282180786133,48.79072660728143,47.415116814337615,48.23351548452543,7291352
1784,2015-01-06,47.293235778808594,48.16387685939825,46.718613610325455,48.07681275133928,8288963
1785,2015-01-07,47.97233581542969,48.233528155003384,46.49224589117875,47.01463057032614,3256180
1786,2015-01-08,48.18128204345703,48.37282589245322,47.44994267830621,48.059391362010295,2436600
1787,2015-01-09,48.21611785888672,48.581785249709505,47.69373317283673,48.16388033498782,2079643
1788,2015-01-12,47.53700256347656,48.47729662442178,47.18874620364932,47.92008550399236,3660975
1789,2015-01-13,47.31062698364258,47.98972863274592,47.101672266723995,47.55440827396896,2850708
1790,2015-01-14,47.38029861450195,47.67631751865909,46.94497808589736,47.29323450878104,3939014
1791,2015-01-15,49.783260345458984,50.04445262777267,47.53700482814953,47.53700482814953,6425406
1792,2015-01-16,51.31558609008789,51.872797222220406,49.034508774721736,49.73102150900505,8222495
1793,2015-01-19,51.489715576171875,51.85538760503844,50.28823391325736,51.24593894712358,5082702
1794,2015-01-20,51.3329963684082,52.23846377288717,51.12404162529324,51.89020744220517,6145107
1795,2015-01-21,51.158878326416016,51.55937224124454,50.862859442054166,51.29817994154815,2865190
1796,2015-01-22,51.663848876953125,52.726033762839315,51.071815813364154,51.22852836393335,7016755
1797,2015-01-23,52.081748962402344,52.23846620792597,51.2633456024449,51.82055670221565,4549463
1798,2015-01-27,52.22105026245117,52.58672225877117,51.263345313825305,51.6290173101453,6048058
1799,2015-01-28,52.04692459106445,52.83050140486731,51.89021206242141,52.395180952754615,5448999
1800,2015-01-29,51.82057571411133,52.221069715291414,51.40266605507862,52.18624784664764,6923717
1801,2015-01-30,51.541961669921875,52.412602674978174,50.84544886587684,51.71608987093314,3094145
1802,2015-02-02,51.489715576171875,51.78573444043641,50.84544505948541,51.28076552942459,2427202
1803,2015-02-03,51.26335525512695,52.02952125201882,51.01957860050129,51.85539304577338,1320013
1804,2015-02-04,50.93250274658203,51.97727174301271,50.810612085626026,51.36782316176148,1740828
1805,2015-02-05,50.02705001831055,51.158883429903895,49.696204516278875,50.93251769229127,2453418
1806,2015-02-06,49.9573860168457,50.49718620721683,49.31311080822425,49.591718729440394,2422833
1807,2015-02-09,49.26088333129883,49.957396190893405,48.755909618680704,49.80068363160271,2511094
1808,2015-02-10,50.532012939453125,50.91509591587826,48.75590439313998,48.82555756104623,3982617
1809,2015-02-11,50.758384704589844,51.837975770743064,50.497192403385725,50.845448804991214,5670681
1810,2015-02-12,52.32553482055664,52.93498348037325,50.86285614758503,51.82056118443969,7776840
1811,2015-02-13,52.76084899902344,53.17875376750761,52.01209882240156,52.84791308289875,8270115
1812,2015-02-16,53.196170806884766,53.77079283075436,52.93497854844141,52.93497854844141,3789682
1813,2015-02-18,53.89268112182617,53.979745204138354,52.67378396945564,52.96980279402281,4034642
1814,2015-02-19,53.73596954345703,53.99716181790104,52.63896293549804,53.9100977264197,2708022
1815,2015-02-20,53.37030792236328,53.910103457520705,53.039462450150815,53.596673639573496,4586215
1816,2015-02-23,54.29316329956055,54.850374251436676,53.10909297902863,53.28322110626944,5857600
1817,2015-02-24,54.589210510253906,54.920051290315556,54.171300897667365,54.29319159496596,3786009
1818,2015-02-25,53.82302474975586,54.93744682615827,53.1439277824253,54.88520932459877,3842514
1819,2015-02-26,53.196170806884766,54.48471644775462,52.51706904552044,53.66631781678861,7368101
1820,2015-02-27,54.711082458496094,54.85038404044398,52.969800875325994,53.26581496564203,4870174
1821,2015-03-02,54.57177734375,55.37276972360269,54.11904601165884,54.93744931831168,3288237
1822,2015-03-03,54.17129135131836,54.46731021444032,53.68373337157423,54.39765705010713,3773373
1823,2015-03-04,53.78822326660156,54.79817081102904,53.31808080971442,54.38026115653969,4927543
1824,2015-03-05,54.031986236572266,54.38024258855867,52.79567807643216,53.63149237649372,2511965
1825,2015-03-09,52.55929183959961,53.99352265996274,52.366892302750124,53.62621704123071,2904210
1826,2015-03-10,51.947120666503906,52.594274119809455,51.31745592357237,52.55929195443029,4007085
1827,2015-03-11,51.73721694946289,52.47182322425394,51.57979962463991,52.26193503936654,3350372
1828,2015-03-12,52.34939956665039,53.311382943026146,51.78969919874198,51.78969919874198,4034334
1829,2015-03-13,51.28245544433594,52.61174404161411,51.07257201627625,52.559273184599185,3743353
1830,2015-03-16,51.33494186401367,51.66726052489207,50.91516543017412,50.91516543017412,1546607
1831,2015-03-17,51.6497688293457,52.12201610393996,51.09006853147954,51.45736933136943,4288235
1832,2015-03-18,51.299957275390625,51.859657579138904,51.0375982028177,51.597298506565984,3493449
1833,2015-03-19,51.10755920410156,52.20947113541592,50.72276968260867,51.299958709478354,2641643
1834,2015-03-20,51.8421516418457,52.41934525819886,50.582827447865576,51.07256806108996,3763675
1835,2015-03-23,52.19196701049805,53.136461402874914,51.96459013666788,52.29691346777847,4249360
1836,2015-03-24,51.75471496582031,52.76917391784954,51.59730235730688,52.12202054161279,5170910
1837,2015-03-25,51.24748229980469,51.96459514280686,51.14253583241399,51.68474738569134,6008163
1838,2015-03-26,50.757747650146484,52.2969247313961,50.39044683212988,51.38741229555689,11848617
1839,2015-03-27,50.63530731201172,51.05507891562262,50.09309580014878,50.75773773100481,3479176
1840,2015-03-30,50.722774505615234,50.93265799379358,50.23303371418361,50.74026321475316,4359504
1841,2015-03-31,50.810203552246094,51.22997507505266,50.54784457125628,50.89765654590936,4797950
1842,2015-04-01,51.22998809814453,51.369911974649874,50.75774086338796,50.75774086338796,2808077
1843,2015-04-06,51.75471496582031,52.27943315012622,51.02010855886591,51.21250807322309,5315447
1844,2015-04-07,51.75471496582031,51.84216799653796,51.07258417300096,51.49235587366735,2457023
1845,2015-04-08,51.52733612060547,52.401866395292615,51.422394385495174,51.61478914807419,4009038
1846,2015-04-09,52.82163619995117,53.03152438847738,51.56231181342374,51.614782674397844,2422269
1847,2015-04-10,53.416316986083984,53.53875216526304,52.576768927560536,52.9965453291373,2200148
1848,2015-04-13,53.99351119995117,54.46575372509665,52.73418672875961,53.45129961441988,2208671
1849,2015-04-15,53.0140380859375,54.57070388736636,52.82164332154986,54.203398321766635,2330815
1850,2015-04-16,52.71670150756836,53.25891317774902,51.59730549312953,52.87411887027939,2492100
1851,2015-04-17,52.506805419921875,53.03152351023274,52.15698861508491,52.716688860342444,3666806
1852,2015-04-20,52.4018669128418,53.38134367694347,51.99958393143863,52.54179080924762,2278982
1853,2015-04-21,52.06953811645508,53.17144995506497,51.807179058620335,52.471825800838985,2312891
1854,2015-04-22,51.43989181518555,52.31442223815638,51.28247444119832,52.12202744295528,4849646
1855,2015-04-23,51.299957275390625,52.10452320009551,51.0375982028177,51.77220455494793,3515131
1856,2015-04-24,51.02009963989258,51.7547059184283,50.39043982665039,51.07257524485422,2613457
1857,2015-04-27,50.70528030395508,51.684757127740454,50.547867690143114,51.10756330987107,2052351
1858,2015-04-28,50.530364990234375,51.247482581812584,50.19804636990972,50.477894128565204,3429520
1859,2015-04-29,50.04064178466797,50.652813064186304,49.84824699467178,50.495395694457734,2061972
1860,2015-04-30,49.74329376220703,50.65280620322344,49.11363385784282,49.7083116020467,4099911
1861,2015-05-04,50.42543029785156,50.58284290480754,49.323518326007076,50.02314730945669,3652050
1862,2015-05-05,50.075618743896484,51.29996117565519,49.515918397594966,50.04063658263441,7999174
1863,2015-05-06,49.18359375,49.935693592079886,48.99119898482589,49.935693592079886,6031578
1864,2015-05-07,49.07865524291992,49.341014346128475,48.29157793329426,48.97370875485804,5448071
1865,2015-05-08,48.973697662353516,49.74328608863973,48.86875594269162,49.32350972073276,2987105
1866,2015-05-11,50.02314758300781,50.14557802976624,48.90374689692362,49.23606556540166,3927933
1867,2015-05-12,48.72882843017578,50.040623551159435,48.48395810974043,49.98815269524596,4551824
1868,2015-05-13,49.27104568481445,49.498422605326134,48.291573683550105,48.7987983916715,4097879
1869,2015-05-14,48.763824462890625,49.253560498534746,48.36153671557478,49.253560498534746,3467677
1870,2015-05-15,48.99119567871094,49.56838467991279,48.728836610470985,49.0436665434329,6305129
1871,2015-05-18,48.99119567871094,49.306025611672844,48.53643711365028,48.798796181890225,14967798
1872,2015-05-19,48.536434173583984,50.337970128742064,48.309057277141946,48.973699260830145,6595326
1873,2015-05-20,49.25355529785156,49.463443503717144,48.64138413177789,48.658872838670774,5168468
1874,2015-05-21,48.798805236816406,49.30603476071866,48.51895740995166,49.14861739271285,2628801
1875,2015-05-22,49.306034088134766,49.655846239259425,48.06420284949461,48.72884498770527,5380668
1876,2015-05-25,50.05813217163086,50.16307866984239,49.34101911802594,49.58588479125705,5557091
1877,2015-05-26,50.04064178466797,50.23303657466416,49.51592354508083,50.16307698949785,2220470
1878,2015-05-27,50.093109130859375,50.23303303596604,49.603373090670694,50.04063825952322,1137269
1879,2015-05-28,50.093109130859375,50.460414719473945,49.16610792181817,50.460414719473945,3848527
1880,2015-05-29,50.26802062988281,50.530379759542356,49.41097890847582,49.8482488692063,3473570
1881,2015-06-01,50.05813217163086,51.38742126989165,49.7607956216096,51.29996822703098,15815832
1882,2015-06-02,49.84823989868164,49.988163793726905,49.445952176559715,49.84823989868164,4635659
1883,2015-06-03,50.093109130859375,50.28550865193293,49.23606750205612,49.72580828687555,6029264
1884,2015-06-04,50.49538040161133,50.775232891414674,49.813249743514284,50.02313792470939,8566490
1885,2015-06-05,50.68777084350586,51.177506682585374,50.023129008710185,50.37294100014252,8696044
1886,2015-06-08,51.12504959106445,51.31744434027609,50.35546110495775,50.88017923331321,4215142
1887,2015-06-09,51.54482650756836,51.82467905136403,50.82771355681365,51.07258393955604,2699663
1888,2015-06-10,51.4748649597168,51.842165775140145,51.14254155937729,51.61478885394329,2875048
1889,2015-06-11,51.07257843017578,51.544820947245626,50.67029073840512,51.282461884593474,2113307
1890,2015-06-12,50.862693786621094,51.0550885481631,49.760786595380615,50.897675946346105,2614529
1891,2015-06-15,49.39346694946289,50.72275542752176,49.201072242786914,50.72275542752176,3574132
1892,2015-06-16,50.407928466796875,50.60032794727171,49.14860409730881,49.253550562466835,2705206
1893,2015-06-17,49.60335922241211,50.495378019625626,49.13111202315754,50.268001144319186,3030212
1894,2015-06-18,49.65583038330078,49.918189412868536,49.27103619100886,49.42845350660129,4549773
1895,2015-06-19,48.973697662353516,49.813250398167455,48.51894388431238,49.655833074044914,9119658
1896,2015-06-22,49.42845916748047,49.743289090092325,49.11362924486862,49.271041833859556,1849073
1897,2015-06-23,48.763824462890625,49.60337263037065,48.67637142993165,49.32352007812351,4200054
1898,2015-06-24,48.92123794555664,49.16610834004934,48.6413901329628,48.6413901329628,3101425
1899,2015-06-25,49.42845916748047,49.63834736409837,48.571417674886554,49.043664931119324,11124905
1900,2015-06-26,48.65886306762695,49.41095797170831,48.588903509473596,49.14859895321742,4184617
1901,2015-06-29,48.798805236816406,49.04367564379633,48.16914525405521,48.20412741857106,3452315
1902,2015-06-30,48.65886306762695,49.11362154645536,48.15163847865546,48.79878692856291,2588831
1903,2015-07-01,49.795745849609375,50.05810483491721,48.41399137376532,48.67635035907315,1988394
1904,2015-07-02,49.49843215942383,50.02315516557624,49.18360215143739,50.005661710080105,2965570
1905,2015-07-03,49.49843215942383,50.005661710080105,49.148619985076394,49.148619985076394,3051297
1906,2015-07-06,48.973697662353516,49.74328608863973,48.86875594269162,49.14860369154314,2083899
1907,2015-07-07,48.48395538330078,49.498409270888956,48.36152022996811,49.32350326459344,3234495
1908,2015-07-08,48.27406311035156,48.693839387516896,47.71436773363602,48.30904525755346,2440394
1909,2015-07-09,47.92426681518555,48.46647841273145,47.88928940116278,48.30906107110807,2478234
1910,2015-07-10,48.5014533996582,48.676359422430274,47.87178887090103,47.95924188228706,2901055
1911,2015-07-13,48.973697662353516,49.11362628140897,47.94175493691256,48.41400216465048,1612390
1912,2015-07-14,49.04367446899414,49.30603357963187,48.55393841139656,49.008692305316266,2264950
1913,2015-07-15,48.886234283447266,49.218557566303964,48.798781287393254,48.991180725489286,1504877
1914,2015-07-16,48.833778381347656,49.0261778783316,48.65887233570596,48.86876053940202,1827243
1915,2015-07-17,49.39346694946289,49.58586165613886,48.79878463761694,48.85126023455495,1696436
1916,2015-07-20,49.04367446899414,49.585881399793095,48.991203595792776,49.585881399793095,1668294
1917,2015-07-21,48.973697662353516,49.28853231059859,48.85126723762453,49.026173266814155,1315889
1918,2015-07-22,49.953182220458984,50.11059956962762,48.553933764312774,48.86876371801958,1890132
1919,2015-07-23,49.76078414916992,50.12808494665033,49.23606126835055,50.05812063063971,1225377
1920,2015-07-24,49.69082260131836,50.00565255164431,49.39348135865425,49.74329346893428,1692284
1921,2015-07-27,49.113624572753906,50.005643392735905,48.99118940765473,49.44594316987506,1296310
1922,2015-07-28,49.44595718383789,49.56839238363762,48.78131505659332,49.32352198403816,1547151
1923,2015-07-29,48.973697662353516,49.428456185024345,48.79879163316389,49.218568001070864,1900932
1924,2015-07-30,49.81325149536133,50.1105927004589,48.938721330150685,49.043663052124046,2942993
1925,2015-07-31,49.67331314086914,49.970654287709486,49.113617740497745,49.970654287709486,1956499
1926,2015-08-03,49.18359375,49.98816446034279,49.078652013474205,49.341011099419156,1508372
1927,2015-08-04,49.32352066040039,49.84824360897942,48.956219815488886,49.14861459241763,1001510
1928,2015-08-05,49.23605728149414,49.480927623072965,49.008680389816526,49.3235102971109,1107859
1929,2015-08-06,49.34101486206055,49.63835613106553,49.043673593055566,49.078655756108645,1295185
1930,2015-08-07,48.833778381347656,49.778272925664865,48.7463253585268,49.16610176591893,2213871
1931,2015-08-10,48.29157638549805,49.49842537479813,48.06419945226446,49.00868934676488,2570753
1932,2015-08-11,48.256591796875,49.25355725589765,47.43453239225526,48.973704722074764,3873211
1933,2015-08-12,47.5744514465332,48.23909818134609,47.46950972242059,47.92426351974845,1472522
1934,2015-08-13,48.20411682128906,48.483964586631565,44.07633144239233,47.50449266330284,2470225
1935,2015-08-14,48.39651870727539,48.64138909655059,48.169141771308816,48.204123933295364,1304682
1936,2015-08-17,48.30906295776367,48.78131025644666,47.90677997911906,48.44898685321001,813782
1937,2015-08-18,48.0641975402832,48.51895138866039,47.80183845592011,48.30906317224383,1461999
1938,2015-08-19,47.731868743896484,48.41400418404035,47.609433569430934,48.099169522663246,2417706
1939,2015-08-20,47.609432220458984,47.906773422984735,46.99726111010646,47.2596201574004,2256015
1940,2015-08-21,46.664947509765625,47.29460739305776,46.54251232561708,47.22464307507851,4024183
1941,2015-08-24,45.86037826538086,46.3501142726567,44.67101803495943,45.77292523748766,7651174
1942,2015-08-25,44.98584747314453,46.752401463208415,43.77899380413683,45.82539558241362,12357515
1943,2015-08-26,45.80790710449219,46.455060455687466,44.775959484102664,44.98584769862956,2616303
1944,2015-08-27,47.172183990478516,48.431508816217864,45.56304697673553,46.33263568819609,5402025
1945,2015-08-28,47.27711486816406,48.099169442571295,46.769885465349915,47.434527453960605,2205183
1946,2015-08-31,45.70296096801758,47.38205703326287,45.51056147963472,47.0497336635479,2305711
1947,2015-09-01,45.1607551574707,45.860379397893375,44.77596087631212,45.24820818752353,3973158
1948,2015-09-02,43.796485900878906,45.47558206745237,43.28925646273161,45.23071644650177,4507483
1949,2015-09-03,44.496116638183594,44.793457913079976,43.76151017803692,43.86645192464463,3114461
1950,2015-09-04,43.23678207397461,44.39116000135005,42.83449914441225,44.39116000135005,3868544
1951,2015-09-07,43.240318298339844,44.15956871511057,42.62158467865909,43.41709796240426,3112256
1952,2015-09-08,44.56616973876953,45.07882793283563,42.81604899084195,43.13425145534086,2951677
1953,2015-09-09,44.54848861694336,46.13950572501593,44.05350647574526,45.750594268296084,3201416
1954,2015-09-10,43.6115608215332,44.10654300293766,42.674629407543314,44.10654300293766,3984541
1955,2015-09-11,43.947444915771484,44.4777840040368,43.52317172697677,43.84137422084473,1783681
1956,2015-09-14,45.09651184082031,45.23793463515171,43.66459346014276,44.12422353603987,2400945
1957,2015-09-15,45.379356384277344,46.01576613729453,44.54849089296532,45.078829956085,3189547
1958,2015-09-16,46.351646423339844,46.49306921977368,45.25561135892946,45.43239105333577,2668351
1959,2015-09-18,47.2001838684082,47.695170805810186,46.49306515264046,46.6698448315824,2710372
1960,2015-09-21,48.27854537963867,48.43764422195612,46.563781442733145,46.952697716380165,3040868
1961,2015-09-22,46.3162841796875,48.43764026772306,45.69755532067713,48.33157438150351,2618545
1962,2015-09-23,45.18489456176758,46.66984086127884,44.477775906155934,46.333962377136494,5775906
1963,2015-09-24,44.33634948730469,45.98040424055901,44.03582788724827,45.2556047225063,9733917
1964,2015-09-28,44.83134841918945,45.60917629185395,44.08887265333861,44.70760165897153,2407051
1965,2015-09-29,45.379356384277344,46.13950808232437,44.336354308626255,44.49545794574454,2414852
1966,2015-09-30,46.79358673095703,46.91733345252132,45.37934944554848,45.397030288889205,3047665
1967,2015-10-01,46.15717697143555,47.34160153133766,46.05110630901546,47.023394339532096,2020545
1968,2015-10-05,46.84662628173828,47.430003080667994,46.298611174480776,46.316287224861,1811432
1969,2015-10-06,46.758243560791016,47.55375226727287,46.56378779516699,46.97038017494417,1868486
1970,2015-10-07,46.86430740356445,47.094120037140165,46.56378097713964,46.88198345404877,1403044
1971,2015-10-08,46.82895278930664,47.02340853593443,46.52842634823595,46.98805643324294,1318938
1972,2015-10-09,46.86430740356445,47.2001859309579,46.63449476998874,47.02340624429106,1421375
1973,2015-10-12,47.129478454589844,47.27090124939631,46.59913937747351,46.846628069520825,1574616
1974,2015-10-13,47.04109191894531,47.27090457611102,46.82895531407834,47.02341107119016,715400
1975,2015-10-14,47.02340316772461,47.20018284282541,46.740557605745565,46.98805106906892,1722301
1976,2015-10-15,47.748199462890625,47.889622234254084,47.09411375044742,47.2001796301062,2959602
1977,2015-10-16,47.73051834106445,48.08407766513967,47.2355362464502,47.87194590705873,3651488
1978,2015-10-19,47.3062629699707,47.85427815401353,46.970379602037,47.7305313976455,1640198
1979,2015-10-20,48.04873275756836,48.47300113265939,47.20018641647438,47.376966104959635,3296804
1980,2015-10-21,48.04873275756836,48.508358029447635,47.69517338059786,48.084084858900646,3504240
1981,2015-10-23,48.20782470703125,48.632097816914396,47.9072983204853,48.26085764690283,2367650
1982,2015-10-26,47.99569320678711,48.3846094658964,47.81891352496068,48.26086272952675,1788557
1983,2015-10-27,47.341617584228516,48.172478346585144,47.182513934375876,47.92498964126099,1680870
1984,2015-10-28,46.33397674560547,47.35929815511015,46.12184012404597,47.07645252333534,4725765
1985,2015-10-29,45.30863952636719,46.17485696858517,44.61919694573309,46.17485696858517,6657486
1986,2015-10-30,45.520782470703125,46.61681757291944,45.34400277019908,45.432392620451104,3034065
1987,2015-11-02,45.59150314331055,45.75060681593613,44.95509324826523,45.520789334264286,1507300
1988,2015-11-03,46.54610061645508,46.722880286752,46.03343765441181,46.121827489560275,2879807
1989,2015-11-04,46.387001037597656,47.34161325857696,46.10415545865499,47.09411978041021,10212719
1990,2015-11-05,46.29861068725586,46.84662578874631,46.10415495329623,46.599137108748224,9402139
1991,2015-11-06,46.42235565185547,46.8466239994138,45.626847105295994,46.81127190037568,4219805
1992,2015-11-09,45.980403900146484,46.28093029343339,44.77829832699885,45.60916372180782,5260832
1993,2015-11-10,45.36167526245117,45.94504720757319,45.14953870182806,45.67987770565814,1531108
1994,2015-11-13,46.03343200683594,46.45770508167912,45.0788199861662,45.25559963477505,1386876
1995,2015-11-16,45.609169006347656,46.2102218625629,45.450070164730164,45.78594869400438,1462412
1996,2015-11-17,46.227901458740234,46.599141708566364,45.679886303155016,45.69756235509403,1602664
1997,2015-11-18,46.28092956542969,46.52841821830706,45.874332500960946,46.192539733233055,1327429
1998,2015-11-19,46.61681365966797,46.917340084388385,46.121831498899226,46.56378071305987,2523368
1999,2015-11-20,46.28092956542969,46.91733443906329,46.10414990103643,46.669840990730606,2168468
2000,2015-11-23,46.457725524902344,46.59914834693004,46.139518181018786,46.139518181018786,2177227
2001,2015-11-24,46.61681365966797,46.88198318816436,46.298611184563484,46.31628723494755,1241516
2002,2015-11-26,47.3062629699707,47.536075634393285,46.45772131916455,46.49307342487837,4171542
2003,2015-11-27,47.2001838684082,47.376963547350144,46.846624510524336,47.25322160845535,1605635
2004,2015-11-30,48.15480422973633,48.40229774046261,47.12948287686098,47.21787273134087,2006989
2005,2015-12-01,48.084083557128906,48.79120229192622,47.854270927410944,48.119440452959935,2520479
2006,2015-12-02,47.8719482421875,48.278540525615966,47.58909789185712,48.084080010615935,1390936
2007,2015-12-03,47.3062629699707,48.08409081843611,47.129483259575395,47.7305313976455,1173194
2008,2015-12-04,46.227901458740234,47.27090361409363,46.12183555619352,47.27090361409363,1376556
2009,2015-12-07,46.36932373046875,46.616812406471965,45.85666073764193,46.316285989830575,1525844
2010,2015-12-08,46.03343200683594,46.38699130405363,45.732905645109916,46.316277526428145,1469647
2011,2015-12-09,46.015769958496094,46.56378511771185,45.62685365415442,45.856666308165664,2198948
2012,2015-12-10,46.227901458740234,46.31629130934794,45.69756235509403,45.962731906917135,1086874
2013,2015-12-11,45.2556037902832,46.316281779331,45.043467233382586,46.316281779331,1514970
2014,2015-12-14,45.30863952636719,45.75058866896465,44.81365265029393,45.00811315030988,1552518
2015,2015-12-15,45.78594970703125,45.89202039924569,44.990441094975125,45.30864837616241,1842404
2016,2015-12-16,47.14714431762695,47.41231379888469,45.85665380126363,45.962719675584715,2623492
2017,2015-12-17,47.5714225769043,47.78355914406105,46.58145352865798,47.12947339343422,1092627
2018,2015-12-18,47.8719482421875,48.260859681276614,47.04108283099121,47.37696132797321,28017527
2019,2015-12-21,49.303855895996094,49.46295949918421,47.87194264912276,47.87194264912276,6238035
2020,2015-12-22,48.967979431152344,49.71045502320018,48.77352370736972,49.339219624904054,9652753
2021,2015-12-23,49.51599884033203,49.67509766864576,49.07404965814578,49.07404965814578,3720080
2022,2015-12-24,49.533668518066406,49.79883799327018,49.26849904286263,49.49831162894826,2224191
2023,2015-12-28,50.25848388671875,50.47062049319424,49.37458535595123,49.65743096761426,5761043
2024,2015-12-29,49.834197998046875,50.4175699208769,49.639742288921944,50.27614715101738,8576492
2025,2015-12-30,49.85188674926758,50.081704203738624,49.58671718991463,49.58671718991463,8189382
2026,2015-12-31,49.90493392944336,50.20545565047627,49.35691385926529,49.85189617118358,7159928
2027,2016-01-01,49.85188674926758,50.15241320895888,49.76349689614993,49.99331435062098,3229824
2028,2016-01-04,49.834197998046875,51.036298735035615,49.46296262773374,49.67509438479541,6809859
2029,2016-01-05,49.19779968261719,50.187763998821865,48.8619163634821,49.86956152543149,4259054
2030,2016-01-06,49.32154083251953,49.48064446438445,48.79120178691084,49.00333836424547,5320149
2031,2016-01-07,48.826560974121094,50.117051753248795,48.614424386829526,49.321543147497415,6787347
2032,2016-01-08,50.08169937133789,50.20544131739754,49.10941108086018,49.49832256068648,10345830
2033,2016-01-11,50.647403717041016,51.44291244998348,49.144771314915126,49.67511047021011,8283638
2034,2016-01-12,50.470619201660156,51.88485681469809,50.223125701196,50.735788754104775,6611338
2035,2016-01-13,50.52364730834961,51.05398636238466,49.53367819687732,50.612037150688785,7462021
2036,2016-01-14,50.505958557128906,51.08933526161872,49.993300429079355,49.993300429079355,10278564
2037,2016-01-15,49.18013381958008,50.647409486059026,48.89728815605445,50.25849310211831,7430643
2038,2016-01-18,48.84423828125,49.8695594508344,48.57906876521322,49.49831925110952,7411237
2039,2016-01-19,48.06639862060547,49.427602892527105,47.65980638235743,48.950296875690306,7282040
2040,2016-01-20,47.606788635253906,49.604398369998954,46.15719407532562,47.589107787238106,15997901
2041,2016-01-21,46.74055862426758,48.561388358392364,46.6698448345041,47.65981391391433,10416175
2042,2016-01-22,47.05876541137695,48.01337768362183,46.70520602098347,47.09412230950753,8099084
2043,2016-01-25,47.02340316772461,47.53606614369917,46.4046743048718,47.376962517926216,8893503
2044,2016-01-27,48.87959289550781,49.23315226841628,47.16483377326646,47.306256563338664,14527719
2045,2016-01-28,50.80649948120117,51.08934989067885,49.67510743420342,49.85188714183079,22594616
2046,2016-01-29,52.27375793457031,52.46821844499546,51.08933800537285,51.19540388709176,11216960
2047,2016-02-01,51.884864807128906,52.4682369532794,51.672728173404074,52.29145722441822,12278379
2048,2016-02-02,51.70806121826172,53.15765528511869,51.266112100040374,51.79645104190599,18267134
2049,2016-02-03,50.92595291137695,51.97468662152713,50.28604293833025,51.13925141389516,12098041
2050,2016-02-04,52.187992095947266,52.436846788245234,50.78374957280899,51.49475746871072,8726120
2051,2016-02-05,51.63697814941406,52.40131089878545,51.31702064433702,52.27688351590352,6170693
2052,2016-02-08,50.64154815673828,51.92136331347819,50.357146931609776,51.56585937115215,3820374
2053,2016-02-09,50.46379470825195,51.725836559661715,50.12606404419693,50.41047008283029,7297377
2054,2016-02-10,50.96150588989258,51.38811259252281,50.12607057664331,50.12607057664331,8119293
2055,2016-02-11,48.59740447998047,51.13925691202415,47.673093189646984,50.78375294049829,7247688
2056,2016-02-12,49.18398666381836,50.05497335103796,48.45520542728623,49.05955930538251,16065640
2057,2016-02-15,49.308414459228516,50.00164916106364,49.09511110313837,49.45061508934481,8464543
2058,2016-02-16,49.52171325683594,49.96609319868873,48.98845732661258,49.45061053740711,6766384
2059,2016-02-17,49.62836456298828,49.71724055502796,48.82848063463112,49.71724055502796,7804863
2060,2016-02-18,49.717247009277344,50.3927036720999,49.41506763274752,49.80612301285483,8779283
2061,2016-02-19,50.126060485839844,50.48156439252197,49.432830760907905,49.6994586909195,6323086
2062,2016-02-22,49.646141052246094,50.30381951464932,49.18398301545644,50.12606753630661,2293985
2063,2016-02-23,48.739601135253906,49.877215680230755,48.5974005225895,49.77056160435934,3873885
2064,2016-02-24,49.66391372680664,50.12606693623271,48.93513255305838,49.05955507894397,11387961
2065,2016-02-25,46.83766174316406,49.85944574958348,46.588811835734376,49.80612111383651,19051305
2066,2016-02-26,47.513118743896484,48.31300267054243,46.92653334022453,47.45978929132183,12511003
2067,2016-02-29,46.23330307006836,47.76196818703543,45.931123736203396,47.76196818703543,11485783
2068,2016-03-01,47.54867172241211,47.7619750961037,46.30440766801495,46.57103567967149,14281573
2069,2016-03-02,48.1352653503418,49.13067483355697,47.65533388378595,47.99305986259738,13550709
2070,2016-03-03,48.2241325378418,48.66851255108095,47.65532515652933,48.526307089379024,7057560
2071,2016-03-04,49.290626525878906,49.468378466105214,48.15301217969855,48.49074279486052,29228314
2072,2016-03-08,48.95291519165039,49.66392323259816,48.3841077945258,49.59282049977063,20131612
2073,2016-03-09,49.68169021606445,49.84166893375997,48.561853657689625,48.66850774343039,7284193
2074,2016-03-10,49.646141052246094,50.090520998102875,49.095107026285085,49.80611493965593,3713460
2075,2016-03-11,49.13066482543945,49.91277556138409,48.935139552369115,49.646147558925456,4685588
2076,2016-03-14,49.272865295410156,49.41506593187321,48.952912657910375,49.272865295410156,4423191
2077,2016-03-15,49.39728927612305,49.770566523993004,49.11288802268225,49.11288802268225,11655129
2078,2016-03-16,49.32617950439453,49.77055941304979,48.88179959573928,49.55726091435975,6170234
2079,2016-03-17,49.0595588684082,49.85944282315949,48.66850834799486,49.503938843270035,7509036
2080,2016-03-18,48.65073776245117,49.45062184062031,48.52631038592511,49.23731845540879,9195901
2081,2016-03-21,49.0595588684082,49.21953758809099,48.43742690360165,48.54408099066728,4674151
2082,2016-03-22,49.13066482543945,49.53949346484302,48.881810094412074,49.05956209605116,6628643
2083,2016-03-23,48.864036560058594,49.46839529111227,48.686284559375935,48.810711924220115,11545428
2084,2016-03-28,49.45061111450195,49.77056371200366,48.52629986029512,49.02400925844336,8691695
2085,2016-03-29,49.112892150878906,50.12607471506963,48.89958878195338,49.770570707471,11478000
2086,2016-03-30,49.68169021606445,49.89499356571472,49.183985614768,49.379515694377105,5797932
2087,2016-03-31,49.45061111450195,49.930542421670026,49.23730777555714,49.23730777555714,15715729
2088,2016-04-01,49.166221618652344,49.770575597853906,49.095118881413484,49.69947768244723,3935188
2089,2016-04-04,49.272865295410156,49.80612129852033,49.16621602352077,49.32618993135485,5649881
2090,2016-04-05,49.43284606933594,50.05497809869231,49.308418699098304,49.699474081917245,7744995
2091,2016-04-06,49.66391372680664,50.23272101506016,49.53948637909009,49.717238355304886,10418272
2092,2016-04-07,49.841678619384766,50.09053337930803,49.628375228283716,50.00165736816861,12408704
2093,2016-04-08,50.090518951416016,50.179394936955916,49.85943753154761,49.85943753154761,4133630
2094,2016-04-11,50.570457458496094,50.81930736044185,49.96609874179792,50.00165010545632,12360599
2095,2016-04-12,50.890411376953125,51.63697074536577,50.48157791727198,50.48157791727198,8901453
2096,2016-04-13,51.548099517822266,51.67252207255188,51.15704411512786,51.31701803770825,10239725
2097,2016-04-18,51.88582229614258,52.17022839978633,50.748212347062896,51.54809637671983,7347390
2098,2016-04-20,52.61461639404297,53.29007315713752,51.601428838484885,51.7969541466485,7716065
2099,2016-04-21,51.95692443847656,53.16563710522197,51.58364233576949,52.73903036550866,6315086
2100,2016-04-22,51.92137145996094,52.36575145759188,51.29923946327762,52.010247459487125,4320738
2101,2016-04-25,51.121490478515625,51.93914779363568,50.67711045468259,51.93914779363568,3605005
2102,2016-04-26,51.60142517089844,51.9924805812638,50.85486571871586,51.35257041289352,8964411
2103,2016-04-27,51.317020416259766,51.903605958405734,51.068170473434236,51.654751193747906,3177289
2104,2016-04-28,50.428245544433594,51.70806071938179,50.25049357074165,51.26368078515193,9408511
2105,2016-04-29,50.97928237915039,51.13925627123378,49.948317017178724,50.570453781384636,4383214
2106,2016-05-02,50.783756256103516,51.19258970751543,50.339376262683196,50.83708571277917,3383764
2107,2016-05-03,51.61918640136719,52.18799369993695,50.837080584935926,50.837080584935926,4572397
2108,2016-05-04,50.74821090698242,51.583641456785024,50.48157808283123,51.47699218458986,4435593
2109,2016-05-05,50.92595291137695,51.29923011261451,50.5171195306121,50.8370769280508,2770226
2110,2016-05-06,50.64154815673828,50.96150074046555,49.94831354047018,50.89040284509883,3714029
2111,2016-05-09,51.01484298706055,51.24591964317509,50.357159564402195,50.659338955551384,5027038
2112,2016-05-10,50.428245544433594,51.1037069019277,50.1260662247911,50.89040356913119,7758595
2113,2016-05-11,50.28605270385742,50.552680705614904,49.59281797055531,50.0549760667006,4574270
2114,2016-05-12,51.15703582763672,51.31700972430118,50.197173160324816,50.44602787313347,4877581
2115,2016-05-13,51.45921325683594,51.61918714754456,50.623777977031686,50.94373058028003,6719824
2116,2016-05-16,51.35255813598633,51.86804080211719,50.83708029168647,51.53031011439959,4500368
2117,2016-05-17,51.51253890991211,51.903594242460976,50.69487688334061,51.903594242460976,4754541
2118,2016-05-18,50.8548583984375,51.51254174549586,50.73043103734568,51.19258911828223,2573082
2119,2016-05-19,51.334781646728516,51.76138347506169,50.94372635438341,50.94372635438341,6035130
2120,2016-05-20,51.476985931396484,51.601413281730395,51.0859306111318,51.405883210682525,3055890
2121,2016-05-23,52.66794204711914,52.93457010253251,51.5481051787495,51.76140376561412,10093334
2122,2016-05-24,52.15245819091797,53.05899645468704,51.97470615745335,52.97012043795473,3545037
2123,2016-05-25,53.218955993652344,53.32561007797603,52.27687143553139,52.614602136476265,7201959
2124,2016-05-26,53.538902282714844,53.82330347139503,52.82788966735399,53.32559898028961,11348343
2125,2016-05-27,53.6277961730957,54.17882546843996,52.89901004815287,53.82332145290642,7635493
2126,2016-05-30,53.94775390625,54.374355871990204,53.09454515293732,53.71667723874502,6049447
2127,2016-05-31,53.32562255859375,54.16105804975206,53.165643805581524,54.0366306665017,4297008
2128,2016-06-01,52.93454360961914,53.5389021614838,52.75679166163897,53.5389021614838,5018958
2129,2016-06-02,53.39672088623047,53.53892636636969,52.65016140282905,52.934567541275115,3951078
2130,2016-06-03,53.46781921386719,53.627797954905375,53.058990546786454,53.53892194806904,3453446
2131,2016-06-06,53.05898666381836,53.57446457264615,52.81013193415555,53.396712571981745,2395810
2132,2016-06-07,53.29005432128906,53.663331531056876,53.058977723726564,53.11230235057471,3771426
2133,2016-06-08,54.2321662902832,54.35659369721774,53.07677789500999,53.325632708879056,3804592
2134,2016-06-09,54.321022033691406,54.90760265093463,54.161048131805856,54.285470670439686,4520638
2135,2016-06-10,54.889827728271484,55.15645571188779,54.33879849086363,54.356571761038865,8988984
2136,2016-06-13,53.96551513671875,54.65874980635977,53.80554124345395,54.65874980635977,7199310
2137,2016-06-14,53.52113342285156,54.17881670963071,53.4322574333363,53.94774010125723,2914984
2138,2016-06-15,54.889827728271484,55.014255084992016,53.734439799267484,53.734439799267484,5287666
2139,2016-06-16,54.96092987060547,55.56528373397028,53.98329394103205,54.889827146994904,5385026
2140,2016-06-17,55.831905364990234,56.15185794118702,54.35656500342733,55.10312422910696,8985642
2141,2016-06-20,55.6897087097168,55.99188803940252,55.19200413120382,55.814136059802806,5237563
2142,2016-06-21,55.45863723754883,55.92079049858335,55.120906516294106,55.65416250448693,5276594
2143,2016-06-22,55.31643295288086,55.70748346093857,54.96092898422391,55.476406845677786,4797461
2144,2016-06-23,55.6897087097168,56.11631538948853,54.338795593491405,55.28088012100367,5027803
2145,2016-06-24,55.38753890991211,55.51196628140686,53.538920897103814,54.552103497683724,6010853
2146,2016-06-27,54.74762725830078,55.814139195822996,54.392123279126714,54.40989654935289,5121198
2147,2016-06-28,55.26310348510742,55.45863356091434,54.62319827043119,54.94315087776931,5842035
2148,2016-06-29,56.61402893066406,57.00508431205827,55.298662144655836,55.3875381485258,9838712
2149,2016-06-30,57.98272705078125,58.24935509318277,56.631808742847454,56.88066351115515,18696297
2150,2016-07-01,58.71150207519531,59.15588209770566,57.9471694008439,58.30267341885217,9960809
2151,2016-07-04,58.80036926269531,59.47582583126125,58.533741289169456,59.26252730990546,5753019
2152,2016-07-05,57.325035095214844,58.942576384251026,57.16505636472483,58.76482438229841,5510329
2153,2016-07-07,58.07160568237305,58.3560070116872,56.95176399634621,57.23617014749294,5911690
2154,2016-07-08,58.4626350402832,58.80036086542002,57.44944792121192,58.124904393315965,7803900
2155,2016-07-11,59.22698974609375,60.844531233560424,58.99591307957454,59.04923772233555,11133401
2156,2016-07-12,59.22698974609375,60.08019849576663,59.03145962686039,59.36919040073386,9182267
2157,2016-07-13,57.53834915161133,59.884676977661684,57.12951561370038,59.31586950137182,11106820
2158,2016-07-14,58.67593765258789,58.871467712082634,57.55610120941174,57.78717780533209,7428442
2159,2016-07-15,58.39154052734375,59.155873085248324,57.982711933286055,59.03144573353569,6629943
2160,2016-07-18,58.01826095581055,58.94257226574593,57.80496242583657,58.51597038396667,3891623
2161,2016-07-19,59.1558723449707,59.369175684975765,57.94715984738337,58.05380910647038,5987973
2162,2016-07-20,59.8491096496582,60.435690244321755,59.33362695692982,59.36917831881303,7071425
2163,2016-07-21,57.76941680908203,59.849116257817506,57.52056207025386,59.83133816399733,4189305
2164,2016-07-22,59.13809585571289,59.742449660684464,57.89383206556867,58.124908662229295,7206087
2165,2016-07-25,60.06241989135742,60.2934965373677,59.067005753558945,59.20920639557821,3967394
2166,2016-07-26,60.93339157104492,61.50219886511864,59.44027784866128,60.16905902986664,8278821
2167,2016-07-27,61.306678771972656,61.751058754415006,60.98672614898045,61.50220403551473,8851677
2168,2016-07-28,62.639827728271484,63.58191246217528,61.20003348498567,61.46666151279799,31420184
2169,2016-07-29,62.568687438964844,63.10194317453425,62.106534396869705,62.95974260941492,12377513
2170,2016-08-01,62.995323181152344,63.95518105738022,62.44428910566221,62.56871646605233,11965659
2171,2016-08-02,63.59968185424805,64.06183996735302,62.586499267854414,63.101977197069594,6487056
2172,2016-08-03,62.53315353393555,63.67076801585135,61.751047796720165,63.63521665919825,10713465
2173,2016-08-04,63.35082244873047,63.759651040832715,62.693139154393236,62.853117866091594,9047354
2174,2016-08-05,62.746456146240234,64.4173264936666,62.586482275846535,63.635215943417975,8816394
2175,2016-08-08,63.45747756958008,63.99073356205139,62.39096558463747,62.924221577108774,9540514
2176,2016-08-09,62.60426712036133,63.86630433700798,62.390963765226736,63.45747571906832,6314021
2177,2016-08-10,61.999900817871094,62.746460058413646,61.715499593774304,62.604259446365255,3789657
2178,2016-08-11,61.87548065185547,62.76424053828557,61.306673360174,61.89325392085168,5017074
2179,2016-08-12,63.297508239746094,63.63523416628805,61.92881679578167,61.92881679578167,4369997
2180,2016-08-16,63.10197448730469,65.0927978523591,62.657594487151094,63.56413258056338,22372774
2181,2016-08-17,62.08877944946289,63.56412472511032,61.94657883135366,63.26194539798382,11599079
2182,2016-08-18,64.70175170898438,65.12835849866336,62.65760341695112,62.92423145504242,20664320
2183,2016-08-19,64.3284683227539,65.05724962946455,63.74188765859268,65.05724962946455,16563739
2184,2016-08-22,64.68395233154297,64.98613161713313,64.2573457140239,64.50620037788175,11335483
2185,2016-08-23,64.75506591796875,65.19944590984935,63.99073329630043,64.50621601561453,7423678
2186,2016-08-24,64.80841827392578,65.0572682642089,64.38181140225014,64.80841827392578,5319170
2187,2016-08-25,64.7906265258789,65.76826264750332,64.16849444848154,64.87950253693566,12995397
2188,2016-08-26,64.27513122558594,65.19943763390765,64.06182789219211,64.9328096726231,7097916
2189,2016-08-29,64.07962036132812,64.47067578608524,63.13753558020803,64.41735114221662,2956326
2190,2016-08-30,65.16389465332031,65.3416466372121,63.88407940493323,64.31068127317482,5212793
2191,2016-08-31,65.30609893798828,65.59050019942995,64.64841559634405,65.09279558099131,6435761
2192,2016-09-01,65.51940155029297,65.76825144576816,64.79061549065597,65.23499547025241,6116318
2193,2016-09-02,65.34164428710938,65.76824614000763,64.80838835461331,65.6082722533574,3858397
2194,2016-09-06,66.33706665039062,66.72812204317385,65.34165730678966,65.67938323823229,9001076
2195,2016-09-07,65.67936706542969,66.47925092659267,65.37718775351308,66.15929834649363,5024999
2196,2016-09-08,66.81205749511719,67.26009960228697,65.10949262630399,65.9159684192096,5980354
2197,2016-09-09,65.88011169433594,66.90164840358716,65.73673436831933,66.66866267959355,5051740
2198,2016-09-12,64.60765838623047,65.7367230337499,64.42844162117767,65.44997815429178,4144478
2199,2016-09-14,64.21337890625,64.89440648547384,63.98039808988879,64.50012864001945,6680869
2200,2016-09-15,62.65420150756836,64.66142548120568,62.385376347359845,64.66142548120568,8920122
2201,2016-09-16,63.10224914550781,64.6972756566577,62.06278787615108,63.191857540344316,21690721
2202,2016-09-19,63.58613586425781,63.87288566846686,62.45707096795006,62.976801645751664,4266806
2203,2016-09-20,63.83702850341797,64.30299015694052,63.44275064036334,63.67573146712462,4769662
2204,2016-09-21,62.83342361450195,64.55390284124864,62.56459843147487,63.837035686509765,4957941
2205,2016-09-22,63.99831771850586,64.62557633166477,63.155998037093674,63.47858720869089,4676363
2206,2016-09-23,63.06639862060547,64.30299143094582,62.97679023457068,63.89079382749904,7599534
2207,2016-09-26,62.97679138183594,63.90871958588809,62.67212189145421,62.97679138183594,6333433
2208,2016-09-27,63.1560173034668,63.85495991155262,63.03056457025133,63.3173095076865,6069513
2209,2016-09-28,63.962501525878906,64.19548242662651,63.156025811436564,63.156025811436564,4515648
2210,2016-09-29,62.15239334106445,65.27076727899839,61.543059201840734,64.07001387248054,13380901
2211,2016-09-30,63.28144836425781,63.69364589374039,61.48928096514643,62.40328439406715,11831869
2212,2016-10-03,64.94816589355469,65.55749991877434,62.94093734707106,63.49650732029567,9403402
2213,2016-10-04,64.87648010253906,65.48581901611742,64.67934361603375,65.05569685811321,7967290
2214,2016-10-05,65.01985168457031,65.73671869749408,64.66141817810842,64.93024330795484,5347763
2215,2016-10-06,63.765342712402344,65.32452964078682,63.62197026346765,64.98402068226271,5654229
2216,2016-10-07,63.42483139038086,64.37467929843952,63.19185056184814,63.76534033621606,3980080
2217,2016-10-10,63.81911087036133,64.15961982480769,63.514441381544785,63.514441381544785,4458994
2218,2016-10-13,62.72587585449219,63.747412281770515,62.259914258257005,63.639884178505596,14897308
2219,2016-10-14,63.693660736083984,63.980405642135025,61.8477288571603,63.01263793803799,4958871
2220,2016-10-17,63.10224914550781,63.675738983208205,62.654207171325275,63.191857540344316,4534814
2221,2016-10-18,63.22768783569336,63.729498663226266,62.725881869726294,63.35314054257658,7289895
2222,2016-10-19,63.99831771850586,64.78686848668069,63.12015371545723,63.42482315701892,9020687
2223,2016-10-20,64.03414916992188,64.60764365968272,63.747404355823846,64.28505452843123,4037879
2224,2016-10-21,63.42483139038086,64.28507091349877,63.12016190926914,64.28507091349877,10350237
2225,2016-10-24,63.12015914916992,63.92663457837128,62.779645356658584,63.299375911214675,2945373
2226,2016-10-25,63.92662811279297,64.14168917780842,62.94093602124037,63.28144977931194,3002870
2227,2016-10-26,62.905113220214844,63.90873024643959,62.6542126098339,63.80119724636177,3927291
2228,2016-10-27,62.905113220214844,63.388999566647584,62.25993466601586,62.761740748344735,7017500
2229,2016-10-28,63.04848861694336,63.442766579052204,61.66852304191323,63.01264914348845,4282450
2230,2016-11-01,63.40690994262695,64.35676275938216,62.42121765936995,62.81549554498601,5277438
2231,2016-11-02,62.7617301940918,63.26353619203506,62.528749358785944,63.06639968406076,4859666
2232,2016-11-03,62.70796203613281,62.976787181203434,62.47498121605143,62.77964582454547,4078615
2233,2016-11-04,62.206172943115234,63.030568333638975,61.38177269102432,62.725898780943794,4179894
2234,2016-11-07,62.367462158203125,62.582523294563075,62.20616995210837,62.47499515716657,7660803
2235,2016-11-08,63.442745208740234,63.65780628486367,62.33160036674048,62.45705306627628,3265787
2236,2016-11-09,64.5897216796875,64.98399943149768,59.84047865392517,60.933698688814424,13247214
2237,2016-11-10,67.54683685302734,68.10240705752072,64.93026833055227,66.31023883455181,18046820
2238,2016-11-11,65.62918090820312,67.56472058524272,65.05568641015606,66.6686369512832,8770575
2239,2016-11-15,66.29231262207031,66.88372710557215,65.43207293137975,65.43207293137975,11489252
2240,2016-11-16,67.56473541259766,68.28160247708466,65.71880369385681,66.86579294166239,10203154
2241,2016-11-17,69.14185333251953,70.39637081310525,66.02347936472276,67.36760523677889,9392264
2242,2016-11-18,68.80134582519531,70.00209935359703,68.60420929046425,69.44652922003363,12168642
2243,2016-11-21,66.328125,69.41065352965396,66.05929992232491,69.41065352965396,12187225
2244,2016-11-22,65.86217498779297,66.91955583412886,64.78687440978325,66.6328109579526,11976002
2245,2016-11-23,65.10946655273438,67.2242283409581,64.37467973585397,66.02347500228008,13625626
2246,2016-11-24,66.328125,66.99122783057815,64.62556617472443,65.21698037329669,18404432
2247,2016-11-25,67.61851501464844,68.1740851327733,66.31022852601244,66.70450644608493,14716858
2248,2016-11-28,68.28160858154297,69.82287582492073,67.00917137294748,67.02709110653534,10318399
2249,2016-11-29,67.90524291992188,68.65795424019093,67.56472915122036,68.33536506338004,12406804
2250,2016-11-30,68.78340148925781,69.07014632114168,67.24213464857809,68.3891236992437,7446808
2251,2016-12-01,66.05931854248047,68.99847549814817,65.77256879519537,68.99847549814817,11056167
2252,2016-12-02,65.88011169433594,66.63282320965614,65.41414510791546,66.31022908768553,9676372
2253,2016-12-05,66.34605407714844,66.68656783481688,64.82271175564335,65.84424816708335,12282830
2254,2016-12-06,65.55751037597656,66.88371646508247,65.414137927265,66.45359911894778,4550359
2255,2016-12-07,65.39622497558594,66.4894454796361,65.2349279155807,66.20270055247869,4265108
2256,2016-12-08,66.54322814941406,66.65075630391242,65.07364915571958,65.93388897640952,5413273
2257,2016-12-09,66.11309051513672,66.66866062081101,65.86218506392257,66.66866062081101,3451184
2258,2016-12-12,66.22061920166016,66.47152465498435,65.73673289114441,66.04140240973334,3689403
2259,2016-12-13,66.39983367919922,66.86580023890751,65.39622162401689,66.4894420720393,4417447
2260,2016-12-14,65.21699523925781,66.4535928230667,65.03777847995599,66.31021552637264,7312670
2261,2016-12-15,65.71880340576172,66.57904290706186,64.69726687103272,64.87648363636883,5253972
2262,2016-12-16,65.88011169433594,66.75827107757057,65.12740017901572,65.79050329635892,26025533
2263,2016-12-19,65.98763275146484,66.31022197727766,65.53959080962309,66.00555248451202,3627943
2264,2016-12-20,65.21699523925781,66.11307903576693,65.14530659091078,65.951782007769,5757036
2265,2016-12-21,65.68295288085938,65.84424989906412,65.14530263559746,65.25283560158911,5279390
2266,2016-12-22,65.14532470703125,65.75466380273352,64.91234382746288,65.59336672988084,2653684
2267,2016-12-23,65.34246063232422,65.48583309529488,64.15962687429119,65.09155517595055,4805945
2268,2016-12-26,64.08794403076172,65.3603813432848,63.89080263736184,65.3603813432848,5932940
2269,2016-12-27,64.89441680908203,65.12739766250658,63.281465707820004,64.05209692833189,4555998
2270,2016-12-28,64.51806640625,65.59336726994248,64.19547711945569,64.89442462548264,3739977
2271,2016-12-29,64.5359878540039,65.03779392691857,64.15962965314274,64.23131831851636,14737238
2272,2016-12-30,65.77256774902344,66.34606237290568,64.6076587692738,64.66142282679522,4872601
2273,2017-01-02,65.82633209228516,66.38190698659388,65.44997882643565,65.77256803453037,1811713
2274,2017-01-03,67.40345764160156,67.56474984863364,66.13101541332473,66.27439274610919,7819727
2275,2017-01-04,66.93746948242188,67.69018079093428,66.68656895396134,67.40343594081784,7829503
2276,2017-01-05,68.40705108642578,68.55042351841848,66.70449191029414,67.04500569014672,6362320
2277,2017-01-06,67.67227172851562,69.12392566110766,67.47513035911416,68.51459154316552,6298387
2278,2017-01-09,66.86579132080078,67.81563918590807,66.34606076701988,67.81563918590807,2956484
2279,2017-01-10,66.86579132080078,67.49304998702183,66.32814103546846,66.88371105235221,4626997
2280,2017-01-11,68.03070831298828,68.60420299077131,66.63281837821903,67.13462439819179,21835704
2281,2017-01-12,70.9698486328125,71.59710722410777,68.102375925326,68.102375925326,26857806
2282,2017-01-13,70.66519927978516,71.65089163188274,70.2709213666328,71.65089163188274,23933005
2283,2017-01-16,71.4716567993164,72.06307108897353,70.52180901755614,70.61141739058192,8473484
2284,2017-01-17,70.88026428222656,71.91972075630652,69.93041134713089,71.47167875355078,10193606
2285,2017-01-18,71.13114929199219,71.5612714649642,70.62934333123538,70.96985712330203,21229809
2286,2017-01-19,72.33190155029297,73.0129242632744,70.70103098539802,71.29244531873543,8756982
2287,2017-01-20,71.4716567993164,72.61864105710725,70.77270954508911,72.61864105710725,12987134
2288,2017-01-23,71.75841522216797,72.47528234197658,71.34621760059127,71.6329625038882,7334154
2289,2017-01-24,72.88746643066406,73.37135261900582,71.90177432393895,72.0451516105331,7122776
2290,2017-01-25,72.79786682128906,73.13838062559573,72.36774949442199,72.99500818330671,10336365
2291,2017-01-27,73.31759643554688,74.1778359396032,72.60072937190562,72.94124317176158,11095330
2292,2017-01-30,73.72979736328125,73.998622524319,72.58281292645982,73.22799136832398,5832917
2293,2017-01-31,74.26744079589844,75.002232418178,73.28174863019824,73.65810673767771,7593736
2294,2017-02-01,73.76564025878906,74.76925709079197,73.38928698526675,74.76925709079197,7325455
2295,2017-02-02,73.10254669189453,73.83733846312855,72.85164609761219,73.80149413206917,7773806
2296,2017-02-03,72.29607391357422,73.76565265125899,72.08101278047478,72.83372431553937,4479429
2297,2017-02-06,72.08100128173828,73.19214624085734,71.59711988641442,72.4932037467417,6337200
2298,2017-02-07,71.65087890625,72.97708000931812,71.39997349837903,72.27813756436169,6562928
2299,2017-02-08,72.08100128173828,72.65449592466096,71.07738930279817,72.04516181657806,9024346
2300,2017-02-09,72.45736694335938,73.69395988206846,71.97348063622687,72.54697533869626,12790725
2301,2017-02-10,71.65087890625,73.76563569557052,71.41789809126452,73.55057461190479,16817238
2302,2017-02-13,72.77996063232422,73.10254990289494,71.50752328557482,72.2960742956847,9508762
2303,2017-02-14,71.99140167236328,73.1025467669449,71.72257648149193,73.08462703218015,9403263
2304,2017-02-15,72.2064437866211,72.61864133178577,71.59710976468017,72.18852405657431,7302351
2305,2017-02-16,72.4586181640625,72.9269044497412,71.72016070025249,72.04436415968215,6272531
2306,2017-02-17,72.96292877197266,73.215085936511,71.8822635853567,72.76480877542102,4966775
2307,2017-02-20,74.36778259277344,74.70999514376831,72.69275275467163,73.44921926131029,9917513
2308,2017-02-21,74.25972747802734,74.85409234953984,73.68337173851043,74.36779204164058,7428835
2309,2017-02-22,72.6207046508789,75.25032578583605,72.36855241217503,75.16027036790915,26345564
2310,2017-02-23,71.73815155029297,72.76478410669299,71.52201760907955,72.76478410669299,13404307
2311,2017-02-27,69.43275451660156,72.0443619280495,69.12656508430236,72.0443619280495,14798634
2312,2017-02-28,69.21660614013672,70.18920162888945,69.00047218069656,69.12655073085487,10051421
2313,2017-03-01,69.396728515625,70.13518104038623,69.10854822644005,69.702917935338,10348326
2314,2017-03-02,68.3520736694336,69.88302058845882,68.08190742827954,69.88302058845882,10629352
2315,2017-03-03,68.7483139038086,68.89240157902987,67.72168127840182,68.08190290936429,8454072
2316,2017-03-06,69.8289794921875,70.67550131054433,68.83836999717428,69.10853622308697,14858083
2317,2017-03-07,70.0811538696289,70.58546330517606,69.72093214626382,70.0811538696289,11746802
2318,2017-03-08,70.45938110351562,71.17982451321801,69.93706256297314,70.35131654638809,7938282
2319,2017-03-09,70.04513549804688,70.53143583492522,69.34270602106274,70.53143583492522,9777769
2320,2017-03-10,69.36070251464844,70.4953998367105,68.46014830891357,70.2432475905963,16388459
2321,2017-03-14,69.7569351196289,71.5760523421426,69.3786994880026,71.48599693734849,11886293
2322,2017-03-15,69.50479888916016,69.90104376632469,69.34270204337912,69.88303463428898,7772586
2323,2017-03-16,70.27925872802734,70.4053372812172,69.43274176907852,69.93705109601918,5161993
2324,2017-03-17,69.88302612304688,70.9636911732495,69.55882269933066,70.89164488224161,9522200
2325,2017-03-20,69.73894500732422,70.04513446572167,69.43276043474684,69.8830376130313,9378518
2326,2017-03-21,69.61286926269531,70.08115556003742,69.48679067931246,69.88303556173574,8126819
2327,2017-03-22,69.19861602783203,70.45939219324706,68.96447285999045,69.00049601330925,8203222
2328,2017-03-23,69.54080200195312,69.70290368684697,69.0184786935783,69.52279287510646,5875356
2329,2017-03-24,69.79298400878906,70.29729348453708,69.61287313274904,69.82900227534091,6164329
2330,2017-03-27,70.18922424316406,70.63950143464815,69.75696107083148,69.88303966161106,7104197
2331,2017-03-28,70.85562896728516,70.96369841482506,70.1171763952848,70.1171763952848,6020578
2332,2017-03-29,70.90965270996094,71.12578669319643,70.5134127741516,71.07175441884235,6451066
2333,2017-03-30,70.40534973144531,71.23386259476219,69.97308661155009,71.0717608711642,13016042
2334,2017-03-31,71.0717544555664,72.008331792858,70.4773896657261,70.4773896657261,8522874
2335,2017-04-03,70.67550659179688,71.8282178628219,70.60346519099467,71.8282178628219,9945512
2336,2017-04-05,70.24324798583984,71.28788989320641,69.95506770689161,70.90965419317796,7061975
2337,2017-04-06,71.03572845458984,71.3058947014565,69.55881866122168,70.74755307892634,7466431
2338,2017-04-07,70.24324798583984,70.69352509124089,70.06313714367943,70.621478800049,9205565
2339,2017-04-10,70.35131072998047,70.47738929341855,70.00909818433698,70.26125531121315,5763232
2340,2017-04-11,71.73815155029297,72.62069155533855,70.06312205607095,70.36930651315353,10668096
2341,2017-04-12,71.17984008789062,72.58470895286158,70.60348914267455,72.04437627735602,6620702
2342,2017-04-13,72.04434967041016,72.42258044925009,70.89163843404847,71.25186008468414,5910355
2343,2017-04-17,72.87286376953125,73.17905317602528,71.68413417469473,72.02634184068985,11138596
2344,2017-04-18,72.89085388183594,73.59328793194803,72.63870170201932,72.94489102862762,7675098
2345,2017-04-19,76.07882690429688,76.90733960696602,72.74677673760299,73.07097523611758,29099215
2346,2017-04-20,75.25032806396484,76.51110395311028,74.00756130462236,76.36701625722894,11822555
2347,2017-04-21,74.06158447265625,75.80866039565888,73.41318747801257,75.43042962975318,7938078
2348,2017-04-24,73.79141998291016,74.54788641836734,73.52125374780536,74.38578960879573,7520828
2349,2017-04-25,75.14226531982422,75.61055156415034,73.77341996149819,74.2056879453526,6293621
2350,2017-04-26,74.09761810302734,75.10624176458933,73.57529958501823,75.10624176458933,5977354
2351,2017-04-27,74.8360824584961,75.70061361609275,73.89950500200811,74.20569444356647,13646716
2352,2017-04-28,74.92611694335938,75.17826914734937,74.18765968653094,74.56589532124359,5477289
2353,2017-05-02,74.2056884765625,75.23232128120145,73.66535593578617,75.23232128120145,5123042
2354,2017-05-03,76.0248031616211,77.01541278173409,74.31375018142592,74.52988416661442,10859280
2355,2017-05-04,75.8807144165039,76.63718091128379,75.28634962982656,76.00679297993709,12952295
2356,2017-05-05,75.2863540649414,76.3670191537691,74.76403065101357,76.3670191537691,4993008
2357,2017-05-08,75.6465835571289,75.82669442382856,74.45784890541931,75.32238497423354,6855459
2358,2017-05-09,75.05220031738281,76.18689752289424,74.83606635304284,75.66457418289086,4729357
2359,2017-05-10,75.82669067382812,75.98878751434935,75.2863581004513,75.53851036986866,4623710
2360,2017-05-11,74.99816131591797,76.18689564761877,74.27771804306364,76.00678482940519,4946190
2361,2017-05-12,74.29574584960938,75.50248953283976,74.06159783380652,74.92613383039037,5386419
2362,2017-05-15,74.45783996582031,75.28635278465727,74.33176628292325,75.25032963847838,5353854
2363,2017-05-16,74.70999908447266,74.90811906498139,74.29574510697834,74.47585595682973,4077710
2364,2017-05-17,75.21428680419922,75.53848526330825,74.25970055233782,74.78202382065987,3694898
2365,2017-05-18,75.01618957519531,75.43044355859182,74.60193559179882,74.92613414898653,5797418
2366,2017-05-19,74.1156234741211,76.27695335788817,73.52125384743012,75.53849604944315,17793954
2367,2017-05-22,72.94490814208984,74.81805790548148,71.75617369269179,74.56590566650793,7423973
2368,2017-05-23,72.54867553710938,73.30514215299773,71.08977458807757,73.10701726850652,6465473
2369,2017-05-24,72.00833129882812,73.44921799683144,71.5040219316908,72.90888548508019,6650433
2370,2017-05-25,71.66612243652344,72.38656582254744,70.4773928039116,72.29651039929443,9992276
2371,2017-05-26,72.83684539794922,73.44922425107268,71.43198172493493,72.04436057805839,6466364
2372,2017-05-29,75.32238006591797,75.91674491013154,73.1610449205438,73.17905893753188,14504778
2373,2017-05-30,73.52127075195312,75.25033798801724,72.78281815953672,75.25033798801724,10884114
2374,2017-05-31,74.90811920166016,75.39441947431014,73.82745410057998,73.82745410057998,7781359
2375,2017-06-01,74.800048828125,75.53850130210039,74.33176260840682,74.76402568372687,6369921
2376,2017-06-02,74.24169921875,75.05220283365331,73.9535238471809,74.9621474193106,6713770
2377,2017-06-05,73.95352935791016,74.6919867420387,73.55728452811184,74.47585275434695,5093948
2378,2017-06-06,73.28711700439453,74.07960665036016,72.87286305183854,74.0435835053946,5324457
2379,2017-06-07,73.86347961425781,74.09762274982955,72.83684675817594,73.44922562273555,7605903
2380,2017-06-08,74.69197845458984,74.81805212142052,73.34114240285325,73.8454566134509,7487370
2381,2017-06-09,74.63794708251953,75.10623818781387,74.38579484350177,74.70999337127839,6432439
2382,2017-06-12,74.27774047851562,74.89011939973716,73.84547731572994,74.34978678188996,3684911
2383,2017-06-13,75.73661804199219,76.78125980274181,74.20567609849849,74.36777290220078,15775215
2384,2017-06-14,75.82669067382812,76.72724496278951,75.46646895824357,76.00680153162041,13639132
2385,2017-06-15,75.77266693115234,76.45708729071443,75.41244517498069,75.6465883393282,5595511
2386,2017-06-16,75.62855529785156,76.18690181097385,74.78203829242125,75.6465693126214,6127735
2387,2017-06-19,76.51110076904297,76.7092207319075,75.62855572904125,75.64656974391379,6393073
2388,2017-06-20,75.03421020507812,77.44769795166759,74.06160949864469,76.45708811156032,12876594
2389,2017-06-21,74.09761810302734,74.92613091993391,73.75541042967365,74.92613091993391,13855413
2390,2017-06-22,72.87286376953125,75.17828155438285,72.04435585625964,74.15164878475899,33713902
2391,2017-06-23,74.2056884765625,74.5659101704134,72.90888940153539,73.12502339500982,9034020
2392,2017-06-27,74.1156234741211,74.45783110755961,72.58468147311942,74.20567888594472,6947747
2393,2017-06-28,74.78204345703125,75.26833883047786,73.2691104028303,74.20568777515378,7103873
2394,2017-06-29,74.92611694335938,75.82667099864886,74.52987218186831,74.92611694335938,7577681
2395,2017-06-30,75.84469604492188,76.02480689378432,74.85408637617847,74.89010952311486,7751039
2396,2017-07-03,76.16890716552734,76.60117522846025,75.46647767053669,75.64658854912203,8768284
2397,2017-07-04,75.89871978759766,76.72723253069019,75.556512144732,76.72723253069019,4530105
2398,2017-07-05,75.66459655761719,76.16890603299363,75.46647654844722,76.16890603299363,6062229
2399,2017-07-06,75.5925521850586,76.00680620629491,75.2863627308161,76.00680620629491,5577232
2400,2017-07-07,75.44844818115234,75.79066073462495,74.99817107701432,75.53850360197994,7641379
2401,2017-07-10,76.13286590576172,76.36700900004561,75.64656570328363,75.64656570328363,2844699
2402,2017-07-11,76.3489990234375,76.85331326649384,75.9707682269643,76.54712387201508,13833624
2403,2017-07-12,77.08746337890625,77.44768507907273,76.34900596207325,76.34900596207325,9211263
2404,2017-07-13,77.48371124267578,78.16813152247254,77.24956810561633,78.15012239109092,9596900
2405,2017-07-14,77.51973724365234,77.89796810314107,77.26758008011329,77.89796810314107,4889330
2406,2017-07-17,78.06005859375,78.33022485042792,77.53773520984498,77.53773520984498,6302565
2407,2017-07-18,77.5917739868164,79.24879481047627,77.35763085523632,78.15012056223614,7549621
2408,2017-07-19,78.76249694824219,79.06868638470094,77.82591950735298,78.31221980222043,8521832
2409,2017-07-20,78.78048706054688,79.2487731959856,78.40225144116798,78.88855158847328,10233967
2410,2017-07-21,77.55574035644531,79.05066414194722,76.90734332804415,79.05066414194722,4948380
2411,2017-07-24,78.07806396484375,78.25817479395926,76.81728816103528,76.81728816103528,6137724
2412,2017-07-25,78.16812133789062,78.7444769826645,77.9159642164836,78.34823217151877,6113154
2413,2017-07-26,78.27619171142578,78.51033972123001,77.64580374679471,78.47431657465863,5258903
2414,2017-07-27,78.04204559326172,78.92459066421306,77.71784705819647,78.42028128902054,21380991
2415,2017-07-28,77.32159423828125,78.09606979358975,76.38501698929062,77.84391757497374,8260545
2416,2017-07-31,80.4375228881836,80.76172632558665,77.32160617238569,77.32160617238569,17403810
2417,2017-08-01,80.83377075195312,81.26603876075072,79.48293933173524,80.61763674755433,15263765
2418,2017-08-02,79.89718627929688,81.41011929088091,79.50094633962321,80.92381904531325,12014487
2419,2017-08-03,80.31144714355469,80.88779793789772,78.97862493854288,79.6090128949475,5285543
2420,2017-08-04,80.90580749511719,81.10392745902675,79.82514248655072,80.83376120688513,7975937
2421,2017-08-07,81.39212036132812,81.50018492463292,80.32946431694498,81.04990776782986,4619568
2422,2017-08-08,80.2934341430664,81.62625636493445,79.77111561835984,81.59023321837758,3229672
2423,2017-08-09,79.9332275390625,81.12196228493379,79.53698262377208,80.18538472674378,4573769
2424,2017-08-10,78.31221008300781,79.89718446313167,77.57375760950826,79.89718446313167,6813656
2425,2017-08-11,78.85255432128906,79.42891005956896,76.36702539114057,76.5471362539893,8860877
2426,2017-08-14,80.23941802978516,80.67168610390593,78.88858640543324,78.97864184705669,4990789
2427,2017-08-16,79.5009536743164,80.92382651127953,79.12271794361506,80.58161881491509,5221989
2428,2017-08-17,79.0506591796875,79.8251347166112,78.79850208123858,79.4288899415423,2837686
2429,2017-08-18,80.31144714355469,80.61763167086717,78.78050496371488,78.88856951619935,7721084
2430,2017-08-21,79.35684967041016,81.0318843061593,79.08668342410468,80.6896717731781,5203218
2431,2017-08-22,79.06869506835938,80.09532805120212,78.54637156728245,79.95124032581477,6646897
2432,2017-08-23,79.15872955322266,79.53696034296989,78.4022630879092,79.1046972812329,5312780
2433,2017-08-24,79.59099578857422,80.04127285516718,78.90657073869784,79.06867243699885,5492256
2434,2017-08-28,78.20413970947266,79.5729800071872,78.04203801477175,79.5729800071872,9753985
2435,2017-08-29,77.55574035644531,78.72646074192774,77.01540787083803,78.27618367058834,12235532
2436,2017-08-30,77.66382598876953,78.33023717055505,77.17752567309795,78.11410315405435,9313551
2437,2017-08-31,78.9786148071289,79.24878103950242,77.46568195150981,77.8979498776349,8143692
2438,2017-09-01,77.98800659179688,78.78049617433108,77.73584948303996,78.78049617433108,8803556
2439,2017-09-04,78.3842544555664,78.97861922285554,76.65518754021193,78.02403279226161,6239751
2440,2017-09-05,77.87993621826172,78.38424551218465,77.77186680010924,78.34822237280048,3937595
2441,2017-09-06,77.19552612304688,77.82591408354463,76.72723987814771,77.44768326157373,4800221
2442,2017-09-07,77.7718734741211,77.8619288874004,76.92535161213183,77.62778579003798,5008597
2443,2017-09-08,76.76326751708984,78.04205264318476,76.51111036380536,77.87995580391875,8588797
2444,2017-09-11,78.90422058105469,79.05060956923562,77.09264258123837,77.22073480734154,6205180
2445,2017-09-12,78.79441833496094,79.16039325583921,78.42844341408266,78.90421378953594,4307268
2446,2017-09-13,78.22715759277344,79.0871996320132,77.95267640773007,78.79441672298879,3679773
2447,2017-09-14,78.30036926269531,79.0506159904728,77.82459880764449,78.06248155324322,6793237
2448,2017-09-15,77.76969909667969,78.11737729529953,76.15941026045466,77.8428911105949,9054445
2449,2017-09-18,78.81272888183594,79.54467880552903,77.76969924780268,77.76969924780268,10470233
2450,2017-09-19,78.99571990966797,79.19700416218,77.87949324760557,79.19700416218,5530915
2451,2017-09-20,77.91608428955078,79.12380458072677,77.76969530500448,79.01400911942739,5687495
2452,2017-09-21,77.42201232910156,77.9160794647223,76.98284540265735,77.9160794647223,5113744
2453,2017-09-22,76.6900634765625,77.34882132050065,76.15940281311933,76.87305093923655,5195124
2454,2017-09-25,76.9096450805664,78.26375421341322,75.99470781887324,76.48877493295802,13057600
2455,2017-09-26,77.12924194335938,78.13567307380708,76.90965597667291,78.13567307380708,6570371
2456,2017-09-27,76.17770385742188,77.97098009969538,75.68363668764935,77.58670839201281,7885119
2457,2017-09-28,76.48878479003906,77.18413620576509,75.02488498267778,75.3908599345181,11633088
2458,2017-09-29,77.22071838378906,77.82457593401313,75.42743752745127,77.22071838378906,13782560
2459,2017-10-03,75.44575500488281,77.67820319856378,75.20787227952361,77.6416047106963,12296210
2460,2017-10-04,76.50707244873047,77.09263329477136,75.04317281555446,75.04317281555446,12075908
2461,2017-10-05,75.00658416748047,76.63517470848493,74.71380618799458,76.48878571874198,17352392
2462,2017-10-06,74.93339538574219,75.3359638839312,74.49422343372277,75.02488912875846,13466622
2463,2017-10-09,73.54267883300781,74.96998006282024,73.06691341102123,74.96998006282024,21446056
2464,2017-10-10,74.93339538574219,75.39086410082356,73.56098924049806,73.57928600356001,14560236
2465,2017-10-11,74.23802947998047,75.42744798718219,73.70736881661743,75.17126851778877,11830976
2466,2017-10-12,74.0367660522461,74.73211761284408,73.74398801531663,74.31124732331273,5518551
2467,2017-10-13,75.26277160644531,75.79343729963801,73.26820603007627,74.07335295136454,11394674
2468,2017-10-16,75.29935455322266,76.34238399745735,75.07976862330185,75.64702772539943,11521216
2469,2017-10-17,74.98827362060547,75.7202233986237,74.64059549050597,75.11636582452908,4936452
2470,2017-10-18,78.15397644042969,78.41016091718807,75.390867270702,75.46405928988051,18484486
2471,2017-10-19,77.09263610839844,77.95267816704852,76.69006270181195,77.8977829215714,559370
2472,2017-10-23,78.15397644042969,78.3918641533568,77.22074220796628,77.93439045518728,14162373
2473,2017-10-24,78.70292663574219,79.01400631928692,77.36711913283527,78.06247050767766,7050716
2474,2017-10-25,79.08718872070312,80.14851483034056,78.24544355772382,79.05059024164285,16306452
2475,2017-10-26,77.58671569824219,78.95912187470732,77.12924697275382,78.4650546584092,23524154
2476,2017-10-27,77.49520111083984,78.15395391283045,77.00113402742087,77.71478703278738,9985329
2477,2017-10-30,77.73308563232422,78.5016338954164,77.5318014280189,77.56839494600013,4118717
2478,2017-10-31,77.53181457519531,80.11193600610652,77.1109394085214,77.84288931389797,16442260
2479,2017-11-01,76.98284912109375,78.0990706973895,76.36068974043046,77.89778646686166,12417385
2480,2017-11-02,78.7578353881836,79.16040388411753,77.51351651905,77.58671349859429,16259892
2481,2017-11-03,76.87306213378906,80.6975026461475,76.70837637171181,80.6975026461475,26293141
2482,2017-11-06,77.11091613769531,78.06245172029742,76.6717493053146,77.12921785811835,7985183
2483,2017-11-07,75.99469757080078,77.65988117698728,75.57382747994775,77.44030023487383,9702210
2484,2017-11-08,76.17770385742188,76.83645677454997,75.81172891149451,76.12280860830336,12777065
2485,2017-11-09,76.12281036376953,76.78156329608912,75.02488550066822,76.78156329608912,9492091
2486,2017-11-10,77.34880828857422,77.58669095720087,75.57382920691849,75.75681663876234,8999608
2487,2017-11-13,77.22071838378906,78.08076033173336,76.59855911152674,77.55009477810655,7885278
2488,2017-11-14,75.73854064941406,77.23903909309793,75.42746091681991,77.22074232923794,4927717
2489,2017-11-15,75.75682830810547,75.95811252859818,74.80529252317551,75.64703285377554,8653007
2490,2017-11-16,76.23259735107422,76.43388654501076,75.07977729072047,75.79343040438614,18027175
2491,2017-11-17,76.3423843383789,76.8364464780918,76.03130468325625,76.59856378788703,9193722
2492,2017-11-20,76.41557312011719,76.96453544231727,75.26275323626744,76.96453544231727,8277194
2493,2017-11-21,75.61044311523438,76.4704802493195,75.31766018622743,76.4704802493195,15596732
2494,2017-11-22,75.77513122558594,76.17770466313453,75.06147808793828,76.17770466313453,8665005
2495,2017-11-23,76.50707244873047,76.78155362995098,75.59213517799546,76.08620229696284,6824919
2496,2017-11-24,77.29393005371094,77.53181775379346,76.12281313540754,76.30580061925369,7734712
2497,2017-11-27,76.9096450805664,77.53180440405869,76.12280002828075,77.51350268051343,14811199
2498,2017-11-28,76.25088500976562,76.85474255247219,75.46403506821419,76.85474255247219,21546865
2499,2017-11-29,76.39728546142578,76.76326038648453,75.95811356581423,76.34239021543749,7324543
2500,2017-11-30,75.40916442871094,76.30580513819872,75.07978793105235,76.30580513819872,19256592
2501,2017-12-01,74.2746353149414,75.88492911665459,74.00015409381118,75.75683688735653,8172074
2502,2017-12-04,74.20143127441406,74.64059817873057,73.52437671259226,74.47591245105649,7124561
2503,2017-12-05,73.30480194091797,74.09164710767182,72.04218635055841,73.9269613549204,17485101
2504,2017-12-06,73.28649139404297,73.50607235641036,72.70093057874163,73.0852022267367,5557173
2505,2017-12-07,74.0367660522461,74.29295055744988,72.99373622942211,73.28651923020558,11119755
2506,2017-12-08,74.32952880859375,74.58571326113142,73.15841193777877,74.29293528439092,14615599
2507,2017-12-11,74.76868438720703,75.17125774008056,74.1465251178705,74.5856969507965,8231500
2508,2017-12-12,74.25633239746094,74.84189328010685,73.89035746628883,74.84189328010685,8310332
2509,2017-12-13,73.37799072265625,74.09163883257982,73.1401030554959,73.56097818117806,12105970
2510,2017-12-14,73.2315902709961,73.78055259773275,72.64603442689197,73.67076211792623,12838407
2511,2017-12-15,72.77412414550781,73.98184428379851,72.28006200568895,73.70736311107592,22654959
2512,2017-12-18,73.15840911865234,73.23160112809056,70.77957201678103,72.81073094129927,16832008
2513,2017-12-19,74.14651489257812,74.29290879259939,72.90220148935596,73.45116372288201,20133065
2514,2017-12-20,74.2746353149414,74.42102430677357,73.17671043042048,74.32953056639684,14097971
2515,2017-12-21,74.32952880859375,74.95168821398353,73.96355385574164,74.95168821398353,7881749
2516,2017-12-22,74.31123352050781,74.5125177630279,73.8720615828328,74.29293675804347,7399925
2517,2017-12-26,74.09164428710938,74.65890842859973,73.63417560712661,74.25633499744431,7946762
2518,2017-12-27,73.6341552734375,74.84187523339814,73.48776632903812,74.1099255475498,7831439
2519,2017-12-28,72.88392639160156,73.9452526990268,72.64604367915581,73.72566674759507,15796200
2520,2017-12-29,73.32308959960938,73.81715672422729,72.99371317114826,73.0303116551667,8561565
2521,2018-01-01,73.26820373535156,73.83546790062789,72.84733352489046,72.84733352489046,6388017
2522,2018-01-02,73.46946716308594,73.85373875001397,72.93880167270787,73.65245457854716,4383705
2523,2018-01-03,73.79885864257812,74.09163658177783,73.41458201304462,73.74396339945973,8187397
2524,2018-01-04,73.32308959960938,74.2380268808083,73.19500235132348,73.92695217628261,4204055
2525,2018-01-05,73.65248107910156,73.94525906364206,73.41459338232765,73.67077784169042,4923559
2526,2018-01-08,73.39629364013672,74.38442798458946,73.2133061662642,73.92695929990818,11797863
2527,2018-01-09,73.56098937988281,73.70737837621559,73.30480491341052,73.59758290607607,7380366
2528,2018-01-10,73.14008331298828,73.89033466872586,72.64602127942224,73.89033466872586,8710385
2529,2018-01-11,72.40814208984375,73.30478248429786,72.20685790195489,72.86561066581997,12305664
2530,2018-01-12,71.85918426513672,72.57283727355801,71.62130158361364,72.49964031131151,9411915
2531,2018-01-15,72.93882751464844,73.28650571274632,71.42003242098741,72.38986507376953,9962401
2532,2018-01-16,71.80429077148438,72.93881393078182,71.12723622772202,72.86561696675534,13205546
2533,2018-01-17,72.24346923828125,72.71923465642983,70.99915548294042,71.73110533477063,13012437
2534,2018-01-18,72.09706115722656,73.12178869272715,71.63959262104748,72.68261691245472,24603506
2535,2018-01-19,71.76770782470703,72.4630642419228,71.10895486128005,72.09708927027376,8082214
2536,2018-01-22,71.47494506835938,72.07880290752655,71.36515453900327,71.78602485334073,9833311
2537,2018-01-23,71.67619323730469,71.85918066991377,71.0174404654527,71.47490904697541,16134097
2538,2018-01-24,71.7127914428711,72.07876630669236,71.4200135373548,71.47490877415764,11061376
2539,2018-01-25,71.10894012451172,72.04217412327007,70.688069987108,71.98727888166997,13143678
2540,2018-01-29,71.05404663085938,71.73110119752224,70.99915138790884,71.18213884031219,11002896
2541,2018-01-30,71.34681701660156,71.78598884142112,69.7914238358224,70.92594691339639,22826262
2542,2018-01-31,70.92595672607422,71.47491910112225,70.26720386155759,71.3468268875072,14372442
2543,2018-02-01,71.31024169921875,71.42003717301176,69.16928704456922,71.18215442557369,17028230
2544,2018-02-02,70.59656524658203,71.18212598126166,69.90120908198352,71.18212598126166,22083930
2545,2018-02-05,71.9140853881836,72.07877110956571,69.53524365098268,69.53524365098268,21997294
2546,2018-02-06,71.34681701660156,71.5846996867739,69.5352394440357,69.5352394440357,13495253
2547,2018-02-07,71.54811096191406,72.04217309310233,70.77956269894588,71.65790144354432,14316750
2548,2018-02-08,71.60370635986328,72.14110665962681,71.28867877127256,71.90020498370995,33536651
2549,2018-02-09,71.60370635986328,72.01138882587195,70.78834142784596,71.1589659643665,15183068
2550,2018-02-12,73.5679931640625,73.77183188471423,71.64076969289643,71.97432624798509,11747845
2551,2018-02-14,72.4375991821289,73.54945769465144,71.78901504982409,73.54945769465144,13853923
2552,2018-02-15,73.34561920166016,73.49386599841195,72.15963477394828,72.64144314695257,8833619
2553,2018-02-16,72.47467041015625,73.47534519638279,72.1781767837147,73.41974824293186,6252218
2554,2018-02-19,71.95579528808594,72.99352788111143,71.75195154623717,72.49319054892644,4332550
2555,2018-02-20,72.27082824707031,72.77116058963495,71.80755383591855,72.23376528880836,8479558
2556,2018-02-21,71.88166809082031,72.60437811624959,71.64076642462676,72.4931892517266,9258406
2557,2018-02-22,70.51039123535156,72.08552950087636,70.13977164978098,71.64078398745173,25535938
2558,2018-02-23,71.62224578857422,71.84461348977898,70.54744510745493,70.64009999190665,11567495
2559,2018-02-26,72.6970443725586,73.08619289219894,71.52959378678817,72.27083289227407,8362326
2560,2018-02-27,73.2900390625,73.47534884494021,72.47467400902327,73.1047292800598,17333449
2561,2018-02-28,73.27149200439453,73.4568017537954,72.41906916788993,72.93793546084267,5795018
2562,2018-03-01,73.16030883789062,73.56799129568921,72.47466175343602,73.04911997111898,8106682
2563,2018-03-05,72.99351501464844,73.0305779636196,71.99284555351373,72.93792310461559,6992551
2564,2018-03-06,71.58517456054688,73.1973703691502,71.19602107469166,73.04911854967281,9525018
2565,2018-03-07,71.65929412841797,71.90020081722353,70.88099219783876,71.43692645697979,9481007
2566,2018-03-08,72.41907501220703,72.60438477656267,71.30721642607325,71.84461172659513,10429826
2567,2018-03-09,71.49250793457031,72.51171137826917,71.08482555172122,72.45611946852789,9887071
2568,2018-03-12,72.27082824707031,72.51172993549942,71.52958918922751,71.7148989536882,14242997
2569,2018-03-13,72.28935241699219,73.0120624611829,71.62223931993059,72.23376049671184,10581316
2570,2018-03-14,72.02992248535156,72.71556962830283,71.71489990307724,72.14111136160939,8577503
2571,2018-03-15,72.19670104980469,72.5487916067737,71.82608152745793,71.88167345044015,6132848
2572,2018-03-16,71.25162506103516,73.06765976059553,70.91806346109931,72.04845604864491,10373796
2573,2018-03-19,71.97431945800781,72.30787598162914,71.34426936380052,71.67782588742183,13496140
2574,2018-03-20,72.23375701904297,72.6784973867226,71.45545509204301,71.93725841374139,9661410
2575,2018-03-21,71.97431945800781,72.45612779377049,71.75194676664414,72.45612779377049,9675146
2576,2018-03-22,71.41840362548828,72.15964271769586,71.25162784585116,71.97433294464396,11371840
2577,2018-03-23,71.99285125732422,72.36347072270354,70.78833296799324,70.78833296799324,9062739
2578,2018-03-26,72.23375701904297,72.45612971630703,71.99285535819378,72.04844727579767,15451169
2579,2018-03-27,72.62289428710938,72.77114105350982,72.30786676672858,72.30786676672858,7563470
2580,2018-03-28,71.62224578857422,72.56732359924206,71.27015521691801,72.45613974863967,14095921
2581,2018-04-02,72.23375701904297,72.34494085425075,71.49251804606176,71.49251804606176,6821616
2582,2018-04-03,73.5865249633789,73.93861552372007,72.10404685979347,72.19670174126756,6269850
2583,2018-04-04,72.65998840332031,74.0868748240468,72.14112198492428,73.73478420432278,9689298
2584,2018-04-05,72.73410034179688,73.54946026334706,72.64144546251738,73.34562153967174,8673501
2585,2018-04-06,72.62289428710938,73.3456041852272,72.54877341733301,73.19735741882674,7948746
2586,2018-04-09,72.5858383178711,72.82674499163852,72.34493667095188,72.64143525910863,4610445
2587,2018-04-10,72.99351501464844,73.62357006661489,72.75261338660755,72.95645206567727,7562115
2588,2018-04-11,73.01203918457031,73.45677943187633,72.56729391041715,73.3826585707489,5790314
2589,2018-04-12,72.77114868164062,73.34561187357528,72.67849381457197,73.08617623504372,3537785
2590,2018-04-13,73.1973648071289,73.38267454054596,72.78968238824174,72.8267453402948,3438013
2591,2018-04-16,73.82740783691406,74.45746288112491,72.93792220679407,73.10470296168747,9628436
2592,2018-04-17,75.93994140625,76.77383513579862,74.93926692005252,75.30988635540747,23457958
2593,2018-04-18,75.9770278930664,76.27352152246586,75.73612116397382,76.01408582660432,8814122
2594,2018-04-19,77.12593078613281,77.42242434357566,75.95847546493724,76.16231918417132,10627620
2595,2018-04-20,76.7923812866211,77.68187215206164,76.42176176830384,77.38537352129848,5446620
2596,2018-04-23,76.6441421508789,77.0518246671755,76.05114985688834,77.0518246671755,4139986
2597,2018-04-24,76.51441192626953,77.16299604330138,75.9028907641521,77.16299604330138,3594644
2598,2018-04-25,76.84797668457031,77.83011738291545,75.56933736144724,76.49588613853676,5924775
2599,2018-04-26,76.71825408935547,77.34830420256681,76.4217554829779,76.92209279692561,7950190
2600,2018-04-27,77.05181121826172,77.34830480008117,76.75531763644227,76.903564427352,7371596
2601,2018-04-30,77.03327941894531,77.45949081219055,76.73678082119113,76.92209055971935,5644871
2602,2018-05-02,76.03262329101562,77.49657259177008,75.86584247508425,76.71827049550632,7210903
2603,2018-05-03,76.51441192626953,76.9220943766307,75.32843255694907,75.9770166739809,3782713
2604,2018-05-04,76.86651611328125,77.01476293242679,75.79172039091425,76.71826929413572,22466426
2605,2018-05-07,77.57068634033203,77.83012202412745,76.718263425317,76.718263425317,6003886
2606,2018-05-08,78.84932708740234,79.31260151149169,77.40391188961345,77.64481358477006,19748071
2607,2018-05-09,78.51576232910156,79.20140941070554,78.25632666789508,78.5713542488319,13934330
2608,2018-05-10,77.08888244628906,78.49723465135611,75.86583497961063,78.27486192770102,13973187
2609,2018-05-11,76.66265869140625,77.45948954871042,76.32909714601763,77.3853636437689,10688957
2610,2018-05-14,77.47802734375,77.75599197869532,76.34763983904521,76.34763983904521,13962128
2611,2018-05-15,79.25700378417969,80.05383472991369,77.32978031030545,77.45949814492467,56040833
2612,2018-05-16,79.10875701904297,79.68321525237187,78.7751954364919,79.46084253962077,18183776
2613,2018-05-17,79.10875701904297,80.05383476467408,78.68254055841633,78.75666647161633,17900935
2614,2018-05-18,78.92344665527344,79.68321971414494,78.6084240736563,79.20141633191355,18414996
2615,2018-05-21,78.81226348876953,79.47938167015595,78.42311498643099,79.47938167015595,16669979
2616,2018-05-22,78.10808563232422,79.31259909830769,77.64481122233057,79.21994421630896,9411261
2617,2018-05-23,78.31192016601562,78.73813159500348,77.71892794762657,78.20073632431402,18219990
2618,2018-05-24,78.47869110107422,78.71959274574422,78.34897328414478,78.71959274574422,17260447
2619,2018-05-25,78.58988189697266,78.96050139143301,77.92276881768346,77.92276881768346,30090956
2620,2018-05-28,76.69973754882812,78.75667919039984,76.45883583229711,78.66402429736101,17488299
2621,2018-05-29,76.71825408935547,77.71892369040238,76.25497972956101,77.18152844914992,15749359
2622,2018-05-30,77.64481353759766,78.55282839215157,76.7182646899819,76.7182646899819,36016623
2623,2018-05-31,77.62626647949219,78.83077977866466,74.71690258227514,77.79304725473234,274352477
2624,2018-06-01,76.3291015625,77.0518115835277,74.25363139937936,76.68119209107218,17096388
2625,2018-06-04,74.75396728515625,76.6997195832119,74.34628484590822,76.6997195832119,14456405
2626,2018-06-05,73.69770050048828,74.55012833004227,72.30787743508898,74.4204105052353,13788817
2627,2018-06-06,74.5315933227539,75.3284292241889,73.19736721965471,73.19736721965471,8130515
2628,2018-06-07,75.14311981201172,75.58786017269942,73.4753321490239,74.66131147103951,7683528
2629,2018-06-08,73.34561920166016,74.56866155842341,72.91940777593047,74.45747771757175,12429285
2630,2018-06-11,72.5302505493164,73.84595274159317,72.08551018193221,73.6050460540555,19668041
2631,2018-06-12,72.28935241699219,72.80821871768997,71.67783124021092,72.80821871768997,13416832
2632,2018-06-13,73.43827056884766,73.88301093785178,72.30787811557573,72.75262351142838,10866676
2633,2018-06-14,73.69770050048828,73.88301024254152,72.8638066612487,73.45679884118877,7205187
2634,2018-06-15,73.32707214355469,73.75328852018227,72.73408506221656,73.69769158281494,9527937
2635,2018-06-18,73.62358093261719,73.93860850509489,72.7340951602702,73.32708232393581,4303444
2636,2018-06-19,73.64212036132812,74.0127399047103,72.93794423427182,73.21590889180847,8099053
2637,2018-06-20,73.80889892578125,74.01273765771329,72.93794201990517,73.64211812558295,8160216
2638,2018-06-21,72.4375991821289,73.62358360622576,71.82607800561125,73.41973986282072,10942576
2639,2018-06-22,73.27149200439453,73.53092766429523,71.93726080333843,72.71556275619187,7677797
2640,2018-06-25,71.97431945800781,73.4938603176698,70.97364486029548,73.27148762630613,8701812
2641,2018-06-26,70.69569396972656,72.15964319730642,70.0471097597341,71.86314956919247,9869227
2642,2018-06-27,69.37998962402344,71.34427605051472,68.8240603569342,71.14043230313936,13094540
2643,2018-06-28,68.49050903320312,69.95445319890828,67.87898277121887,69.82474038149269,22542641
2644,2018-06-29,69.25025939941406,70.54742745719973,68.23105592543962,68.65726728191389,8435793
2645,2018-07-02,68.5831527709961,69.43557556301806,68.0086895617218,69.30585773983688,13100144
2646,2018-07-03,68.39784240722656,68.73139893032894,67.15626615698874,68.21253266918654,9990760
2647,2018-07-04,67.8233871459961,70.1397591427669,67.50835954906547,68.65728106483358,10626271
2648,2018-07-05,67.32304382324219,68.10134575055486,66.91536640941753,67.87897305320145,7739370
2649,2018-07-06,67.37863159179688,67.78630895010222,67.02654111669918,67.32303465489359,7229617
2650,2018-07-09,68.37931060791016,68.56462035188675,67.45276188802717,67.52688779635722,10238815
2651,2018-07-10,68.21253967285156,68.69434303048503,67.97163296718595,68.56462519516867,7258266
2652,2018-07-11,67.78633880615234,68.47198607041955,67.60102900645039,68.11990046709587,3825437
2653,2018-07-12,67.67513275146484,68.04575222937038,67.30451327355931,67.89750544357784,11523981
2654,2018-07-13,67.3601303100586,67.95312270121798,67.17482050199942,67.52691114805195,4793733
2655,2018-07-16,67.21188354492188,67.63809509856947,66.93391883251905,67.10069967070085,12191173
2656,2018-07-17,67.24893188476562,67.54542550276547,66.71153154693562,66.97096723282235,4698206
2657,2018-07-18,66.15558624267578,68.11987232410276,65.98881050795565,67.67512697781983,5845129
2658,2018-07-19,65.76644134521484,67.00801756191538,65.63672352672107,66.37796245885892,5980121
2659,2018-07-20,65.15493774414062,65.95176880499417,64.52488247173572,65.78498798969595,5273662
2660,2018-07-23,65.6181869506836,65.97027238648876,65.09931573691152,65.21050457994025,6336970
2661,2018-07-24,65.87763977050781,66.13707546497736,65.32171044822968,66.04442057793099,6260188
2662,2018-07-25,65.09932708740234,66.34090337652358,64.74724159020877,66.21118555046343,7757736
2663,2018-07-26,67.39717102050781,68.11988104401851,64.5619328988518,65.3217008502565,33869484
2664,2018-07-27,66.67446899414062,68.49050875271236,66.04441879534055,67.91604545242056,19690254
2665,2018-07-30,67.89752197265625,68.10136072438776,66.7300713384175,67.0450939498481,10288607
2666,2018-07-31,67.56395721435547,68.78699963086989,67.39717641808123,68.06428954948018,11713824
2667,2018-08-01,68.45345306396484,68.84260160964784,66.76713097002244,67.8233977713974,10299992
2668,2018-08-02,69.93590545654297,70.51036357810989,68.47195665702387,68.9908278947786,12305598
2669,2018-08-03,70.4918441772461,70.76980879509294,70.0470987779517,70.34359738643082,7491196
2670,2018-08-06,70.21388244628906,71.10336825460107,69.91738885246798,71.10336825460107,4944677
2671,2018-08-07,70.08416748046875,70.65863075391053,69.5467721913317,70.36213212111345,3270258
2672,2018-08-08,70.23239135742188,70.6771366480144,69.62087035299264,70.08414460284014,6225545
2673,2018-08-09,71.38133239746094,71.52958422021001,69.6208897573787,70.23241093224804,6328977
2674,2018-08-10,70.6215591430664,71.84460140130193,70.08415889292901,71.78900948535455,4909902
2675,2018-08-13,69.6764907836914,70.41772988691633,69.36146818630033,69.89886352002877,2537940
2676,2018-08-14,69.63941955566406,70.0470969631316,69.13908225113305,69.50970173199329,2304692
2677,2018-08-16,69.56529998779297,70.417722860708,69.34292727364374,69.4541161441428,3661689
2678,2018-08-17,69.34292602539062,70.04710208514648,68.84258868427372,69.86179233116604,4022502
2679,2018-08-20,69.54676055908203,69.99150089361783,68.78698765228853,69.49116361877294,2487784
2680,2018-08-21,69.50970458984375,69.78766921191728,68.87964943573762,69.54676754482328,3655095
2681,2018-08-23,70.4918441772461,70.78833775887664,69.50970353289027,69.50970353289027,9442607
2682,2018-08-24,70.7697982788086,72.12255821260881,70.25093207463358,70.60301752214443,8393334
2683,2018-08-27,73.30854797363281,73.49385770537442,70.7512746809683,70.84392954683909,14042229
2684,2018-08-28,73.06766510009766,74.29070763307396,72.54879872328496,73.2344408854038,8224129
2685,2018-08-29,71.5481185913086,73.77183577839955,71.1960280259462,73.01206775021646,6955827
2686,2018-08-30,72.99351501464844,73.45678930966852,71.30719859151442,71.62222611749765,22347117
2687,2018-08-31,74.67987060546875,74.95783530955586,72.21524620774969,72.21524620774969,11854651
2688,2018-09-03,72.08551788330078,75.97702290462212,71.90020812038073,75.18018690258661,8999761
2689,2018-09-04,72.06697845458984,72.80821745035537,71.02924587125754,72.08551244559317,5387824
2690,2018-09-05,72.51171875,73.01205604223277,71.43692328729334,71.95578954237432,7334087
2691,2018-09-06,73.86449432373047,74.77251423088931,72.4561420461467,72.64145182092611,16457730
2692,2018-09-07,72.5302505493164,74.45747388852675,71.47398400815013,74.45747388852675,4580610
2693,2018-09-10,72.54905700683594,73.31985836326972,71.49626137343262,72.62425888057122,6293799
2694,2018-09-11,70.2742691040039,73.2634596519873,70.01106762690654,72.5866631391876,9560546
2695,2018-09-12,72.86865234375,73.41385314155725,70.34945604326892,70.34945604326892,13582243
2696,2018-09-14,75.2562484741211,75.93304489720133,72.90625381090523,73.4138536781228,22816500
2697,2018-09-17,75.91424560546875,76.53464316536308,74.22224947858525,74.22224947858525,15162744
2698,2018-09-18,74.78623962402344,76.66623510528864,74.50424030183365,75.76383829424417,4937349
2699,2018-09-19,74.56063079833984,75.19983123032941,73.77103176465084,74.82383217617404,6025625
2700,2018-09-21,75.3502426147461,75.91424129165816,73.35744422976816,74.82384486959106,11174973
2701,2018-09-24,74.2974624633789,75.33146032216389,73.15066687810736,75.19986467453484,3992299
2702,2018-09-25,72.4174575805664,74.67345263543113,72.06026142343529,74.07185803398605,10770907
2703,2018-09-26,72.51145935058594,72.94386249440427,70.76306415538193,72.73705988218347,7286693
2704,2018-09-27,73.15066528320312,73.65826524095718,72.248268191538,72.56786854270283,8101331
2705,2018-09-28,70.8382568359375,74.42904655668534,70.4434546819432,73.13185259308469,10284429
2706,2018-10-01,72.3422622680664,72.90626104318673,69.8982675758783,70.80066459610777,4684738
2707,2018-10-03,71.04505157470703,72.30464965573572,70.8194510811204,71.62784817497585,10349581
2708,2018-10-04,71.15785217285156,71.79705274743948,69.39065928396883,70.68785325030593,11239097
2709,2018-10-05,70.42464447021484,72.0226405245195,70.0674433122683,71.06383983204843,7035573
2710,2018-10-08,70.18025207519531,71.08264890398769,68.61985171520469,70.12384812979673,4680183
2711,2018-10-09,70.14265441894531,71.23305085045858,69.67265551744697,70.33065397954465,5552286
2712,2018-10-10,70.36825561523438,71.04505200023344,70.01105440659822,70.01105440659822,3526073
2713,2018-10-11,69.82306671142578,70.87586240031895,69.20266906976318,69.91706650864178,10016561
2714,2018-10-12,70.85707092285156,71.34586787288819,69.97347172872458,70.02987059221867,6856067
2715,2018-10-15,70.7254409790039,71.439838187926,69.97344284333565,70.8570416727086,6926558
2716,2018-10-16,70.3870620727539,70.98866176565183,69.59746279456382,70.66906145069213,6530627
2717,2018-10-17,71.10147094726562,71.47747017850757,70.68787077293626,70.70667379438795,4151254
2718,2018-10-19,71.12026977539062,71.98506591633144,70.33067041637493,71.06386581417719,9497796
2719,2018-10-22,71.12026977539062,71.81586423232248,70.7818664073727,71.21426957765878,4377225
2720,2018-10-23,71.79705047607422,72.43625103044046,69.8606559964088,70.68785101403121,4599675
2721,2018-10-24,71.59027099609375,72.28587057430832,71.21427177541732,72.00386605898517,4510189
2722,2018-10-25,71.92865753173828,72.24825783709879,70.19906037903581,71.32705785690938,7455415
2723,2018-10-26,70.8382568359375,71.81585051291839,70.61265633362856,71.57145209367316,6390862
2724,2018-10-29,71.27066040039062,71.62785654883184,70.46226321202722,71.21426154535412,8374975
2725,2018-10-30,69.99225616455078,71.27065216349666,69.78545358689743,71.06384958584331,5105532
2726,2018-10-31,69.91705322265625,70.21785047666233,67.22866055310311,69.59745295289076,9622136
2727,2018-11-01,70.85707092285156,71.1766712824059,69.76667419597428,69.97347172872458,5603131
2728,2018-11-02,71.38346099853516,72.30466103405705,70.95106295934102,71.08266369296061,6034462
2729,2018-11-05,69.95465087890625,71.25184471336085,69.55984876421768,71.08264817833503,4872816
2730,2018-11-06,70.7254409790039,71.06383912009187,69.55984284875535,70.34944191116978,7337064
2731,2018-11-07,71.08265686035156,71.43985298891002,70.72545563197832,71.43985298891002,223308
2732,2018-11-09,72.07906341552734,72.2670630140567,70.98866676402018,71.06386354354262,9231137
2733,2018-11-12,69.91705322265625,72.53024912861507,69.27785268312527,72.00384628438277,3906667
2734,2018-11-13,69.20265197753906,70.68784534683788,68.75145102241727,70.3118462508411,7750412
2735,2018-11-14,69.91705322265625,70.31185025601604,69.22145383547593,69.29665569888466,9918943
2736,2018-11-15,70.34945678710938,70.87585457342531,69.76666014865509,69.93585670507014,8814911
2737,2018-11-16,70.7254409790039,71.439838187926,70.01104377008181,70.31184098442361,5537047
2738,2018-11-19,71.32707214355469,71.62786949131065,70.55627575254503,70.76307329165026,5155461
2739,2018-11-20,70.8382568359375,71.85345144660565,70.49985353256676,71.85345144660565,2673334
2740,2018-11-21,68.46946716308594,70.63146245331737,68.1686698582842,70.49986172003588,6426666
2741,2018-11-22,67.60466766357422,69.07106337490451,66.85266933983405,69.07106337490451,6231287
2742,2018-11-26,68.60106658935547,68.75146523889089,67.24746854390632,67.69866959232776,5022526
2743,2018-11-27,68.6386489868164,69.54104574009916,67.79265107439875,68.41304852354227,6727512
2744,2018-11-28,69.29666137695312,69.55985772082077,68.24386070203798,68.39425934136447,9281286
2745,2018-11-29,67.86785888671875,70.87585195429881,67.41666298647053,69.541057070486,16395530
2746,2018-11-30,67.73626708984375,69.0146683917622,67.0406726812188,68.05586741532336,10573839
2747,2018-12-03,69.10867309570312,70.8758663212377,68.09347318968224,68.09347318968224,11107638
2748,2018-12-04,70.40586853027344,70.76306982557642,68.48827150776175,68.95827052799423,6304336
2749,2018-12-05,68.99585723876953,70.5750556609579,68.6198581001356,69.59745688054674,5774768
2750,2018-12-06,68.99585723876953,69.71025968202575,68.69505996778827,68.99585723876953,8600328
2751,2018-12-07,68.67626190185547,70.31185929278658,67.92426357037587,69.10866502230829,8378029
2752,2018-12-10,67.41667938232422,68.58227289963415,66.42027735650991,67.8678753923041,6431248
2753,2018-12-11,67.79266357421875,68.16866271573225,66.60826219859939,66.85266572043497,6514193
2754,2018-12-12,68.6386489868164,69.10864782704844,67.94304968331024,68.01824643785908,7396629
2755,2018-12-13,68.6386489868164,68.80784550941166,68.09344829222172,68.56344713245376,4251108
2756,2018-12-14,69.82306671142578,70.02986422537485,67.86786888940658,68.24386807827062,9276710
2757,2018-12-17,72.3986587524414,73.90265543679574,71.3270600948759,71.43985780627642,23727234
2758,2018-12-18,73.82743835449219,74.07184184520573,71.77824635407391,72.53024454134244,15507368
2759,2018-12-19,74.8238525390625,75.01185211730322,73.33865383103492,73.33865383103492,11434466
2760,2018-12-20,74.4290542602539,74.80505343641396,73.28225881289184,74.0906560216729,7938383
2761,2018-12-21,74.03426361083984,74.86145881052073,73.56426459972036,74.44786376058812,8722621
2762,2018-12-24,72.925048828125,74.37264650305934,72.64304947975394,74.07184923805606,8563441
2763,2018-12-26,73.43267059326172,73.80866983665099,71.94747154194768,72.79346983957352,4766041
2764,2018-12-27,73.90265655517578,75.01185616659886,72.75586110592704,73.33865779000783,46486470
2765,2018-12-28,74.09065246582031,74.57944933144334,73.54545164662812,74.25985412689789,5142112
2766,2018-12-31,74.69225311279297,75.19985300283007,73.69585635075867,73.95905270498214,6317785
2767,2019-01-01,75.19983673095703,75.38783627178628,73.73343623263771,74.24103601283949,3961625
2768,2019-01-02,73.41384887695312,75.19984470419539,72.94384997504727,74.8614414149716,7876559
2769,2019-01-03,72.58666229248047,73.31986275597376,72.19186518125511,73.28226181685338,7942863
2770,2019-01-04,73.65826416015625,73.97786450663152,71.96626772568021,72.68066520027364,4017540
2771,2019-01-07,74.61703491210938,74.78623653836769,73.63943628222404,73.7334360524089,3592512
2772,2019-01-08,74.20344543457031,74.63584851864012,73.62064881663703,74.41024801821558,3990870
2773,2019-01-09,74.2974624633789,74.72986564781438,73.5454640206262,74.20346265803482,4087529
2774,2019-01-10,73.56423950195312,74.24103580713765,73.28224019149059,74.24103580713765,3589725
2775,2019-01-11,73.0754623413086,73.65826417317608,72.66186729266053,73.28226496544828,2995789
2776,2019-01-14,72.37987518310547,73.07546970766867,71.8158712148438,72.96267197390604,5370460
2777,2019-01-15,72.36104583740234,74.82384306025337,71.59024970418716,74.82384306025337,11498868
2778,2019-01-16,72.19185638427734,73.00025352768829,72.04145264612339,72.379855957155,8515441
2779,2019-01-17,72.90625762939453,73.15065606720647,72.19186023432307,72.19186023432307,5325531
2780,2019-01-18,72.79346466064453,73.95906325218736,72.37986960219467,72.9438684271526,4366941
2781,2019-01-21,71.90986633300781,73.2070656856964,71.68427088020616,72.92506626987851,4067143
2782,2019-01-22,71.32707214355469,71.90986891726287,70.87587102210475,71.81586910861212,3577455
2783,2019-01-23,70.04866027832031,72.0038528060789,69.82305976747493,71.27065752060001,6173490
2784,2019-01-24,70.21784973144531,71.10144866795547,69.76665385522467,70.19905181569983,6157088
2785,2019-01-25,69.87945556640625,71.10145275528302,69.65385506541992,70.53745405272451,3868441
2786,2019-01-28,70.61266326904297,70.91346056845538,68.43186499894988,69.93586169564227,7440853
2787,2019-01-29,69.78544616699219,70.61264619002495,69.05224591476706,70.23664710679441,17469350
2788,2019-01-30,70.34945678710938,70.65025916487194,68.95825790201778,69.59745849242523,12711500
2789,2019-01-31,70.9134521484375,72.00384860410655,70.23665575521245,70.87585121552175,25774313
2790,2019-02-01,71.51506805419922,72.1354657391754,69.89827346913208,71.79706746553528,9474849
2791,2019-02-04,69.40946197509766,71.251856858238,69.0898616658208,71.251856858238,3678667
2792,2019-02-05,69.97346496582031,70.29306529448542,68.99586606041571,69.22146659240374,5500377
2793,2019-02-06,70.23666381835938,70.96985914522133,69.46586245444993,70.02986121348921,4322649
2794,2019-02-07,69.40946197509766,70.57506040314645,69.18386145679546,70.29306103022247,4309303
2795,2019-02-08,68.05586242675781,70.66905859671044,67.86786284905806,69.40946040615907,7692145
2796,2019-02-11,68.56346893310547,68.88306926604712,66.87147257027776,67.52947115582187,7913450
2797,2019-02-12,68.14985656738281,70.08625613705449,67.84905930791909,68.8078550347974,11930402
2798,2019-02-14,65.78106689453125,67.2474625208394,64.85986696143506,66.73986266178262,36962390
2799,2019-02-15,68.24386596679688,68.50706743078437,66.77747019556064,67.07826749741902,16005610
2800,2019-02-18,67.96184539794922,68.9958428130026,67.51064958581411,68.22504677988826,7973918
2801,2019-02-19,67.47306823730469,68.80786324774176,67.2662656344016,67.77386553267173,10824411
2802,2019-02-20,68.35665130615234,68.65744853111929,67.15345220665675,67.96184921109258,9658184
2803,2019-02-21,68.35665130615234,68.80784714360276,67.99945013916692,68.69504945919364,9197823
2804,2019-02-22,68.39425659179688,68.65745802489822,67.86785882540883,68.31905982506409,12182132
2805,2019-02-25,68.4130630493164,68.61986054300117,67.11586393492323,68.05586181497195,29907322
2806,2019-02-26,68.13107299804688,68.69507180316835,67.24747385006012,67.4918723123163,13683801
2807,2019-02-27,68.22506713867188,69.2966657994616,67.62346744315701,68.16866828280192,13566494
2808,2019-02-28,68.75146484375,69.46586224979873,67.90546670768346,68.7702627624032,69863939
2809,2019-03-01,68.88307189941406,69.08986942285038,68.46947175272581,68.84547095883957,7227772
2810,2019-03-05,68.80785369873047,69.72905357514942,68.65745507191895,69.18385281566647,15733697
2811,2019-03-06,69.37185668945312,70.08625913592289,68.31906113646832,68.84545891296072,20336766
2812,2019-03-07,70.36825561523438,71.25184947903468,69.40945478670209,70.31185166663901,12295538
2813,2019-03-08,70.31187438964844,70.8570753369588,69.65387570832303,70.68787363612009,6211299
2814,2019-03-11,73.05665588378906,73.69585650215858,70.59385830107358,70.8758576739163,17678891
2815,2019-03-12,73.82743835449219,75.95183731337703,73.1882429552024,73.1882429552024,26457157
2816,2019-03-13,73.22586059570312,74.54185772375214,72.60545786977066,74.48545376698355,6930222
2817,2019-03-14,72.71422576904297,73.5475698627745,72.57856388001832,73.23749005117008,8466765
2818,2019-03-15,74.9041748046875,75.27239388109399,72.52041615793999,72.52041615793999,14301914
2819,2019-03-18,76.37706756591797,76.66776934962776,74.90418063133248,75.25302172034549,14247336
2820,2019-03-19,77.13288116455078,77.5980007849232,75.6987505063853,76.04759153596281,16995997
2821,2019-03-20,76.5127182006836,77.46234073353708,76.16387716295797,77.22978354651529,9060589
2822,2019-03-22,76.93907165527344,77.8499327843926,76.41580753912072,76.70650924173977,8782833
2823,2019-03-25,78.29570007324219,78.87710363050309,75.62123950408716,76.43520553569114,14506515
2824,2019-03-26,78.62515258789062,79.03213820487909,77.28792765056839,78.35383410042493,8371544
2825,2019-03-27,77.59801483154297,79.34222555235655,76.9390939357741,78.68330465658768,11579885
2826,2019-03-28,76.84217834472656,77.5204823815635,76.14449103823578,77.5204823815635,17034861
2827,2019-04-01,75.795654296875,77.40420290940759,75.62123114609729,76.82279941640594,10617688
2828,2019-04-02,77.44296264648438,77.83056496740825,75.97007592985084,75.97007592985084,17946031
2829,2019-04-03,77.88871002197266,78.50887483273465,77.57863024518831,77.67553083258258,15076661
2830,2019-04-04,77.26853942871094,78.78019268468954,76.93908166198051,78.0825053533472,10130253
2831,2019-04-05,76.08637237548828,77.79182193626643,75.98947177252141,77.79182193626643,9883976
2832,2019-04-08,76.88095092773438,77.63677769158592,75.79566633793131,76.7452942969044,13511642
2833,2019-04-09,76.88095092773438,77.26855331797745,76.37706992329592,77.113513413319,10655872
2834,2019-04-10,76.99723815917969,77.3848405663372,76.64839704417673,76.64839704417673,8637199
2835,2019-04-11,75.95069122314453,77.28792130792,75.83441263194355,77.19102072952157,13713296
2836,2019-04-12,76.37706756591797,76.60963004432455,75.60186280935851,76.22202766604481,11004111
2837,2019-04-15,76.7646713256836,77.84995590152054,76.39644695681366,76.6677707293698,8965316
2838,2019-04-16,76.29955291748047,77.46236017317453,76.16389627673824,77.13290232314996,4918434
2839,2019-04-18,75.3111572265625,76.68714349716615,75.00107744245824,76.49334231780263,11593259
2840,2019-04-22,75.50495147705078,76.24139483961217,74.96230927606834,75.27238903171747,7772049
2841,2019-04-23,74.80728149414062,75.40806308930101,74.43905712472373,75.11736129992782,6686014
2842,2019-04-24,74.40029907226562,75.44682766242678,73.66385555857897,74.84604078392906,7288151
2843,2019-04-25,74.24525451660156,75.89256462498315,73.9157914434865,74.4971950111506,17599280
2844,2019-04-26,73.95455169677734,75.34992129106287,73.78012852604404,74.03206901706376,8664580
2845,2019-04-30,72.24909973144531,74.61347517397881,71.86149737224945,74.30339013230605,14290974
2846,2019-05-02,73.72198486328125,73.9545473247793,72.26847605041011,72.50103851190816,8897549
2847,2019-05-03,73.97391510009766,74.78788097407677,73.72197465884504,73.99329836923562,10782838
2848,2019-05-06,73.81889343261719,74.74913812200056,73.19872855396363,73.64447025333547,5477945
2849,2019-05-07,74.24525451660156,75.1173598680977,73.83826886492047,73.83826886492047,9450289
2850,2019-05-08,73.64446258544922,75.09797666133736,73.21810420438676,74.40028927404785,10180731
2851,2019-05-09,72.83049774169922,73.66384169927278,72.22971097623508,73.60570240124542,7921214
2852,2019-05-10,71.91963958740234,73.04368542315503,71.72583839995555,73.02430740728781,5938686
2853,2019-05-13,70.79559326171875,72.11344563085396,70.5630360268775,71.88088313881869,5504435
2854,2019-05-14,70.4079818725586,71.39637102323388,70.17542466740521,70.50488246043695,11334983
2855,2019-05-15,69.18704223632812,71.55141786163219,68.78006183058952,70.98939229447518,7616268
2856,2019-05-16,70.48550415039062,70.8149671992352,69.32269710072268,69.51649827566733,8660893
2857,2019-05-17,70.60179138183594,71.16381696074676,69.90410916963778,70.42737345738338,10183233
2858,2019-05-20,72.88863372802734,73.21809674480392,71.33822447937787,72.1328071164336,6287120
2859,2019-05-21,71.29946899414062,73.1018188408076,71.22194642252761,72.96615696908142,7748239
2860,2019-05-22,70.5823974609375,71.82272695558478,70.46611887083617,71.2800795159311,6972640
2861,2019-05-23,71.57078552246094,72.90801567444733,70.97000400907174,72.09404972355097,13966122
2862,2019-05-24,71.95841979980469,72.30726097750771,71.41577212649439,71.95841979980469,7240775
2863,2019-05-27,72.61731719970703,73.4894224884583,71.95839635807765,72.2684761356452,6424176
2864,2019-05-28,73.72198486328125,74.14834849982878,72.7917402744824,72.96615817771092,11255911
2865,2019-05-29,73.70259857177734,74.80726619694279,73.39251357220503,74.1871014549909,8310232
2866,2019-05-30,74.1095962524414,75.15612482822984,72.92741104332713,74.96232362954264,34989609
2867,2019-05-31,73.37313079833984,74.57469892217445,73.02428979650203,74.22585266314424,11849847
2868,2019-06-03,74.82666015625,75.00108333425656,73.64446971494806,73.74137031224197,12106965
2869,2019-06-04,74.78788757324219,75.97007783603844,74.40028524259287,74.63284769242108,11447117
2870,2019-06-06,75.75690460205078,76.80343315243151,75.25302360057493,75.58248668178322,26132949
2871,2019-06-07,74.32274627685547,75.98943908526554,74.09018913552599,75.75687668674415,8783688
2872,2019-06-10,75.3111572265625,75.95070006702343,74.57471379641979,74.78789299084228,11231885
2873,2019-06-11,75.0592041015625,75.85378670023297,74.76850238148415,75.69874683429637,6589306
2874,2019-06-12,74.09021759033203,75.03984030131433,73.76075450399371,74.8072830706698,7509749
2875,2019-06-13,75.1367416381836,75.36930412830745,73.5088147217046,74.10959633543007,11041648
2876,2019-06-14,75.42742919921875,76.33829571357653,74.94292629341068,75.19487201018526,34979466
2877,2019-06-17,75.2142562866211,76.14450089179535,75.0398331231288,76.12512287682661,10860754
2878,2019-06-18,76.66777038574219,77.07475078555848,75.25302273734053,75.46620194539787,17815522
2879,2019-06-19,77.63676452636719,78.10188941866309,76.74528128285853,76.7840373095557,32722391
2880,2019-06-20,77.88871002197266,78.5863974055274,77.24916719660912,77.77243141997685,11459458
2881,2019-06-21,77.48173522949219,78.31507928956988,76.95847096849661,77.98561621729905,16601442
2882,2019-06-24,77.15227508544922,77.81120125499966,76.57087149720844,77.52049946087926,9883389
2883,2019-06-25,78.14065551757812,78.41197928258947,77.13289354969292,77.13289354969292,10375296
2884,2019-06-26,81.26085662841797,81.76473760517997,77.92747520397994,78.08251510012258,31182825
2885,2019-06-27,80.50503540039062,81.35776277316252,79.94301508136756,81.04768295971489,13741562
2886,2019-06-28,80.19493103027344,81.24145928028882,79.32282590765806,80.29183159945292,12067819
2887,2019-07-01,80.25308990478516,81.39651900301503,79.71044763639561,80.33061248192378,11211814
2888,2019-07-02,80.36936950683594,81.08642964995637,79.98176715609263,80.38874752149576,12203723
2889,2019-07-03,80.98953247070312,81.2608562305194,80.11742714482827,80.6988306954115,13693989
2890,2019-07-04,81.4740219116211,81.70658434470711,80.5050161547566,81.00890230264176,12324046
2891,2019-07-05,79.7879638671875,82.17172262393402,79.14842101470163,81.41589590732752,12525923
2892,2019-07-08,78.00499725341797,79.98177037315821,77.65615091796286,79.4585061271691,8948141
2893,2019-07-09,79.36161041259766,79.53602833385017,77.36545389755472,78.27632056585298,6875651
2894,2019-07-10,79.57478332519531,80.02052498714772,78.72205603148278,79.34222085807431,12675299
2895,2019-07-11,80.85388946533203,81.0670687002386,79.88487812729967,80.00116201131688,7808266
2896,2019-07-12,80.117431640625,81.33838337111847,79.22594824924913,80.85388038511117,6349095
2897,2019-07-15,79.43914031982422,80.1368278869327,78.64455739702271,79.71046413878774,6656137
2898,2019-07-16,80.97016143798828,81.1639626382292,79.18718934433313,79.38099054457405,6627472
2899,2019-07-17,80.6213150024414,81.6096989554911,80.02052816707143,80.93139479946265,6388864
2900,2019-07-18,79.59414672851562,80.97013800634963,79.45849013335935,80.97013800634963,8419638
2901,2019-07-19,79.72982788085938,80.4856546289118,78.60578202408927,79.76858917051223,10869152
2902,2019-07-22,79.1096420288086,80.31121014608715,78.52823860985373,79.84609056523867,9061812
2903,2019-07-23,81.57093048095703,81.78411492267412,79.14841585139834,79.34221702176305,14046808
2904,2019-07-24,81.3189926147461,82.55932224767264,80.83448967332063,81.26085331321372,18181391
2905,2019-07-25,82.61746978759766,83.10197277733646,81.33838399756478,81.39652330489466,28085772
2906,2019-07-26,81.99729919433594,82.94692709091544,81.49341822300408,82.61746402941682,10950941
2907,2019-07-29,80.58255767822266,82.36552974180225,80.05929339495994,82.30739043414948,5948953
2908,2019-07-30,80.71821594238281,81.31899752313603,80.11742910443591,80.54379277006417,10050004
2909,2019-07-31,81.70659637451172,82.92754801367796,80.21432623779233,80.42751069000566,26229893
2910,2019-08-01,82.94691467285156,83.81901986303465,81.31898288163269,82.15232678970244,27069006
2911,2019-08-02,81.60969543457031,82.92754765803815,80.75697340095438,82.5399400426938,20863783
2912,2019-08-05,77.96623992919922,81.39652209708832,76.2995465149127,81.39652209708832,18063375
2913,2019-08-06,76.78404235839844,78.5088749187843,76.06698221664956,77.75304823340323,11846580
2914,2019-08-07,77.07473754882812,77.88870346586491,76.39643349416295,77.13288210212515,9432897
2915,2019-08-08,78.56700897216797,80.87324490351772,76.37705689236793,76.76465921648096,6595239
2916,2019-08-09,78.29570007324219,80.95077736950567,78.00499829461174,78.87710363050309,9175926
2917,2019-08-13,78.29570007324219,79.61354708492816,76.26078762282904,77.69491324308974,7558090
2918,2019-08-14,79.51665496826172,79.92363539884965,76.64839816480006,77.92748402424287,8024154
2919,2019-08-16,81.84225463867188,83.04382295248394,78.41197285432848,79.10965496831317,11894601
2920,2019-08-19,81.21466064453125,82.3717899998495,80.86163984262896,82.03837939575916,8100095
2921,2019-08-20,80.82240295410156,82.72479936604887,80.6655054327435,81.19503922248722,8711658
2922,2019-08-21,80.371337890625,81.43040569815015,80.13598889782116,81.05776934952871,5649369
2923,2019-08-22,79.52801513671875,80.62630342934396,78.7631321799437,80.21444664965568,5059207
2924,2019-08-23,79.0376968383789,80.25365682158002,78.72389642321085,79.25343030115741,7611285
2925,2019-08-26,79.58684539794922,79.82219439253684,78.11592083200696,79.37110660283375,7846961
2926,2019-08-27,81.01854705810547,82.13645083107728,79.64568408222048,79.64568408222048,18828020
2927,2019-08-28,80.7047348022461,82.86209044923672,80.15558547231996,81.5676738689323,15756988
2928,2019-08-29,80.33210754394531,81.11660059464143,79.88102510383183,80.70474387109957,8660979
2929,2019-08-30,78.64544677734375,81.27349521030717,76.09584445451105,80.5478381005411,15630977
2930,2019-09-03,77.29220581054688,79.39072602515304,76.89995924034702,78.99847945495318,9494810
2931,2019-09-04,77.2333755493164,78.05709447114157,76.60577992696463,77.44910905066313,8565768
2932,2019-09-05,78.1943588256836,79.74373466890296,77.40986580535657,78.05707680327339,14199248
2933,2019-09-06,79.82219696044922,80.15560228330777,78.46894418817392,78.5866160291611,13782929
2934,2019-09-09,79.58684539794922,80.35172298012859,79.15537312790262,79.72413275480736,4769289
2935,2019-09-11,78.99847412109375,79.97909048038365,78.37087858711138,79.62606965507614,7723322
2936,2019-09-12,78.31204223632812,79.2338226729977,77.52754915323644,79.2338226729977,11516235
2937,2019-09-13,79.48880004882812,79.6260874338188,78.07671111212564,78.25322422428297,7223537
2938,2019-09-16,79.29265594482422,80.01831308651144,78.7827322657162,78.84157350113239,6031015
2939,2019-09-17,78.62583923339844,79.50839397311276,78.19436696327901,79.39072213589125,5823968
2940,2019-09-18,79.25341033935547,79.62604657595298,77.76287603333078,78.64543050088866,7206830
2941,2019-09-19,78.90042114257812,79.52801674542394,78.09631244761839,79.52801674542394,6306748
2942,2019-09-20,76.95877838134766,81.94031086476045,76.64498332168311,78.52776432003724,51859153
2943,2019-09-23,73.86003875732422,77.76289375351456,73.11477143448444,77.27258560425366,24586363
2944,2019-09-24,74.703369140625,75.29173893100567,72.56562344083495,73.70314262505147,18234411
2945,2019-09-25,77.95903778076172,79.7829835178572,75.74284009958143,75.89974300528948,48245282
2946,2019-09-26,78.15514373779297,78.99847272787243,77.31180942752935,78.42971312144127,15826874
2947,2019-09-27,77.70404052734375,78.35125144063082,76.89993741472718,77.58636871775506,10034452
2948,2019-09-30,78.07669067382812,78.44932700408766,76.74305354056796,77.27258741823739,9111327
2949,2019-10-01,77.07646179199219,79.48877680502528,76.88033853369383,78.25320134178237,7634447
2950,2019-10-03,78.09630584716797,78.44933200155917,76.29197595673658,77.15491518255499,9432906
2951,2019-10-04,77.09607696533203,78.3708782265438,76.7234406224426,78.07669332011031,19442087
2952,2019-10-07,77.07646179199219,77.42948259289247,76.25274304310229,77.1549079032012,11655995
2953,2019-10-09,77.54715728759766,78.01785525299434,76.64499239413544,77.46871117348759,8504262
2954,2019-10-10,78.09630584716797,78.29242912397002,77.07646906394478,77.62561317495367,6982965
2955,2019-10-11,78.8415756225586,80.11637687435423,78.01785682659228,78.07669274340755,10517558
2956,2019-10-14,77.82173156738281,79.35149196638866,77.54715686901949,78.8415736067814,11162487
2957,2019-10-15,78.93963623046875,79.23382113090254,77.78250682735555,77.82173254478354,5013200
2958,2019-10-16,77.88055419921875,78.93962177491584,77.13528698529787,78.8415601593951,6668842
2959,2019-10-17,77.54715728759766,78.3512658684683,77.07646464238506,77.95901933736576,7899823
2960,2019-10-18,79.44955444335938,79.72412914464203,77.27258831241862,77.54715769351718,8795448
2961,2019-10-22,80.43016815185547,81.41078445274785,78.84157187248337,78.84157187248337,10675241
2962,2019-10-23,80.90087127685547,81.19505618593226,79.35149529431065,80.41056309506081,5777589
2963,2019-10-24,80.05754089355469,81.29312182871867,79.86141761117115,80.95971118462973,5428181
2964,2019-10-25,79.6064453125,80.56745136616348,78.90040374013998,80.56745136616348,3993616
2965,2019-10-27,79.37110137939453,80.13598423142103,78.84157282665124,80.01831240196341,388417
2966,2019-10-29,78.86119079589844,79.58684800288478,78.25321075014975,79.33188880047999,5943950
2967,2019-10-30,78.42972564697266,79.95948632075782,78.17476642137262,79.95948632075782,6419057
2968,2019-10-31,77.80211639404297,78.80234823950408,77.6059931286801,78.56699925703182,15582577
2969,2019-11-01,77.39025115966797,77.99823108740229,77.17451771955153,77.84133355639183,8803683
2970,2019-11-04,76.39002990722656,77.91979024829025,76.1154552192632,77.62560536269402,15175738
2971,2019-11-05,76.6449966430664,77.07646891523532,76.05662681379543,76.39003744775252,8153818
2972,2019-11-06,76.52731323242188,77.07646261768724,76.37041568813916,76.64499038077184,9183411
2973,2019-11-07,76.17428588867188,77.21373801552151,75.95855244882546,76.88033275761042,15498054
2974,2019-11-08,75.17407989501953,76.64500462131062,74.86027942796647,76.58616869629596,11762251
2975,2019-11-11,75.21326446533203,75.74279817855475,74.66412055984205,75.17404408079749,10089055
2976,2019-11-13,74.232666015625,76.23312422777732,73.86003503308619,75.31134920979254,9456977
2977,2019-11-14,73.74237060546875,74.5857049812258,73.31090363763019,74.52686373998912,19380370
2978,2019-11-15,73.6050796508789,74.095387800587,73.25205352694194,73.74236167665003,18256039
2979,2019-11-18,74.78182220458984,74.91910423585803,73.21283606269863,73.62469279687143,11766437
2980,2019-11-19,76.66461181640625,76.88035062657939,74.60531728035696,74.91911241491916,22218922
2981,2019-11-20,76.91956329345703,77.33142535136209,76.09584981801527,76.86072737666608,9597590
2982,2019-11-21,76.99801635742188,77.25297554902991,76.0958514270598,76.80189308384888,12107895
2983,2019-11-22,77.95903778076172,78.92003881720423,76.88035956503816,76.88035956503816,16199814
2984,2019-11-25,77.9001693725586,78.60621624153852,77.58637431091206,78.05707222356534,6529113
2985,2019-11-26,76.25274658203125,78.2139792560367,76.05662331463071,78.07669190481948,21594044
2986,2019-11-27,76.52731323242188,76.88033935728788,76.13506671162314,76.46847731833884,12155700
2987,2019-11-28,76.93917846679688,77.56677399017684,76.17429559139877,76.95878866557769,6724188
2988,2019-11-29,75.82128143310547,76.84112358317005,75.35058341917271,76.6450002973955,17547179
2989,2019-12-02,75.07601928710938,76.48810810795652,74.68377268799544,76.48810810795652,19957065
2990,2019-12-03,74.29150390625,75.35056621552218,74.17382676954193,75.35056621552218,7451455
2991,2019-12-04,73.89928436279297,74.52687470661148,73.62470959723336,74.31114119094704,10311154
2992,2019-12-05,73.46778869628906,74.0953841611256,73.15398830377896,73.93848130477872,4569931
2993,2019-12-06,73.19320678710938,73.80119199493153,72.89902194079698,73.52661734363339,5388071
2994,2019-12-09,73.7227554321289,74.07577625481275,72.78136479824393,73.35011909029451,5459781
2995,2019-12-10,71.68305969238281,73.72274350256576,71.46732625792532,73.72274350256576,10563080
2996,2019-12-11,71.29082489013672,71.89881022167424,69.93757751384524,71.78113306709396,39214905
2997,2019-12-12,72.46755981445312,73.87964833653615,71.0162508969048,71.6830667822052,63493233
2998,2019-12-13,72.8401870727539,73.56584410136051,72.56561241754605,72.8401870727539,12987237
2999,2019-12-16,73.33050537109375,73.70314169503972,72.74213558813733,73.03632047961554,8479418
3000,2019-12-17,73.76197814941406,74.07577324121497,72.80097203547479,73.48740345395026,17903634
3001,2019-12-18,73.42855834960938,74.13459987789167,73.01670167814191,73.36972244228306,10099352
3002,2019-12-19,73.11477661132812,73.40896152171423,72.52640679055591,73.3893460022446,5749401
3003,2019-12-20,72.99710083007812,73.52663474278458,72.60485427550806,72.82059307263224,9690984
3004,2019-12-23,72.87944030761719,73.54625636181078,72.46757816925903,72.82060437933323,17045076
3005,2019-12-24,73.40895080566406,73.50701242814465,72.76173984114538,73.13437613464502,3748896
3006,2019-12-26,72.50678253173828,73.54623469244567,72.192987459889,73.46778858457517,3925143
3007,2019-12-27,74.15423583984375,74.33074361048998,72.76175727487129,72.76175727487129,7122947
3008,2019-12-30,74.64452362060547,75.11521620023238,74.01692819425291,74.13460000911381,6925363
3009,2019-12-31,74.62493133544922,75.40942985274216,74.23268473689524,74.33074638653373,11907723
3010,2020-01-01,76.6842269897461,76.84112455631582,74.62492714284893,74.74260430791475,13620373
3011,2020-01-02,76.52731323242188,77.15490872973663,76.23312834182282,76.70382629485488,5673692
3012,2020-01-03,75.70360565185547,76.40964731584397,75.01716886716616,76.19391384078757,7358268
3013,2020-01-06,75.7428207397461,76.0762313488781,73.74236240513808,75.31135381988771,7355290
3014,2020-01-07,75.19368743896484,76.29198105455478,74.97795394814105,75.76244710776898,14023712
3015,2020-01-08,74.74259185791016,74.89948939834518,74.07577066083154,74.6445302301153,9451757
3016,2020-01-09,75.68399047851562,75.86050355541263,74.97794881129629,75.29174392557502,7714854
3017,2020-01-10,75.37019348144531,75.9781734952418,74.91910570068457,75.9781734952418,4118638
3018,2020-01-13,76.4096450805664,76.48809651657427,75.23290546155353,75.46825444939294,27682638
3019,2020-01-14,76.58615112304688,77.01761802094111,76.19390461937307,76.40963806832018,5994314
3020,2020-01-15,76.19390869140625,76.80188867651948,75.66437481910997,76.64499113070161,7114590
3021,2020-01-16,77.05685424804688,77.54716244453084,76.13507377462014,76.13507377462014,8552344
3022,2020-01-17,77.42948150634766,77.60598924422898,75.95855708975097,76.86072193719008,4698386
3023,2020-01-20,80.27327728271484,82.76404395813306,79.7241331725889,80.17521564447149,49337827
3024,2020-01-21,78.68467712402344,80.1359915271117,78.05708688286747,79.88103232661902,17283910
3025,2020-01-22,78.46894836425781,79.37111338033117,75.72322227337479,78.64546145531706,56787054
3026,2020-01-23,79.21419525146484,81.35194070975601,76.0566131945376,77.17451673400927,226059260
3027,2020-01-24,77.25296020507812,77.72365809623722,76.19389793024504,77.05683697045905,16151679
3028,2020-01-27,75.70360565185547,77.05685306119749,75.42903093797975,77.03724286171393,8213919
3029,2020-01-28,74.703369140625,75.70360097638255,74.1738352652456,75.70360097638255,9174575
3030,2020-01-29,75.46826171875,76.01740586314793,74.2326807436238,74.70337876464185,17600091
3031,2020-01-30,76.25274658203125,76.586157200649,75.07600697762798,75.46825351242907,26386034
3032,2020-01-31,73.29129028320312,76.68422744642605,72.60485877021104,76.60577600258165,63986362
3033,2020-02-03,73.48741149902344,74.134617271831,69.60417154199344,70.95741900873935,16329297
3034,2020-02-04,76.23312377929688,76.60576007982709,73.74235745725962,73.87964479535937,14207381
3035,2020-02-05,74.27190399169922,76.76267073960801,73.74237006573681,76.13507517254827,14550344
3036,2020-02-06,75.66437530517578,75.99778591729556,73.99732756476094,74.50724592199069,9175642
3037,2020-02-07,74.68375396728516,75.62514450514658,73.95809687678526,75.62514450514658,18058457
3038,2020-02-10,73.19320678710938,74.95831586498373,72.46754976883551,74.80141834432042,30471811
3039,2020-02-11,74.33072662353516,74.99754779185699,73.78158259560259,73.93848012927138,32456571
3040,2020-02-12,74.27190399169922,75.27213592300258,73.95810886826162,74.54647871484552,16386952
3041,2020-02-13,74.74259185791016,74.9779408286546,73.62468823701191,74.05616046334609,18581113
3042,2020-02-14,72.21259307861328,75.07599553848206,71.93801841801515,74.72296945480352,23830630
3043,2020-02-17,72.0164794921875,72.87942398098396,70.82012971107714,72.56562356679251,17670292
3044,2020-02-18,72.56562042236328,73.09515427571597,70.93779846739183,71.62422986094951,30879880
3045,2020-02-19,73.5462417602539,73.72275483024686,71.78113234106107,72.9578719538563,22313738
3046,2020-02-20,74.232666015625,74.80142556816268,72.9186444980097,73.5462346412716,25907657
3047,2020-02-24,72.99710083007812,74.21306621328219,72.58524407585331,74.13461477429442,14921452
3048,2020-02-25,73.01671600341797,73.62469603204265,72.70291556914042,72.99710048367191,17807428
3049,2020-02-26,72.89903259277344,73.89926440849891,72.15376527058717,72.56562198753161,17113656
3050,2020-02-27,73.13438415527344,73.62469232144834,71.11431557466967,72.60485027176773,28472046
3051,2020-02-28,71.19276428222656,72.68330435379917,70.2709838322066,71.95764717739263,28010970
3052,2020-03-02,71.97724151611328,73.42855554912161,71.29081020972508,72.0753031313116,19540018
3053,2020-03-03,75.19368743896484,76.37042717840673,71.40850900779704,72.09494052247148,16039306
3054,2020-03-04,77.29220581054688,77.66484218031059,73.95810996384807,74.80143902574085,16939245
3055,2020-03-05,76.86072540283203,78.27281397047253,76.3115813265785,76.89995111974672,9715265
3056,2020-03-06,74.76220703125,75.54670010582147,73.80120620701045,74.7229813134846,14371982
3057,2020-03-09,70.9770278930664,73.97771279202473,69.80028829973497,72.52640381902641,69609292
3058,2020-03-11,71.15352630615234,72.1341425052929,69.5257044796157,70.40825905884219,42604599
3059,2020-03-12,65.15215301513672,69.78065904292446,64.62261923835331,69.11384326342719,58418097
3060,2020-03-13,65.85820770263672,67.70176853344275,58.64087256874244,63.857749322869,44617540
3061,2020-03-16,64.23553466796875,66.24861589352453,63.03582421866635,66.04527457845774,39669086
3062,2020-03-17,65.88260650634766,69.2784077709804,63.34083991844688,63.66618383530358,35460792
3063,2020-03-18,58.623329162597656,67.06199554931312,49.67630386310472,66.69598220682174,119909061
3064,2020-03-19,59.8433723449707,61.77511509234402,56.976256115592875,59.131677648570005,44039786
3065,2020-03-20,63.95086669921875,65.82160809300936,60.29072265240587,60.29072265240587,131485883
3066,2020-03-23,62.22246170043945,63.3815083505947,57.565943173810254,57.565943173810254,39665620
3067,2020-03-24,59.904361724853516,63.9305183887614,59.131665882848694,61.836104087858466,42302851
3068,2020-03-25,61.10408020019531,63.82885044448047,60.331378809441404,60.39238561522749,23309603
3069,2020-03-26,64.39822387695312,65.76060652356603,59.88404475603346,61.24643291863355,25329120
3070,2020-03-27,65.06924438476562,67.61101109714083,63.70685632373515,64.49988974439093,28883749
3071,2020-03-30,63.3001708984375,65.02857218772834,62.2427948888505,63.03582827503739,22364337
3072,2020-03-31,64.7032241821289,65.80126397519983,63.60517887307178,64.41854413430337,24838523
3073,2020-04-01,62.87316131591797,65.86227466468067,62.28346921098565,64.66256404276548,14182117
3074,2020-04-03,63.52385711669922,65.25225875871521,61.71412223641626,62.852831700055255,21066826
3075,2020-04-07,64.25587463378906,65.84193585043188,63.605181296811224,65.4759225721276,24741992
3076,2020-04-08,64.39822387695312,66.16728922786533,63.13750639042786,64.21521445362356,21481260
3077,2020-04-09,66.87899017333984,67.7940262675491,64.39822454806396,65.43526324843955,15607786
3078,2020-04-13,65.04891204833984,67.0619936489789,63.95087205198082,66.69598031685922,14901247
3079,2020-04-15,64.88623809814453,66.65530891830286,64.43888603203746,65.65893411270017,25249654
3080,2020-04-16,66.45196533203125,67.79402148512389,64.05253862412164,64.33721319042357,31150756
3081,2020-04-17,68.2210464477539,70.45780152643557,66.79765685222921,68.18037707039852,18536308
3082,2020-04-20,67.30599212646484,68.81072007086823,65.9436042064217,68.81072007086823,24177042
3083,2020-04-21,66.1469497680664,67.50933777555557,65.94360843906763,66.69597245956044,13915863
3084,2020-04-22,65.96394348144531,66.18762226350161,63.68652490187207,65.06924490118064,19702407
3085,2020-04-23,64.25587463378906,65.84193585043188,64.0932026785412,65.67926389518402,32128585
3086,2020-04-24,64.72356414794922,65.10991490142551,63.34084413527583,63.849197486698905,33134279
3087,2020-04-27,64.90657043457031,65.67926638831838,64.11353703815276,65.67926638831838,9762001
3088,2020-04-28,63.93052673339844,65.23191343841964,63.76785477426743,65.08957340568504,26134701
3089,2020-04-29,64.27620697021484,65.31325103401777,63.44250974675348,64.86589901723924,14509262
3090,2020-04-30,65.9029312133789,66.47228576350194,63.93051945403667,64.90656212966006,18702868
3091,2020-05-04,64.68289184570312,65.679266575739,64.09320529436458,65.43525587491526,12598146
3092,2020-05-05,66.55363464355469,67.44833872735448,65.1505772203202,65.65893055975491,18305545
3093,2020-05-06,67.26532745361328,67.77368077895224,66.16728206448649,66.24862080293536,12853774
3094,2020-05-07,65.78094482421875,67.10266363038775,65.4759327920259,66.55364086924317,8561359
3095,2020-05-08,64.66256713867188,66.12662599109295,64.29655380456342,66.12662599109295,30898767
3096,2020-05-11,64.58121490478516,66.0452734514811,64.39821103393948,64.7845562163822,9453421
3097,2020-05-12,66.41128540039062,67.10264805259033,64.13386165218772,64.45921105392299,19986028
3098,2020-05-13,67.773681640625,69.90876563419403,65.90294027639577,69.72576174433726,27175817
3099,2020-05-14,65.39458465576172,66.69597134602093,65.06924074119016,66.69597134602093,26454121
3100,2020-05-15,64.9878921508789,65.78092540688623,64.35753634347817,64.74388149395469,20009870
3101,2020-05-18,62.832489013671875,65.15057692126143,62.34446760366001,65.00824239966248,32898286
3102,2020-05-19,64.27620697021484,64.78456028110263,62.62914444933304,63.03582709804326,12276533
3103,2020-05-20,64.43887329101562,65.33357724632657,63.340833545118706,63.54417485169065,24677051
3104,2020-05-21,64.62187957763672,65.00823024800981,63.84918375287624,64.07285697299601,17176100
3105,2020-05-22,63.38149642944336,64.25586285510944,62.6698019292059,63.84918028354518,25080927
3106,2020-05-26,63.991539001464844,64.54055622085137,63.2391749208409,63.50351756646904,18512685
3107,2020-05-27,63.910186767578125,64.21519872107551,63.34083222424685,63.9915254949051,22655078
3108,2020-05-28,63.95086669921875,64.39821874147101,63.46284528658233,64.39821874147101,25797051
3109,2020-05-29,64.07286834716797,64.52022038280683,63.68652312419683,63.95086575380586,63844851
3110,2020-06-01,64.60157012939453,65.4962688371272,64.13388057118442,64.47956199925761,45314328
3111,2020-06-02,67.12299346923828,68.46504967868705,64.49989338365646,65.00824675481422,43626060
3112,2020-06-03,66.91964721679688,68.11936329120694,66.6349726594022,67.30599795695922,13811685
3113,2020-06-04,68.8310546875,69.11573474735205,67.14332280234223,67.18399217031916,23992166
3114,2020-06-05,69.72576904296875,70.88481586399965,66.91965394489797,67.91602878592163,22851633
3115,2020-06-08,70.09176635742188,71.12880481944048,69.48174243482599,70.53911833718938,11723588
3116,2020-06-09,69.3597412109375,70.78313602063734,69.13606795689145,70.7627985782781,8412588
3117,2020-06-10,69.15641021728516,69.64443168302066,68.56672358850774,69.35975157534372,10101681
3118,2020-06-11,69.5427474975586,72.51153405821515,68.26169829378954,68.3430315116242,22109491
3119,2020-06-12,67.63134765625,68.89206513512704,67.34667307455982,67.52967698079198,20331770
3120,2020-06-15,66.39097595214844,67.5093535225099,66.12663326598785,67.18400952661807,13833335
3121,2020-06-16,66.16728210449219,67.61100885891969,65.65892877884588,67.38733560202995,13972830
3122,2020-06-17,64.86590576171875,65.80127374461323,64.3982217702715,65.41492849775986,28371013
3123,2020-06-18,67.28567504882812,67.63135094942773,64.86591064870633,65.35392660507559,19720997
3124,2020-06-19,69.70541381835938,70.07143257500009,67.12297817798395,67.44832757099948,21577413
3125,2020-06-22,72.633544921875,73.10122890468728,69.40041538176132,71.7388408118096,33039735
3126,2020-06-23,76.23269653320312,76.86305255864173,72.81656270259268,73.81293208202747,34298071
3127,2020-06-24,72.5928726196289,76.61903543639318,71.98284861902665,75.94800462294134,32910525
3128,2020-06-25,72.93856048583984,74.54495937022183,70.90514696940046,72.55220971132148,40909792
3129,2020-06-26,72.8775405883789,74.05691902379044,72.45052054929118,73.58923513753932,11954078
3130,2020-06-29,72.49119567871094,73.3248983836353,72.04384368045716,72.38952502074355,7547198
3131,2020-06-30,71.10848236083984,73.18256507695901,70.76280098882219,72.79621433482397,11889584
3132,2020-07-01,70.53912353515625,71.33215138337684,69.9087621257648,71.1694794285613,15209917
3133,2020-07-02,71.21015930175781,71.9015221067022,70.19345253918502,70.55946587051378,15481100
3134,2020-07-03,72.22684478759766,72.95887123461333,71.21013832452834,71.57615154803618,22720042
3135,2020-07-06,72.38953399658203,72.67421408058372,71.4948354051238,72.5522059663029,11724475
3136,2020-07-07,70.39679718017578,72.59288278672229,69.82744246973594,72.59288278672229,20855578
3137,2020-07-08,69.0344009399414,71.0271449532136,68.64805019055768,70.35611963964061,16818545
3138,2020-07-09,69.76643371582031,70.15277895280559,68.9327309109822,69.33941359159,16110083
3139,2020-07-10,70.19342803955078,70.66111188390099,68.93271099079155,69.78674547646621,23809286
3140,2020-07-13,68.77005004882812,70.84413255491198,68.40403678681007,70.19343924688758,10803798
3141,2020-07-14,66.43162536621094,68.64804239360758,66.28928534228967,68.52603981081005,16288923
3142,2020-07-15,66.5129623413086,67.63133963876683,66.32995845677097,67.12298632174036,15061461
3143,2020-07-16,65.96394348144531,66.89931694861495,64.86590356257682,66.89931694861495,15458966
3144,2020-07-17,66.41128540039062,66.634964148331,65.7402601885415,65.7402601885415,13711930
3145,2020-07-20,66.49263000488281,66.79764199321733,66.02494605930052,66.41129126826569,8390572
3146,2020-07-21,70.62046813964844,70.9458176177171,66.73665045985767,66.73665045985767,33717545
3147,2020-07-22,73.06056213378906,73.77225685522404,70.6814727634961,70.7628059934964,46076322
3148,2020-07-23,73.91459655761719,74.23994602406074,72.16586317093626,72.3895364473767,18738194
3149,2020-07-24,74.0162582397461,74.5246115480688,72.65387027024394,72.99955162310067,14438899
3150,2020-07-27,73.56890869140625,73.8332568333847,72.6945420749779,73.73158616831194,11938756
3151,2020-07-28,73.97559356689453,74.3619443121349,72.67421232458543,73.2842363332891,11893746
3152,2020-07-29,73.91459655761719,75.03297397179355,73.40624318753703,73.73159265398058,13335993
3153,2020-07-30,71.92183685302734,74.52460444020045,71.4134835931894,74.21959248429768,23995122
3154,2020-07-31,72.51155090332031,72.93856556511403,71.6575160637453,71.82018805319112,14354565
3155,2020-08-03,72.61320495605469,72.99955015300772,70.8034650084765,72.7962088337736,12500988
3156,2020-08-04,72.49119567871094,72.81654509379833,71.4134878074538,72.32852372916035,9628257
3157,2020-08-05,71.55583190917969,72.3691972192658,71.23048247555333,72.00318393292436,10577794
3158,2020-08-06,71.5354995727539,72.28786364148161,71.33215823071869,71.84051158580674,8564058
3159,2020-08-07,71.55583190917969,72.3691972192658,71.27115184425493,71.49483061412053,8026904
3160,2020-08-10,72.08453369140625,72.71489526092748,71.67785094306524,71.92186169526741,7766140
3161,2020-08-11,71.92183685302734,74.1585911963143,71.39315166919023,72.45052203686446,21833550
3162,2020-08-12,72.40987396240234,72.97922863425006,70.43746178136995,71.6575098707524,19435650
3163,2020-08-13,72.69454193115234,73.3249033629482,71.73883657816201,73.18256332893066,10641012
3164,2020-08-14,71.3321533203125,73.4672372647061,70.80346807380965,73.4672372647061,17130105
3165,2020-08-17,72.65387725830078,74.21960670172832,71.41349727308464,71.57616924419689,17368089
3166,2020-08-18,72.2878646850586,73.16223136523537,71.79984876672103,73.1418994371331,13890131
3167,2020-08-19,72.12519073486328,72.9588880199915,72.00318813762053,72.59287471227636,12400644
3168,2020-08-20,73.69092559814453,76.49703518601846,71.75918273110263,72.06419476274083,44062975
3169,2020-08-21,76.90371704101562,77.47307172388798,74.2602794628344,74.4229514413712,49949864
3170,2020-08-24,75.33799743652344,77.53408874161187,74.99231598916782,77.12740598377889,19724617
3171,2020-08-25,75.13465118408203,75.96835409315518,74.42295640403759,75.84634596412646,10109220
3172,2020-08-26,75.3786392211914,77.12737774929472,74.87028595999612,76.049664422772,18000615
3173,2020-08-27,75.3176498413086,76.31402459717974,75.11430850468075,76.00901259223798,10363056
3174,2020-08-28,74.13826751708984,75.94800201377849,73.93492619054146,75.84633135050431,12114955
3175,2020-08-31,72.77588653564453,75.37865466295982,72.38953577159549,74.62629057906733,24259718
3176,2020-09-01,73.36556243896484,74.1382638544644,72.63353590594932,72.81654529719631,16505345
3177,2020-09-02,75.37901306152344,76.16940977172617,72.90381757295486,74.0270167585321,30959608
3178,2020-09-03,74.25580596923828,75.48300473975894,73.9022058453302,75.0462025952801,11884498
3179,2020-09-04,72.82061767578125,74.04781087547453,72.25901811006278,73.71501405848713,17373558
3180,2020-09-07,73.2781982421875,73.61100063954359,71.98860658475881,72.82060411463247,13069001
3181,2020-09-08,72.75821685791016,73.21581673518018,72.27981929445109,73.15341803426739,9597878
3182,2020-09-09,72.90380096435547,74.02699989405083,72.13420211566378,72.79980127243347,20122483
3183,2020-09-10,73.88139343261719,74.23499348603276,72.44619553913088,73.21579432777797,19635358
3184,2020-09-11,72.86221313476562,74.17261400381767,72.42541660664521,74.08941197829691,31182063
3185,2020-09-14,71.34382629394531,73.83981962456596,71.03182712761773,73.83981962456596,14143608
3186,2020-09-15,72.09262084960938,72.3422156451519,71.13582011142954,71.48942026157545,7858789
3187,2020-09-16,71.53101348876953,72.15501169439439,71.0526159929261,71.96780997576897,13201491
3188,2020-09-17,70.01261138916016,71.30220877329813,69.84621300076859,71.28141109062845,10765947
3189,2020-09-18,71.51021575927734,71.96781560768115,69.59661998380847,70.3454212745634,23788415
3190,2020-09-21,70.92781829833984,71.42701915730474,69.74222049005719,71.135817715851,13331596
3191,2020-09-22,70.22059631347656,70.90699869294136,69.26380154565226,70.22059631347656,9039386
3192,2020-09-23,68.18222045898438,70.678213308054,67.72462064151928,70.678213308054,8404497
3193,2020-09-24,66.2894287109375,68.66061855261536,65.93582859246462,67.4958241365994,20770480
3194,2020-09-25,66.87181091308594,67.59980867032137,66.43500887333845,66.975810592691,8761400
3195,2020-09-28,69.9502182006836,70.32461601459877,66.9758277313225,66.9758277313225,16915185
3196,2020-09-29,67.93260955810547,70.47020302470574,67.59981281987831,70.30380465559216,13468026
3197,2020-09-30,67.57901763916016,67.91182005982725,66.68462136036722,67.78701703619781,14349950
3198,2020-10-01,68.47342681884766,69.05582406382135,67.72462552472831,68.5358255161046,14856837
3199,2020-10-05,67.74542999267578,69.22222363611803,67.45422854411329,68.22382753616091,10360105
3200,2020-10-06,67.89102172851562,68.39022257506315,67.32942782908111,67.84942635992431,8989183
3201,2020-10-07,66.39342498779297,67.89101611900645,66.14382458514248,67.80781974635276,17614061
3202,2020-10-08,65.8526382446289,67.01743850943437,65.72784083591753,66.64303499860826,12953710
3203,2020-10-09,65.72782897949219,66.28942850208028,65.18702714048904,66.01902476140621,11980039
3204,2020-10-12,66.47661590576172,67.7246121742661,65.95661746055156,66.22701552359199,20670634
3205,2020-10-13,66.74703216552734,67.39183379878175,66.227033578554,66.5598360596244,11179799
3206,2020-10-14,65.33262634277344,66.89262184594146,65.02062724213984,66.7470211371768,13362234
3207,2020-10-15,64.79183197021484,65.332628169496,64.31343446433613,65.14543208928868,15536883
3208,2020-10-16,66.12303161621094,67.05902904098481,64.62544025044919,64.93743939204049,18673957
3209,2020-10-19,66.45582580566406,67.55822150679364,66.31022509592736,66.53902218098156,18793008
3210,2020-10-20,65.39502716064453,66.72622562356761,65.27022977327144,66.55982722628849,13701957
3211,2020-10-21,68.11981964111328,69.11821562112549,65.41582747231014,65.56142817909927,36573148
3212,2020-10-22,68.68143463134766,69.01423148561864,67.05903445032499,67.45423565182458,39056262
3213,2020-10-23,70.78219604492188,71.30219443051077,68.51500646916047,68.6814048240802,29149043
3214,2020-10-26,71.57262420654297,71.94702205223652,70.57422242823264,70.74062084383581,36760149
3215,2020-10-27,72.1758041381836,72.94540299772238,71.34380659108099,71.5726093019409,23610507
3216,2020-10-28,71.9054183959961,72.6126186892596,71.36462215456784,72.6126186892596,14060472
3217,2020-10-29,71.38543701171875,72.09263747510009,70.82383730754495,71.15663984892602,17654072
3218,2020-10-30,71.13581085205078,71.55180964693392,70.42861064381154,70.92781145460921,22904945
3219,2020-11-02,71.98860168457031,72.55019546513245,71.53100194581926,71.78060231626019,13423596
3220,2020-11-03,74.85899353027344,75.17099258978845,72.32140005108246,72.38379873451665,27441682
3221,2020-11-04,73.67341613769531,74.87981170283628,72.65421667408644,74.85901401678126,19461431
3222,2020-11-05,74.484619140625,74.7966182979617,73.46541963638678,74.04781693494611,10248002
3223,2020-11-06,74.23502349853516,74.65102240195101,73.67342385045453,74.1518214609135,8815864
3224,2020-11-09,76.5645980834961,76.83499617019251,74.50540180337579,74.83819858048757,15228920
3225,2020-11-10,77.3342056274414,77.72940113916815,75.5246095489379,76.25260751734255,13815795
3226,2020-11-11,78.89421081542969,79.45580480224146,76.50221155903955,76.50221155903955,15502357
3227,2020-11-12,78.83179473876953,79.43499529558632,77.8542020080147,79.24779356627208,26079694
3228,2020-11-13,78.56140899658203,79.01900890733974,77.45901305862897,78.45740927333465,11968619
3229,2020-11-14,78.20780181884766,78.99820415875838,77.79180296304015,78.62380067465516,1162700
3230,2020-11-17,77.70860290527344,78.72779666843387,77.31340175399275,77.79179928709625,16872514
3231,2020-11-18,77.12621307373047,78.91500598411201,76.85580929037518,77.70861037183056,16685757
3232,2020-11-19,78.95659637451172,82.0349865150591,74.21420531106983,74.25580632155258,64832376
3233,2020-11-20,79.80939483642578,80.70379684875907,78.66539803607378,80.49579743051325,27479934
3234,2020-11-23,81.01579284667969,81.49419036169664,79.24779221753857,79.87179609051756,20909280
3235,2020-11-24,80.91180419921875,82.24299722108871,80.39180560262598,81.11980363785587,15308572
3236,2020-11-25,81.24458312988281,82.13897939034118,80.51658525517455,80.91178635838261,19854793
3237,2020-11-26,82.2221908569336,82.84618910699194,80.22539307133971,81.18219377350302,24879552
3238,2020-11-27,80.03819274902344,82.22218650873025,78.49899489000636,82.22218650873025,46793847
3239,2020-12-01,80.01739501953125,81.72299139391926,79.72619921661087,81.05739212070134,18193922
3240,2020-12-02,80.76618957519531,81.2029860642836,78.85259394032556,80.22538774232727,15836732
3241,2020-12-03,80.47499084472656,81.16138776867544,79.45579147965285,81.1197924005868,21308517
3242,2020-12-04,80.84938049316406,81.93097844354149,80.1837869627883,80.7869818049844,14838659
3243,2020-12-07,80.49580383300781,82.05579959393077,80.07980496342836,80.28780439821809,22078115
3244,2020-12-08,79.70538330078125,80.95337962508103,79.49738391339795,80.70378487409666,15896364
3245,2020-12-09,80.1629867553711,81.01578766813326,79.49738755677117,80.24618877107537,18701467
3246,2020-12-10,80.18379211425781,81.28618781740454,79.66378796643382,80.28779181535364,13612880
3247,2020-12-11,80.32939910888672,81.22380118498376,79.93420357145257,80.70380260229744,14876364
3248,2020-12-14,80.82860565185547,81.9518049258624,80.20460730903964,81.53580603065186,20316890
3249,2020-12-15,80.20459747314453,80.994994148645,79.60139689212433,80.87019675232483,16084083
3250,2020-12-16,81.61897277832031,81.88937083352289,80.10057849078821,80.99497466215556,35024972
3251,2020-12-17,82.51544189453125,83.41188580577958,81.78974782592626,82.51544189453125,23058726
3252,2020-12-18,82.77156066894531,83.1557492211291,81.98183621785326,82.5154330375241,20310375
3253,2020-12-21,79.18579864501953,82.47275791957688,78.73757955753308,82.38738588809694,21609326
3254,2020-12-22,81.23479461669922,81.55495268464355,78.97234079595525,79.16443795268009,23934507
3255,2020-12-23,81.08540344238281,81.83243909162884,80.67986748826195,81.74706127289913,9836093
3256,2020-12-24,81.10674285888672,82.06722302957651,80.8719625484293,81.2134622345304,12945145
3257,2020-12-28,81.76839447021484,82.08855255019367,81.10673096432113,81.19210876827381,6879688
3258,2020-12-29,80.97867584228516,82.23796669626202,80.67985929696637,81.78974187828383,8549660
3259,2020-12-30,81.19210815429688,81.38420531678985,79.74072602734746,81.10673035098982,19132583
3260,2020-12-31,81.04270935058594,81.53361730214762,80.27433219074125,81.32017855886893,23272111
3261,2021-01-01,80.89329528808594,81.06405090241628,80.46641783205217,80.67985656006906,3074621
3262,2021-01-04,80.44507598876953,81.27748934102983,80.25297881827991,81.10673372730749,7133203
3263,2021-01-05,80.25299072265625,80.89330699940864,79.48461350651215,80.89330699940864,10478882
3264,2021-01-06,83.7320327758789,84.35100159672953,79.82609952512655,80.25297696980803,54265234
3265,2021-01-07,84.11622619628906,86.14389417611727,83.4545684346194,84.5217621082132,40129922
3266,2021-01-08,86.89093017578125,87.08302735393318,84.32966534653572,84.84192062834333,29487917
3267,2021-01-11,86.89093017578125,87.5099048254741,85.99448632756607,87.08302735393318,12726089
3268,2021-01-12,86.9549560546875,87.40318085011498,85.35416562079499,85.82373197271598,31454127
3269,2021-01-13,87.50990295410156,88.19290805194044,86.48539241239519,86.99764768324837,23792586
3270,2021-01-14,87.5525894165039,88.57709999738836,86.9122731983993,87.91543643140912,12024674
3271,2021-01-15,86.6561508178711,87.83006387728138,86.44271207979651,87.06168094627503,13530190
3272,2021-01-18,83.56129455566406,86.22927895528338,83.04903923497847,85.90912082732906,26118654
3273,2021-01-19,85.22610473632812,85.37551300153072,83.34784511778449,83.47590603658902,19382828
3274,2021-01-20,83.7320327758789,85.631633930774,83.30515533119741,85.37551209588183,21158179
3275,2021-01-21,83.3051528930664,84.39368802918717,82.87827546087853,83.86009123895234,12509109
3276,2021-01-22,82.89961242675781,83.7960561426995,82.38736301043072,83.24111782753796,16720401
3277,2021-01-25,81.19210815429688,84.00950039478442,80.9359805342715,83.00633726045758,9393599
3278,2021-01-27,82.1098861694336,82.96364096685255,80.80791241932779,81.10672312448726,18874916
3279,2021-01-28,79.95416259765625,81.51226404193135,79.31384645974356,81.51226404193135,16072463
3280,2021-01-29,78.73756408691406,80.67985413759041,78.11858947829191,80.55179322058383,13415015
3281,2021-02-01,80.6371841430664,80.87196445907064,77.90516343012547,78.73757689577104,9485240
3282,2021-02-02,82.89961242675781,83.51858698511873,80.7652253839897,81.53360240342806,10803602
3283,2021-02-03,88.15022277832031,89.64429395829887,83.02769301839383,83.02769301839383,73411707
3284,2021-02-04,87.6592788696289,88.6411002095822,87.16837109459945,88.15019243455275,23523019
3285,2021-02-05,88.4063491821289,88.91859867698629,85.90911480127325,87.78737452887624,28755118
3286,2021-02-08,90.73281860351562,91.09566557704832,87.80870704960492,88.15021246759274,28436890
3287,2021-02-09,89.96444702148438,92.82452829295754,89.64428892944915,89.64428892944915,27738169
3288,2021-02-10,89.83638000488281,91.35179844262794,88.3636562604723,89.87906890832139,34189378
3289,2021-02-11,91.24507141113281,91.69329038483133,88.93993450802012,89.15337321738046,20504448
3290,2021-02-12,90.7755126953125,93.48618568919598,89.87906888293976,93.48618568919598,25066544
3291,2021-02-15,90.69013214111328,91.97077025563328,90.3059436017052,91.35179564943994,8599603
3292,2021-02-16,96.28223419189453,98.13915813407269,91.05298518495024,91.09567408992496,80200957
3293,2021-02-17,98.20318603515625,98.69409977366004,94.85220241776454,96.26089579896765,39034960
3294,2021-02-18,100.95655059814453,101.72492777220454,97.5415306425062,98.60872437864319,44291912
3295,2021-02-19,99.12096405029297,100.7857906479353,97.64823461080803,99.67590238957663,36335681
3296,2021-02-22,96.0261001586914,99.84665534601749,95.44981448938866,99.2276807771561,25800846
3297,2021-02-23,96.51702117919922,97.79764781117336,95.89804652600333,96.36761290533508,18293559
3298,2021-02-24,95.08697509765625,97.41345951490528,94.59606718839062,96.5383572689226,11421326
3299,2021-02-25,97.135986328125,99.37708705722147,94.25455787095359,95.49250705621824,30696079
3300,2021-02-26,91.47985076904297,97.00791560265948,90.15652962614179,94.55337046933629,38070699
3301,2021-03-01,97.0079116821289,97.66956933189115,92.80316816134635,92.8458570590493,31441940
3302,2021-03-02,96.06878662109375,97.90435725711555,95.34309846285299,97.75495478828955,18223787
3303,2021-03-03,97.1146469116211,98.24587683119914,95.49251485282029,98.18184057922589,19350542
3304,2021-03-04,96.11149597167969,98.1605115489105,95.21505201850975,95.21505201850975,22865747
3305,2021-03-05,94.01979064941406,96.47433622519844,93.63560206509668,96.47433622519844,17342685
3306,2021-03-08,95.71540069580078,97.34580118899682,94.34586546091461,94.71542408543755,15749448
3307,2021-03-09,93.91109466552734,96.56321405591244,92.71546760319734,95.86757531297644,12585004
3308,2021-03-10,93.54151153564453,95.1936538546103,93.04152334717783,94.78061680062108,10661165
3309,2021-03-12,95.67192077636719,96.04147939550717,93.65022537365046,93.78066094940174,18173078
3310,2021-03-15,97.4544906616211,98.47620944260184,95.54148867209955,96.08495548145181,30092241
3311,2021-03-16,97.58493041992188,98.78055745178276,97.1718932683002,97.88926830801822,14767699
3312,2021-03-17,95.84584045410156,97.82405744666923,95.36758844250492,97.80232113127552,12571132
3313,2021-03-18,96.10669708251953,97.17189444625075,95.71540213765653,96.0849607677465,14232655
3314,2021-03-19,100.0848617553711,100.91092413178899,95.28061218900447,96.4762390285947,70334403
3315,2021-03-22,97.1936264038086,101.91092543343046,96.60668696132304,101.91092543343046,29180881
3316,2021-03-23,95.21542358398438,97.389291163802,94.99803682600262,97.19364072282112,38455903
3317,2021-03-24,96.10669708251953,97.3458026554129,94.302388355601,94.36760319691273,24398959
3318,2021-03-25,94.08499145507812,97.12840542608349,93.62848171822411,96.10668669927614,20272124
3319,2021-03-26,93.30240631103516,96.51972863314249,92.23720900917215,95.36758018024496,25184863
3320,2021-03-30,96.23712158203125,97.25884030158984,93.6502173662331,94.30237749825024,53328751
3321,2021-03-31,93.75891876220703,96.12843647053943,93.32414530357667,95.60670596138603,20694060
3322,2021-04-01,95.08497619628906,95.36757774968528,93.36761876897086,94.19368711620297,11229344
3323,2021-04-05,93.10675811767578,95.21541056109088,92.75894171127413,93.56327378519441,14484908
3324,2021-04-06,90.95462799072266,95.21541144202183,90.65029010655358,93.56327465083983,25301732
3325,2021-04-07,91.54157257080078,93.99804731964714,91.10679911394195,91.69374446009986,22841720
3326,2021-04-08,90.86767578125,92.82415633086607,90.65028905351487,92.15025393669177,20468881
3327,2021-04-09,90.5633316040039,91.93286680329348,90.43290192673533,91.04158358230931,11773021
3328,2021-04-12,87.4546890258789,89.84594264951905,86.30254073206878,89.84594264951905,18544315
3329,2021-04-13,90.75898742675781,91.04158900901298,88.01991096791855,89.1938017212772,19831072
3330,2021-04-15,90.345947265625,91.91113291918725,90.01986716684088,90.38942579152805,10159348
3331,2021-04-16,91.23723602294922,93.38936112766591,90.1068238391928,90.21551720499644,22020846
3332,2021-04-19,87.4764404296875,89.99813004245304,86.95471581452365,89.49813584455637,18404990
3333,2021-04-20,88.56336975097656,89.43291663071345,87.6720865580431,89.12857876100085,14467660
3334,2021-04-22,88.45468139648438,89.08510527876494,87.47644110142369,88.69381034013917,11626459
3335,2021-04-23,91.80242919921875,92.5632826772374,88.69380045414094,88.82423012014739,38318040
3336,2021-04-26,93.82413482666016,94.10674229605382,90.51985531852716,90.51985531852716,19139358
3337,2021-04-27,94.19368743896484,95.86756634911342,93.8241288384917,93.93282219763132,15270611
3338,2021-04-28,96.0414810180664,96.38930332895363,94.04152189569064,95.1284555603522,16383579
3339,2021-04-29,95.71540069580078,97.23710782278376,95.23714870506477,96.997984775912,14761969
3340,2021-04-30,95.67192077636719,96.65016105803583,94.1936921967997,94.67194418056954,16897105
3341,2021-05-03,95.99799346923828,96.88928252868409,94.23716345678383,94.56324352553406,15528063
3342,2021-05-04,94.80237579345703,96.3893036670228,94.21543633007522,96.25886808861041,20857434
3343,2021-05-05,94.86759948730469,95.80236129192151,94.25891189639816,94.80237874756989,23178237
3344,2021-05-06,93.65025329589844,95.38934764849492,92.86766319602769,94.97631627794978,18823613
3345,2021-05-07,93.2806625366211,94.25890277405647,92.82415278461478,94.0632582647647,12509591
3346,2021-05-10,95.58495330810547,95.71538296460216,93.45456490438056,93.65020938912559,17845577
3347,2021-05-11,97.12841033935547,97.91100608111132,94.95454310724301,95.65018180091745,22995780
3348,2021-05-12,98.23709106445312,102.17178859198076,96.97624328936277,97.12841518259704,55645370
3349,2021-05-14,99.4979248046875,99.9979189993383,97.32406341012845,99.01967871814013,18820793
3350,2021-05-17,99.30229187011719,100.43269820886199,98.737082803752,100.41096189349874,10996347
3351,2021-05-18,101.34571075439453,104.28044335583154,99.34575758839131,100.38921859307935,52885042
3352,2021-05-19,101.6283187866211,103.47610597205112,100.60660588403606,101.82396920034593,28081040
3353,2021-05-20,99.54142761230469,102.15006884398497,99.30230452486474,101.73703162350485,10707136
3354,2021-05-21,99.10664367675781,99.6718468588643,98.25883300660519,99.15011630846377,21702883
3355,2021-05-24,100.43270111083984,101.91093571405217,99.30229473943223,99.56315411929987,22028927
3356,2021-05-25,101.25875854492188,101.9326549919259,100.49790505450162,101.30223116963805,9165363
3357,2021-05-26,98.08493041992188,101.65006972902607,97.80232881264429,101.3892103358426,18322114
3358,2021-05-27,99.25880432128906,99.82400747287201,97.06320065899462,98.56317148764623,51194207
3359,2021-05-28,98.01969909667969,100.43268935700907,97.73709163990893,100.43268935700907,15307498
3360,2021-05-31,98.10665130615234,98.51968844204966,97.28058293135003,98.25882319290358,13102261
3361,2021-06-01,97.56318664550781,99.12837227790529,97.34579991592463,98.38925503852545,15733731
3362,2021-06-02,98.88924407958984,99.19358784393947,97.43275188790317,97.47623041095198,7995532
3363,2021-06-03,98.38923645019531,100.62832405947324,98.10663493452655,99.58486323701733,10291328
3364,2021-06-04,98.32403564453125,99.19358841957747,97.73709032244633,98.25882080807563,6142487
3365,2021-06-07,102.7152328491211,103.38912921775228,98.65010063653,98.82400880614534,18058790
3366,2021-06-08,101.75875091552734,103.8891456158735,100.88920398379177,103.8891456158735,22511761
3367,2021-06-09,105.2586898803711,106.73691263187918,101.65006057119318,102.6065645833369,39865778
3368,2021-06-10,105.06304168701172,107.82384861838159,104.45435408618127,107.82384861838159,32690784
3369,2021-06-11,107.084716796875,108.17165036942579,106.08474026892509,108.17165036942579,29142097
3370,2021-06-14,108.128173828125,108.60641986513345,105.25867401810694,107.80209376816914,18732629
3371,2021-06-15,107.64994812011719,109.34555767570241,107.41081326247023,108.93252049629551,15026686
3372,2021-06-16,105.28042602539062,107.60645941558529,104.7586954928839,107.32386373121716,30706682
3373,2021-06-17,104.28045654296875,106.10649584111368,102.93265159197341,106.10649584111368,22261167
3374,2021-06-18,101.30223846435547,106.51951991721654,100.0413907289868,106.08474646281145,49278209
3375,2021-06-21,102.1065673828125,102.36742671474454,99.3022764916162,100.82398344718185,11719831
3376,2021-06-22,101.75875091552734,103.04133499863431,100.88920398379177,100.88920398379177,10961545
3377,2021-06-23,100.97616577148438,102.60656634495336,100.86747239991978,102.49787297338877,10721151
3378,2021-06-24,100.49789428710938,101.2804840060407,99.17182605355107,100.97614028368334,12964208
3379,2021-06-25,100.36746978759766,101.21528037376554,99.73705772038133,100.62834093394873,7736431
3380,2021-06-28,100.80224609375,101.08485356180847,100.30226368854996,100.86746683068195,9989595
3381,2021-06-29,102.60655212402344,103.43262635101748,100.71529243851602,101.12831775802904,61089570
3382,2021-06-30,101.0413818359375,103.30220621864993,100.86746773188844,103.106555800091,17437744
3383,2021-07-01,100.34574890136719,101.28051668003289,100.08488950889542,101.10660255572739,15924813
3384,2021-07-02,99.10664367675781,100.47617310332515,98.95446587781535,100.34574341422147,9549992
3385,2021-07-05,100.12835693359375,100.3892281064796,99.2805462611899,99.69358343943648,6849185
3386,2021-07-06,99.4761734008789,100.21529052668559,99.25878670469946,99.73704451268408,5343938
3387,2021-07-07,100.41094207763672,100.62832877633963,99.47617455562091,99.47617455562091,7228897
3388,2021-07-08,100.49789428710938,101.36744104014032,99.80224980829503,100.041372806582,8740010
3389,2021-07-09,100.10661315917969,100.62834367209373,99.99791979373863,100.45442956979407,2990856
3390,2021-07-12,99.56314849853516,100.75877554440439,99.21533208035206,100.30226575841499,5578309
3391,2021-07-13,99.41096496582031,100.82397849805669,99.25878720134344,100.17181840625528,8264289
3392,2021-07-14,99.97618103027344,100.62834120694342,99.32402085360347,99.41097790262306,9228746
3393,2021-07-15,100.17183685302734,100.62834664255857,99.69357895457796,100.43269622019224,5376823
3394,2021-07-16,101.67178344726562,102.82393773137088,100.21529720341985,100.71529135553735,15903784
3395,2021-07-19,101.36746215820312,102.01962235884201,100.6500812199063,101.67179414997986,13725925
3396,2021-07-20,100.56312561035156,102.73699297700047,100.41095961228025,102.12831719072994,14178067
3397,2021-07-22,101.41093444824219,101.95440128029081,99.43271753838224,101.95440128029081,10378326
3398,2021-07-23,101.30223846435547,101.71527560483725,100.88920132387368,101.62831855515928,6660369
3399,2021-07-26,101.17180633544922,102.32396067930003,100.88919887933955,101.49788641835215,12963701
3400,2021-07-27,100.80224609375,102.10657827449418,100.2805273742343,101.30224029293501,10832912
3401,2021-07-28,99.1718521118164,101.04138755725573,98.86751420648295,100.86747344335905,13828088
3402,2021-07-29,97.04143524169922,100.60657984798625,96.89651076009393,99.1283454180185,28609665
3403,2021-07-30,99.2153091430664,100.40368289581781,97.50519896563344,97.99793987745647,34142169
3404,2021-08-02,99.12834167480469,99.70803957933572,98.14285405770354,99.4181906270702,9575755
3405,2021-08-03,101.12831115722656,101.56308465625845,99.18632522034791,100.02689439486785,20959435
3406,2021-08-04,101.5920639038086,102.3746537633862,100.78048442966025,101.82394543842024,23323277
3407,2021-08-05,101.5630874633789,101.8819260890758,100.43268105224685,101.59207708171002,6621382
3408,2021-08-06,101.44713592529297,102.31668280465263,101.18627657907882,101.73698488507952,5340311
3409,2021-08-09,102.28768920898438,102.60652776993084,100.89642369135888,102.60652776993084,16415005
3410,2021-08-10,100.05587005615234,102.08481300778806,99.3312475734253,102.08481300778806,11925263
3411,2021-08-11,102.22972869873047,102.60653471608931,100.02688361737474,100.25875335668661,31279965
3412,2021-08-12,108.40351104736328,108.8092948737971,102.20074802053571,102.60653184696953,58107755
3413,2021-08-13,107.09918975830078,108.5774241586207,106.43253479749015,106.78035118757005,26776843
3414,2021-08-16,104.75139617919922,106.83831786246772,104.5774939015821,106.66440379086771,21308655
3415,2021-08-17,106.22966766357422,106.51951668857714,104.92534705106102,104.95433667115613,15962459
3416,2021-08-18,104.69345092773438,107.82382232167691,104.43259155906641,106.49051227429858,25227527
3417,2021-08-20,103.53406524658203,104.3746344619874,102.63554038126995,102.7804648879964,18720467
3418,2021-08-23,101.82394409179688,104.2876603022452,100.98337501419432,104.0557787707002,13112745
3419,2021-08-24,102.37464904785156,103.93984048889641,101.70799408929454,102.78044466322655,11029463
3420,2021-08-25,101.73699951171875,102.8674058998101,101.47614012800108,102.72248139908115,12001351
3421,2021-08-26,100.34571838378906,101.6790284607591,99.47617141028311,101.6790284607591,12115246
3422,2021-08-27,101.0703353881836,101.36018436365529,99.56312307452777,100.75150859155573,8051699
3423,2021-08-30,101.73699951171875,102.22974045539995,100.17181962144058,101.5630853932496,14512401
3424,2021-08-31,101.65003967285156,102.63553332725158,101.41815811922888,101.7369967297083,43248333
3425,2021-09-01,101.82394409179688,103.07029700411472,101.24424615992667,103.07029700411472,11817591
3426,2021-09-02,101.88189697265625,102.08478886103138,100.9833605890169,101.67900508428113,13545023
3427,2021-09-03,101.76596069335938,102.49058299452547,101.09930581749002,102.02682000418606,12286475
3428,2021-09-06,100.92540740966797,102.22972775417713,100.28774204448263,101.85292174029979,13950485
3429,2021-09-07,100.28773498535156,100.95438991775036,99.96889642820925,100.92540030565242,12485031
3430,2021-09-08,101.96903228759766,102.41147820033133,100.40572699657274,101.02515007418853,25370295
3431,2021-09-09,102.35249328613281,102.73594883143164,101.40861102224548,101.7035749798424,5078350
3432,2021-09-13,102.58845520019531,102.8244287398928,101.88053458110286,102.79492754663832,7522483
3433,2021-09-14,102.7064437866211,103.29637167971153,102.35248945118958,102.58846300884849,8434427
3434,2021-09-15,104.94818115234375,105.59709947495128,102.49997784230607,102.64745982481298,20064238
3435,2021-09-16,105.86255645751953,107.1604050339252,105.1841489767524,105.56759250862467,16214883
3436,2021-09-17,105.47911071777344,106.42299293405702,104.26975375177308,105.92155663185451,21219226
3437,2021-09-20,104.417236328125,105.71507288277037,103.2963709388693,104.53521710505144,7833069
3438,2021-09-21,103.76831817626953,105.24313790020142,103.50284342469361,103.85680976012817,9481007
3439,2021-09-22,104.26976776123047,104.6827125356764,103.70934099560881,103.70934099560881,9165634
3440,2021-09-23,105.15464782714844,105.44961177617269,104.41723795458779,104.41723795458779,10295913
3441,2021-09-24,103.91580963134766,105.89206584133402,103.70933725157859,105.184157110093,7093411
3442,2021-09-27,103.82730865478516,104.50572812880449,103.29637115328683,104.12227259982717,5205649
3443,2021-09-28,108.5172348022461,111.43738517304598,103.88630308533122,104.3287490201087,38873626
3444,2021-09-29,115.06542205810547,115.80283180725479,107.63232218499083,108.25175117512097,53686662
3445,2021-09-30,112.02732849121094,116.80574284347541,111.28991849851222,115.00645766044425,23618199
3446,2021-10-01,113.17765045166016,114.1510337601146,111.87981404179575,112.55823343872535,16994903
3447,2021-10-04,113.0596694946289,113.88557084590911,112.11578737978536,113.26614183192089,10757286
3448,2021-10-05,112.05680084228516,115.09493195585416,111.70284649942879,113.05968548284451,17200858
3449,2021-10-06,110.67046356201172,113.3546401119458,110.16902728403309,113.23664733928949,8929507
3450,2021-10-07,111.08341217041016,113.00067756579564,110.67045549936756,112.67621246727018,6733699
3451,2021-10-08,110.72947692871094,112.17480767946032,110.31653214399138,111.49638810275064,8165175
3452,2021-10-11,114.12154388427734,115.09492728925136,111.67335277755117,112.08629749378817,12982042
3453,2021-10-12,114.06256103515625,114.82947213269838,113.05968837109126,114.3870261922966,8539966
3454,2021-10-13,117.6316146850586,120.64024429392212,114.5344934990288,115.09492015089386,33075614
3455,2021-10-14,120.7287368774414,121.49563588101184,116.9531962378157,118.10355074422777,19185455
3456,2021-10-18,120.22730255126953,123.85534928503107,119.25391918279884,123.76686970780803,38546365
3457,2021-10-19,117.18917846679688,120.81723741294427,116.21579504191142,120.34529029720777,16174177
3458,2021-10-20,114.65249633789062,118.13307369358017,114.06256837937087,117.98559170395023,21909934
3459,2021-10-21,114.47549438476562,116.42224892339514,114.15102929393812,115.77333074385197,16946547
3460,2021-10-22,114.71147155761719,116.2157924536751,112.82370714094094,115.56687418557475,7705870
3461,2021-10-25,113.64960479736328,115.03593286998927,112.38125749606644,114.71146774566459,7862419
3462,2021-10-26,112.322265625,113.82657444906141,111.90930892658308,113.6201021009094,8525850
3463,2021-10-27,112.23377227783203,113.17765442744646,111.23089974426284,112.17478189387727,9862679
3464,2021-10-28,109.6676025390625,112.73522291692002,109.28414699130175,112.49924934890461,11095238
3465,2021-10-29,109.16614532470703,111.28988302634303,106.95391605172955,110.25750936562021,12988035
3466,2021-11-01,110.75895690917969,111.20140280895005,108.87119253767142,108.90068172972155,5475153
3467,2021-11-02,109.43160247802734,112.82368719095811,109.22513015679294,111.2898773733595,10946890
3468,2021-11-03,108.5172348022461,110.49350291261017,107.95680808570692,109.43162786829855,13957727
3469,2021-11-04,109.16614532470703,109.63808036834173,108.6941982789604,109.10714294240475,830214
3470,2021-11-08,111.58486938476562,112.29277809373332,108.90069252587728,110.67047630041085,11947323
3471,2021-11-09,110.05103302001953,112.29275140027427,109.31362328925582,112.29275140027427,10381150
3472,2021-11-10,108.78270721435547,110.02155340454689,108.28127089952963,109.69708825854049,13857851
3473,2021-11-11,107.45536041259766,109.28413434946711,106.59995782775786,109.13665238678227,8851354
3474,2021-11-12,107.36687469482422,108.36974729497442,106.364002094674,108.36974729497442,9590673
3475,2021-11-15,111.08341217041016,111.34887488584945,107.36686214158729,107.48484290353541,24821341
3476,2021-11-16,110.67046356201172,112.88269302554652,110.02154531979744,111.49636496215398,23206330
3477,2021-11-17,112.70571899414062,114.32802055934117,110.31650643363659,110.31650643363659,18359498
3478,2021-11-18,113.56111907958984,114.71147366682332,112.70572843801762,113.17766354980745,10742933
3479,2021-11-22,114.56400299072266,116.21580605014941,113.26616630268369,114.68199578189021,25095721
3480,2021-11-23,119.07695007324219,119.40141523505163,113.94458189157181,114.0035722840514,19671538
3481,2021-11-24,119.93234252929688,122.38053362398132,119.1654314862135,119.28341226109707,18120478
3482,2021-11-25,120.4927749633789,120.93522089347698,118.72299124298655,119.51939151674031,18537454
3483,2021-11-26,119.16544342041016,120.90572603585247,118.45753469598624,120.37480049359185,12814537
3484,2021-11-29,118.13306427001953,120.34529393799743,117.10069042496318,117.39565438069357,16066147
3485,2021-11-30,121.96759033203125,123.5898920172215,118.16256027124861,118.16256027124861,37739647
3486,2021-12-01,122.23304748535156,123.14744046690915,120.75822783904127,122.11506671449193,20332817
3487,2021-12-02,126.53952026367188,127.42441201376748,121.8200975964953,123.29491717998799,33758843
3488,2021-12-03,121.5841293334961,127.68988027342311,121.2301750185361,125.7431255400867,47614182
3489,2021-12-06,119.16544342041016,122.70501104675897,118.7819878604661,122.32155548681492,11322446
3490,2021-12-07,121.40715789794922,122.08556533251573,119.253918817233,119.51938155231441,8049102
3491,2021-12-08,120.81724548339844,122.49853769208333,120.0798355671231,121.02371785953264,8788449
3492,2021-12-09,119.87335205078125,121.79061784688258,119.22443372021604,121.23019110732957,5755422
3493,2021-12-10,119.54889678955078,120.49277907219034,119.07694964717379,120.49277907219034,6164402
3494,2021-12-13,120.58125305175781,123.67837421574758,120.16829636195826,121.23017127617123,21648126
3495,2021-12-14,125.21219635009766,125.7431338587187,119.87334407236929,120.40428158099034,48042035
3496,2021-12-15,123.79635620117188,127.21794251209204,122.58701131698199,125.71362170250704,15207306
3497,2021-12-16,122.82298278808594,124.94673280918207,121.70212939064642,124.71075925104763,13410737
3498,2021-12-17,123.85536193847656,124.17982709515283,120.96472473367747,122.82298807901567,15209414
3499,2021-12-20,123.79635620117188,125.44815897239805,122.41002816216748,124.32729366350263,22539246
3500,2021-12-21,121.8791275024414,124.91725923006581,120.81726425925258,124.74027602180948,17566511
3501,2021-12-22,123.06981658935547,123.95520594834588,120.90212205799253,122.00123722773179,14750231
3502,2021-12-23,127.22200775146484,127.98527875120129,123.37512936661152,123.6499019573044,15932489
3503,2021-12-24,125.42066955566406,127.43569716189819,125.08482540977758,127.1303888194662,8975969
3504,2021-12-27,125.84810638427734,126.55031811293567,125.17643046152865,125.42067963971797,8648187
3505,2021-12-28,125.54281616210938,127.40520243906734,124.13840492484121,126.18396879464403,15736206
3506,2021-12-29,124.93220520019531,125.72601207551864,123.77203069896571,123.95522072343468,17172943
3507,2021-12-30,125.39013671875,129.0843727187883,123.13085990051357,124.93217419426733,87481206
3508,2021-12-31,124.81005859375,125.90916122308563,124.29103687242244,124.56580942399914,9842223
3509,2022-01-03,125.17642211914062,126.36711970179425,124.65740041447184,125.42067128105195,7410054
3510,2022-01-04,128.59588623046875,130.0613689283519,125.48174326186063,125.97024163549824,14784090
3511,2022-01-05,127.40518951416016,129.05384979766714,127.03882194260636,128.22951965591366,9565107
3512,2022-01-06,125.75652313232422,127.4357193075086,124.96272875787348,126.85563832529344,5615931
3513,2022-01-07,125.29855346679688,127.31359373249428,124.87112670645124,126.36713279069072,11908249
3514,2022-01-10,124.56584167480469,126.5503465054082,124.22999742656667,126.5503465054082,11085710
3515,2022-01-11,124.4742202758789,125.66493037567618,124.26050690094999,124.90165944876617,7208789
3516,2022-01-12,125.14590454101562,126.21448390985144,124.77953695630654,125.78705713152921,11018139
3517,2022-01-13,127.00830078125,129.1454596886268,126.12291134597781,126.76405156437212,20522807
3518,2022-01-14,126.85563659667969,128.01581096833118,126.1229014267052,126.9777549839987,14183654
3519,2022-01-17,126.00077819824219,127.9547594741355,125.6649464013917,127.71051026176995,7574539
3520,2022-01-18,125.26802062988281,126.9166807788397,124.9321764699333,125.93969652675307,8475422
3521,2022-01-19,124.96270751953125,126.6419034093238,122.76448993022666,125.78703756264193,13724367
3522,2022-01-20,131.06890869140625,131.49633551508794,125.42070285673167,126.45874652740518,30170343
3523,2022-01-21,131.34365844726562,133.8777204059174,130.06136577633023,130.61092332759665,29509593
3524,2022-01-24,130.6719970703125,132.96181010308666,129.14545504846305,132.1374798958941,12850189
3525,2022-01-25,133.6334686279297,134.45779872729426,129.4202107141418,130.36667161309725,27389035
3526,2022-01-27,131.19102478027344,133.90827715533365,129.66448268968838,133.1144702990169,28512473
3527,2022-01-28,128.35162353515625,132.80913035061823,127.77154264766376,132.80913035061823,18932049
3528,2022-01-31,131.52685546875,132.35118562819503,128.96225756677316,129.4507559546821,19907759
3529,2022-02-01,130.0308380126953,132.53437674297584,129.02333026659187,132.5038409348387,8622355
3530,2022-02-02,130.6719970703125,132.99234591273597,130.21403446375766,131.19101887313514,9921099
3531,2022-02-03,129.02333068847656,131.28260780710775,128.84014068511505,130.67199102660956,4594389
3532,2022-02-04,128.04632568359375,130.27507927398284,127.67995812341336,129.4507491578196,7329263
3533,2022-02-07,130.458251953125,130.85515526691162,128.22949865850262,128.87065112100623,7869237
3534,2022-02-08,128.26007080078125,131.52686837425114,127.31360973997658,130.67200232304552,9074237
3535,2022-02-09,127.83260345458984,129.23702683154022,127.43570011562313,128.59587432836102,9833985
3536,2022-02-10,129.48129272460938,131.71003402554956,128.26005916879333,128.26005916879333,19180334
3537,2022-02-11,126.88615417480469,129.4507393242819,126.4281916536103,128.35162430420397,20071130
3538,2022-02-14,123.25299835205078,126.36714154129629,122.88663075738023,126.36714154129629,12109375
3539,2022-02-15,124.22997283935547,124.47422202400281,121.5127332706065,123.34458352091715,19046061
3540,2022-02-16,123.19447326660156,126.1441064698092,122.81791348048903,124.63790562996232,20270061
3541,2022-02-17,123.6337661743164,124.79479137409002,123.00618360490364,124.41824438608238,16405551
3542,2022-02-18,122.81792449951172,125.61067506666824,122.5355174027913,123.50827565718781,14600643
3543,2022-02-21,124.35550689697266,124.88894960546617,122.72379453114465,122.8179217157832,10682638
3544,2022-02-22,124.35550689697266,124.5437740344517,120.37035955114214,121.8765477237822,13606058
3545,2022-02-23,124.29276275634766,125.20275259272279,124.01034287153242,124.48102991135468,6493463
3546,2022-02-24,119.9310302734375,123.00618751495138,119.1779362734833,121.7510223362274,13145037
3547,2022-02-25,123.82205963134766,124.19860666064929,120.59000649078925,120.84104209972415,10920938
3548,2022-02-28,131.25892639160156,131.94926481917904,123.03759544164527,123.91620102136045,31938385
3549,2022-03-02,132.357177734375,133.76923863601868,129.4075317455764,130.38028991843362,20502615
3550,2022-03-03,136.7188720703125,137.66024600621301,132.23165375554643,132.23165375554643,19805555
3551,2022-03-04,134.96165466308594,136.499227055976,132.38855557068774,135.52646883634236,12794317
3552,2022-03-07,133.549560546875,135.05574832599578,131.0706020213581,132.10611569565256,17635653
3553,2022-03-08,133.2671661376953,140.20195916133673,131.66683812560956,134.3026800091632,28410490
3554,2022-03-09,130.5999298095703,135.55783464898332,129.65855595784126,135.02439201997686,22830958
3555,2022-03-10,131.07061767578125,132.67095834248204,129.94097670652195,132.41992275991328,16516553
3556,2022-03-11,133.32992553710938,133.6751010932222,130.38029226345967,131.35305045381295,12992850
3557,2022-03-14,133.92611694335938,134.302663914714,131.5412981777809,133.329905867865,12598659
3558,2022-03-15,131.57269287109375,134.961641419078,130.7254589261478,133.80060341015894,14528285
3559,2022-03-16,131.38441467285156,132.92199970279466,131.133379079371,132.5768241657338,11933774
3560,2022-03-17,132.76512145996094,133.51821557094146,130.38030216151864,133.04752855952805,28464621
3561,2022-03-21,128.59169006347656,135.55785506161354,128.34065444490727,135.55785506161354,17797415
3562,2022-03-22,130.9764862060547,131.4785574036593,128.05823727060582,128.65443564558547,13285297
3563,2022-03-23,131.8551025390625,132.16889384104417,130.7254615128489,131.47855553032463,9408783
3564,2022-03-24,132.26303100585938,132.545438064428,130.53717888122776,131.79234406277803,11188958
3565,2022-03-25,131.57269287109375,132.29441540501085,129.72131656511507,132.2630311681534,9842670
3566,2022-03-28,133.2357940673828,133.51820113641918,130.22339241272374,131.57269758654397,12823578
3567,2022-03-29,132.6082000732422,134.58507492324821,131.60405776239483,134.20852794078039,10470515
3568,2022-03-30,136.2481689453125,137.252298470891,132.9219890938212,133.73783874726638,54218485
3569,2022-03-31,136.0599365234375,136.34234363542419,134.7733868617139,135.27545813658236,10326026
3570,2022-04-01,141.23745727539062,141.67675995090428,135.62058582018253,135.62058582018253,39663961
3571,2022-04-04,142.71231079101562,143.15161358068326,140.60991126640113,141.8336924434774,9907530
3572,2022-04-05,146.25814819335938,147.23089368319287,142.39851217059476,144.3126316772878,17167487
3573,2022-04-06,148.5174102783203,149.64705118661436,145.06570631683397,145.19121771724463,17153675
3574,2022-04-07,145.19125366210938,150.55709080156961,144.34401957909,148.07813150005066,11913911
3575,2022-04-08,145.9757080078125,146.91708189363442,144.7205428267166,146.22674359767177,6746769
3576,2022-04-11,144.90882873535156,147.8270904563584,143.3398721937566,145.91295836833214,12413822
3577,2022-04-12,146.28952026367188,146.63469584521073,143.4653982015616,143.8733294975069,14769907
3578,2022-04-13,144.0302276611328,147.70158385179568,142.8064465203127,147.4505482216216,11015439
3579,2022-04-18,145.03431701660156,145.47363243909246,142.80640674383702,144.03018754379227,19069923
3580,2022-04-19,142.99468994140625,146.4463941710431,142.14745600231728,146.03846293571866,15036942
3581,2022-04-20,142.4612579345703,143.7164232027163,140.23333447633064,143.24573622716156,9814641
3582,2022-04-21,142.61817932128906,143.49679772113356,141.36301382671226,141.89645660826667,11134333
3583,2022-04-22,141.48851013183594,144.46952786253368,141.01782312172577,141.23748727433903,12032249
3584,2022-04-25,139.8567657470703,142.39848012793266,139.00953187618268,140.5471039837862,11042683
3585,2022-04-26,145.34811401367188,145.72466098481777,140.79814058917702,142.46123687728746,15389155
3586,2022-04-27,143.9047088623047,146.13261964155075,142.74367072821943,145.1912456527477,12680209
3587,2022-04-28,147.8584747314453,148.2664060212288,144.3753985683758,146.47779796254963,18378146
3588,2022-04-29,142.93194580078125,148.32915393380054,142.49264306147327,147.54467563632093,9026331
3589,2022-05-02,145.31675720214844,146.3836425226862,141.77091293252468,141.77091293252468,12634353
3590,2022-05-04,149.1136474609375,150.27467290614783,146.1640138684353,146.2267695850029,23124643
3591,2022-05-05,146.69741821289062,151.0277402774137,146.1325913752225,149.6156795673431,16481935
3592,2022-05-06,149.61569213867188,150.0863790815778,145.25398547348996,145.25398547348996,17715186
3593,2022-05-09,153.8518829345703,154.66773268541877,147.8898480024111,149.99224724063754,54118806
3594,2022-05-10,152.91050720214844,155.86014039508552,152.18878463888055,154.2598123824839,30997494
3595,2022-05-11,150.11776733398438,155.6404998554923,149.80397600363057,153.13016921266177,15412618
3596,2022-05-12,148.04672241210938,151.81221761834428,145.69328790821254,149.9922257150242,26538994
3597,2022-05-13,148.29779052734375,150.52570135242001,146.2895183156641,150.52570135242001,15074553
3598,2022-05-16,147.60743713378906,149.3019179837021,146.22676038337275,147.79571703984672,7960529
3599,2022-05-17,149.77261352539062,150.18054483298732,146.06987305122493,147.41917840641278,15470937
3600,2022-05-18,143.0260772705078,149.52155463490004,142.52400608260666,149.050867684318,19181550
3601,2022-05-19,143.277099609375,144.1243334884019,139.10367314667275,139.95090702569965,15085602
3602,2022-05-20,143.747802734375,146.2895046582164,142.3043576159952,144.81468807008113,15148281
3603,2022-05-23,140.9550323486328,145.5991455802638,140.70399678537183,145.5991455802638,11572501
3604,2022-05-24,142.4612579345703,144.12435446850404,140.95505705915485,141.20609266642433,16336858
3605,2022-05-25,141.1119384765625,143.96744428069564,139.66850622478756,143.33986170995868,11062614
3606,2022-05-26,142.58676147460938,143.77917096709453,140.51574655753578,142.46125006201123,14150454
3607,2022-05-27,141.017822265625,143.49678149807718,140.20197244730835,143.46539725697943,8430491
3608,2022-05-30,143.24574279785156,144.28125674521138,140.7667963868344,140.89230781212564,9305758
3609,2022-05-31,146.1640167236328,147.5760778308998,143.21437030530885,143.2457545483071,26351545
3610,2022-06-01,143.84193420410156,146.22675331392682,143.18298010116132,145.6933106301558,10282009
3611,2022-06-02,141.55126953125,143.96746014113126,140.92368689137427,143.96746014113126,10071898
3612,2022-06-03,141.8336639404297,143.15158481278476,141.2060813566225,141.8336639404297,16082518
3613,2022-06-06,141.08059692382812,142.74368087436306,140.29611854406528,141.8336910611193,12693293
3614,2022-06-07,141.2061004638672,141.99057879977755,140.39023788723958,140.54713355442163,9103195
3615,2022-06-08,140.92367553710938,142.14745647898602,139.98230165314257,139.98230165314257,11240130
3616,2022-06-09,141.1119384765625,141.6453811080489,138.69574813286528,141.01779853731193,9468041
3617,2022-06-10,140.86094665527344,142.74369495238935,139.35475823214395,139.35475823214395,9019239
3618,2022-06-13,139.5430145263672,141.5199026379211,139.0095717707296,139.22922316796823,10186775
3619,2022-06-14,140.54713439941406,142.64954656685558,139.32335329531716,139.5430046770522,17023962
3620,2022-06-15,139.48025512695312,142.02197017018094,139.26060373551186,140.73542052742064,5898563
3621,2022-06-16,135.7775115966797,140.7668016125586,135.33820882364995,140.17059039978687,11883333
3622,2022-06-17,132.6395721435547,136.1226604756723,131.9492338778575,134.42817989456105,19675226
3623,2022-06-20,130.694091796875,132.3571884358058,129.50168216321504,131.22753451587485,7402273
3624,2022-06-21,132.01197814941406,133.76921428102708,130.09785915882722,131.19612854903568,9459619
3625,2022-06-22,132.20028686523438,132.5768338989995,130.66270172240786,132.29442681572607,10257637
3626,2022-06-23,130.8823699951172,132.8592451768475,129.37616904430197,131.85511546570473,13114525
3627,2022-06-24,131.1333770751953,133.04750908200435,130.38028307446416,133.04750908200435,9499105
3628,2022-06-27,132.76512145996094,133.89476262643174,131.5727118107398,133.89476262643174,17545390
3629,2022-06-28,131.9806365966797,132.76511491033517,130.7568427664561,131.50994960848638,6770087
3630,2022-06-29,132.4827117919922,134.93028699342048,130.81961500331633,131.2275463315883,41502918
3631,2022-06-30,132.9847412109375,134.773348875199,132.04336741204204,132.73370564425886,22260722
3632,2022-07-01,129.5958251953125,133.61235695597478,128.77996259285518,132.45133153571055,11133663
3633,2022-07-04,132.23165893554688,133.14166143681956,128.68582718597924,128.68582718597924,20178279
3634,2022-07-05,134.39682006835938,135.52646111874623,132.38854803178103,132.41993226993108,20083997
3635,2022-07-06,132.0747528076172,134.39681608405252,130.66269196034457,134.30267614059423,19203527
3636,2022-07-07,133.39268493652344,135.118537063225,133.1102651094156,133.83198764331271,14069302
3637,2022-07-08,137.31507873535156,137.69162574376278,133.45544317068473,134.30267713166018,17142257
3638,2022-07-11,136.21682739257812,138.85266957208935,135.6833718937844,138.068191212925,10826079
3639,2022-07-12,133.9888916015625,136.15404656934234,133.76924023454447,134.99302125664587,8503695
3640,2022-07-13,134.58506774902344,135.99712843415602,133.95748522229786,134.6164519826394,10210005
3641,2022-07-14,134.83615112304688,137.5975177733943,133.58098562454384,137.5975177733943,10898403
3642,2022-07-15,131.35304260253906,136.18542349006765,131.03925130417485,136.18542349006765,22067479
3643,2022-07-18,131.94921875,133.2985236594661,131.10198494067893,132.0119744454685,15155654
3644,2022-07-19,131.7923583984375,132.73373238699776,131.54132278118104,131.72960268617385,14922395
3645,2022-07-20,131.3216552734375,133.23578725567094,130.85096833697355,132.60820467371903,14181034
3646,2022-07-21,133.2357940673828,133.80060820545552,131.44717340281593,131.76096470983455,12461554
3647,2022-07-22,131.7923583984375,134.27130479436545,131.4785670689174,134.27130479436545,9272199
3648,2022-07-25,130.47442626953125,132.4199297934248,130.1606349667032,131.79234718776877,6635194
3649,2022-07-26,131.2275390625,132.41994873747322,129.97237367162347,130.47444493525512,11451315
3650,2022-07-27,132.20028686523438,132.41993823758057,131.4158085581397,131.7295998809776,9209354
3651,2022-07-28,134.42820739746094,134.8047672268822,131.82374944258004,132.41994789215943,13192642
3652,2022-07-29,134.27130126953125,136.6875046579683,133.5809629163499,135.8088864047368,15433067
3653,2022-08-01,137.40919494628906,138.16230167121566,134.3968063511818,134.96163320282685,12136557
3654,2022-08-02,139.69989013671875,140.2019613453123,136.4050813468518,138.036793622479,17748747
3655,2022-08-03,140.32748413085938,141.0492067636017,137.84853766209477,140.17058846148942,12406038
3656,2022-08-04,138.57025146484375,140.70402221774506,137.50335332019165,140.57851079752785,9712267
3657,2022-08-05,140.35885620117188,141.04919453289844,137.34645450319994,139.13506242528277,14099223
3658,2022-08-08,139.26060485839844,142.021971315333,138.75853358688204,141.20610869116953,8392041
3659,2022-08-10,140.26470947265625,141.1433276561027,138.41334593141593,138.5388573426795,8585266
3660,2022-08-11,139.8567657470703,142.39848012793266,139.1350432762403,140.98641942038677,5040626
3661,2022-08-12,143.1202392578125,143.4654020804813,139.32335883103696,139.95094152847406,13279062
3662,2022-08-16,143.62228393554688,144.312622282663,142.49264284977542,143.84193530487454,11298246
3663,2022-08-17,143.40264892578125,144.94022145468463,142.9005776515827,143.62230032016703,11225465
3664,2022-08-18,145.19125366210938,145.4109050513066,142.9319585179902,143.0574699494736,11360485
3665,2022-08-19,144.58920288085938,145.5715017871203,143.0365169034536,144.77931901097443,9829530
3666,2022-08-22,143.1949005126953,146.26857886253552,143.0047844528752,144.557456962584,9190493
3667,2022-08-23,144.2089385986328,145.0328008403845,142.08587872529242,142.56118832793314,8903751
3668,2022-08-24,145.41305541992188,145.7299285089987,143.54350935180813,144.08219102451895,13007225
3669,2022-08-25,143.416748046875,146.395349568978,142.6562449882803,146.07847651796288,12124365
3670,2022-08-26,146.04678344726562,146.522093021809,143.60686354332893,143.60686354332893,7966045
3671,2022-08-29,143.89207458496094,145.06450243319958,142.97313489253682,144.6525648396025,7517013
3672,2022-08-30,145.50808715820312,145.92002465995805,144.55746810504377,144.62084012986853,7214498
3673,2022-09-01,143.29000854492188,145.82499326183725,142.59289032648994,142.624582792891,13109081
3674,2022-09-02,142.0858612060547,145.03278295779026,141.83237309744666,144.17722835724678,6897237
3675,2022-09-05,141.5789031982422,142.94146010253044,140.50152692558663,142.59289453622435,18055474
3676,2022-09-06,142.6245880126953,144.49413415240284,141.95914934271156,141.95914934271156,14103701
3677,2022-09-07,142.21263122558594,143.82867608768714,141.35707654640322,141.35707654640322,7866745
3678,2022-09-08,142.21263122558594,143.79699651799754,141.61056467831088,143.2266224340098,7187735
3679,2022-09-09,141.26202392578125,143.32169897906948,141.00852287896447,143.25832694076502,9162027
3680,2022-09-12,141.9274444580078,142.4027540682404,140.81838870079847,141.6739563140958,8778919
3681,2022-09-13,143.73361206054688,144.17722914663634,141.83237387399782,142.14924690508934,11278383
3682,2022-09-14,147.377685546875,147.78961026641002,142.40276750867963,142.592896528157,25072958
3683,2022-09-15,150.57809448242188,150.99003209098075,147.2509269337224,147.94804517473003,23606369
3684,2022-09-16,149.34226989746094,151.11675122768267,147.91634118340548,151.08507165908426,29399642
3685,2022-09-19,147.75791931152344,150.89495763608005,146.80730007455495,149.53240081770548,13920046
3686,2022-09-20,147.4727325439453,149.7225366650288,147.09248741049998,148.29660774440947,20162973
3687,2022-09-21,143.89207458496094,148.51841393896188,142.14927259894162,148.20154085059474,14468837
3688,2022-09-22,139.48751831054688,143.48012402047297,138.88546465451574,141.9591307550917,26264530
3689,2022-09-23,128.36524963378906,139.26567501198807,125.54507236951697,138.34674852543327,87162722
3690,2022-09-26,127.28791046142578,132.6747526861768,118.09859137214468,126.74922881767036,167547134
3691,2022-09-27,129.82286071777344,131.75579110369225,127.54137778090846,130.4249271316539,54127095
3692,2022-09-28,131.62905883789062,133.34018103137876,128.3652767619358,130.04469359962235,52877873
3693,2022-09-29,131.81918334960938,134.4175396734544,130.58338366314553,132.42123696227702,36761869
3694,2022-09-30,134.4809112548828,138.60026072085873,131.1854368395408,131.1854368395408,62897614
3695,2022-10-03,133.5936737060547,136.03359344190926,132.45292564829583,134.9879098712297,11740863
3696,2022-10-04,132.1043701171875,134.57598249955797,131.8191895280514,134.4175459736829,19179333
3697,2022-10-06,130.74183654785156,133.65706627352301,130.2982065045025,132.3578815021702,20692745
3698,2022-10-07,132.70643615722656,132.9282447139057,129.28420463235645,129.28420463235645,14282850
3699,2022-10-10,132.42123413085938,134.32247231159587,131.53399996139294,131.78748807061388,16834226
3700,2022-10-11,132.04100036621094,134.0056107422756,130.90026509636584,133.08668403376723,17807162
3701,2022-10-12,136.60397338867188,136.85746150706953,132.6747399367463,133.371858049534,35288330
3702,2022-10-13,135.58999633789062,137.71305645416953,135.14637914876946,136.22374254726353,16436903
3703,2022-10-14,134.76614379882812,138.15668368673195,134.06902549656016,138.15668368673195,23365190
3704,2022-10-17,134.2591094970703,136.22371983992244,133.72042788761695,134.3224815287241,9520537
3705,2022-10-18,134.5759735107422,136.25540315156218,134.06898439796413,134.9562185687249,13256574
3706,2022-10-19,135.55828857421875,137.4595268069747,134.95622206435453,134.98791452567258,11595367
3707,2022-10-20,137.83978271484375,138.15665577855603,134.57598757988762,134.70274454153133,16371066
3708,2022-10-21,137.71304321289062,138.7270344716708,135.6216757656078,136.4772304872786,11634491
3709,2022-10-24,138.69534301757812,139.58259021057617,138.53690647931413,139.2974095991404,1132859
3710,2022-10-25,138.4735107421875,139.04388476103475,135.78009005269413,138.69531927907357,20622687
3711,2022-10-27,141.895751953125,142.49780558043685,137.74470991135223,138.98052252147255,24298489
3712,2022-10-28,143.73361206054688,145.12784823991086,141.4521159218107,141.83237387399782,11669879
3713,2022-10-31,144.58920288085938,145.92006736606442,143.67026312437025,144.46244590051612,11755682
3714,2022-11-01,149.02542114257812,149.50073079141032,145.63488155962827,146.17356324958487,15220278
3715,2022-11-02,147.85299682617188,149.91267202087133,147.5678032938229,149.02542474289623,12884449
3716,2022-11-03,144.52581787109375,148.04310134546196,143.67025023473514,147.66285622574628,9358215
3717,2022-11-04,143.32167053222656,145.41302474277043,142.59286000238401,144.49409813574914,8059667
3718,2022-11-07,144.49411010742188,146.9657224642946,143.48011893100153,144.05049299698715,14862038
3719,2022-11-09,138.63198852539062,146.3953798828125,138.18837131954942,146.3953798828125,22831150
3720,2022-11-10,136.19204711914062,139.51921433104016,135.30479995058113,136.8891652895809,16217631
3721,2022-11-11,135.65335083007812,138.06157814907556,135.33647779650502,136.88915050357448,12123886
3722,2022-11-14,137.14581298828125,138.67073425007277,136.432021461696,136.88624883261897,18460862
3723,2022-11-15,140.16323852539062,140.48769046642164,136.04270151469362,136.26981523301868,15258103
3724,2022-11-16,140.87704467773438,141.1041584194717,138.5085426236517,140.1308024960392,9825807
3725,2022-11-17,141.6557159423828,143.05084866033135,140.32545776714971,140.74724791066137,9449665
3726,2022-11-18,141.6881561279297,141.9801707880512,140.71480033149055,141.6881561279297,5828998
3727,2022-11-21,142.1424102783203,142.4344117642415,140.48769998614253,141.1366039121755,4712051
3728,2022-11-22,141.3312530517578,142.23970781101434,140.7472369908203,141.78548043138608,4366445
3729,2022-11-23,139.61167907714844,141.98018099244246,139.02766291691398,141.623278560637,13510578
3730,2022-11-24,143.24549865722656,143.4077245900207,139.57918993568293,139.773866335828,7622243
3731,2022-11-25,143.14817810058594,143.34285452472542,140.5525628559625,143.2455163126557,10989671
3732,2022-11-28,143.60243225097656,144.18643517458287,142.2072862848416,142.2072862848416,4526153
3733,2022-11-29,142.33705139160156,144.21887512473924,141.81793625272428,143.60242177170306,6476054
3734,2022-11-30,145.35446166992188,145.97091504353256,141.23392488351482,142.337056142181,17317951
3735,2022-12-01,143.99176025390625,145.90602124152198,143.08329226579053,145.3544556350888,13241961
3736,2022-12-02,142.62905883789062,143.73219000408199,141.81792909746127,141.81792909746127,12880949
3737,2022-12-05,143.99176025390625,144.21887395043967,140.94190437965938,142.56416392915813,16477957
3738,2022-12-06,145.03001403808594,145.451804191345,142.36951082811945,143.7646567802918,11299945
3739,2022-12-07,143.44021606445312,145.41936508915808,143.05086315285374,144.60823519329932,5813973
3740,2022-12-08,141.3312530517578,143.95930552300413,140.7472369908203,143.92686825416305,11176439
3741,2022-12-09,140.94190979003906,142.0774915182801,139.9685540229753,141.7206023248796,6020031
3742,2022-12-12,139.87124633789062,141.46105567361232,139.25477968784722,140.1632478233957,8194429
3743,2022-12-13,140.35794067382812,140.68239267427435,138.24900267092772,139.8712626731588,8235450
3744,2022-12-14,142.23973083496094,143.11576166915864,140.357920070199,140.357920070199,10055353
3745,2022-12-15,140.3903350830078,143.0184007649088,140.09833365256623,142.43438470204396,5385778
3746,2022-12-16,138.34632873535156,141.5908487638728,137.95698897232617,139.5143612264135,11166617
3747,2022-12-19,142.04505920410156,142.23972244311787,138.54097567999548,138.89787808783316,7758862
3748,2022-12-20,141.00682067871094,142.04506426305733,138.80054481073523,142.04506426305733,6541929
3749,2022-12-21,140.19570922851562,141.6232926942385,138.76811256080757,140.84461320420516,7005861
3750,2022-12-22,139.5143280029297,140.81213570528251,138.11918208250387,140.22811959882722,6961415
3751,2022-12-23,137.08094787597656,139.7090139326171,136.56181947896644,138.4760938912057,4554651
3752,2022-12-26,137.4702606201172,139.02763230382342,136.8862445884797,137.24314694169732,6864331
3753,2022-12-27,137.98941040039062,139.64410734535642,137.4378447520687,138.184073639925,13115851
3754,2022-12-28,140.00099182128906,141.72058949448447,137.89205451691274,137.89205451691274,16815549
3755,2022-12-29,140.00099182128906,140.48766966076053,138.54095830287469,138.8978606659463,22536873
3756,2022-12-30,138.67074584960938,140.64990784985827,138.37874440130233,140.19568044094007,4643134
3757,2023-01-02,139.54678344726562,139.83878490990375,138.216525224174,139.2223315101197,5959394
3758,2023-01-03,139.90365600585938,140.29299564369938,139.09252625953368,139.6765423172845,2873110
3759,2023-01-04,136.951171875,139.7739011686701,136.5942694531177,139.7739011686701,9954542
3760,2023-01-05,135.4911346435547,137.5027340195592,134.06353819459625,137.5027340195592,21273509
3761,2023-01-06,135.03689575195312,136.46449221933807,134.6800065365944,135.06934622697815,11510471
3762,2023-01-09,135.68577575683594,137.5351488621696,132.53859511063922,135.75066349348288,52485126
3763,2023-01-10,137.4378662109375,137.85964323010768,135.6209298130311,136.20494602678565,17248326
3764,2023-01-11,137.53517150878906,138.24897633538404,136.33470197621693,137.69739747810917,9164361
3765,2023-01-12,138.54098510742188,138.80054931242273,137.1782895336473,138.57343558379094,21179555
3766,2023-01-13,138.8654327392578,139.7414503521228,138.41120529613775,138.60586854233915,6560245
3767,2023-01-16,139.93612670898438,140.09835268170474,138.02185230969397,139.51433653951472,8362194
3768,2023-01-17,141.72061157226562,141.9152748171908,139.44944796758824,139.93612588287624,13000571
3769,2023-01-18,142.33705139160156,142.85617973246096,140.422790388399,141.6557102964535,11171369
3770,2023-01-19,143.24549865722656,143.56995052281485,141.88280346215183,141.98014166222436,11586815
3771,2023-01-20,144.86778259277344,145.28957273008058,143.40774894962118,143.40774894962118,10112645
3772,2023-01-23,146.0682830810547,148.14478373573607,145.06248983446153,145.35449134431448,14393610
3773,2023-01-24,143.37530517578125,147.0416146913969,143.0833037143004,146.81450097669145,6150893
3774,2023-01-25,142.3695068359375,143.56997631387168,141.33126331993992,143.21307391681816,5790331
3775,2023-01-27,142.27218627929688,143.69976964075838,140.8121524406268,142.30463675650546,10458603
3776,2023-01-30,137.4702606201172,142.01258699643813,136.62669364284616,141.46102143399534,24288177
3777,2023-01-31,140.58505249023438,142.88865374036513,137.66498452658672,137.95698604215727,20997546
3778,2023-02-01,140.52012634277344,146.00335829575457,138.6058521683733,146.00335829575457,20246369
3779,2023-02-02,138.02186584472656,140.87704588499324,137.14584814652713,140.16325417542276,12820663
3780,2023-02-03,139.4169921875,139.61166862700094,136.52937528079426,138.34629817421057,10815686
3781,2023-02-06,140.84458923339844,141.0392524717838,138.24897377239674,138.50852475691056,6948201
3782,2023-02-07,140.7147979736328,141.59081553535268,139.5792162301486,141.46104004546183,10035526
3783,2023-02-08,140.81443786621094,141.64471167438435,139.78489293864746,141.37902135305464,12432719
3784,2023-02-09,141.3790283203125,142.10966660479727,140.81444480564573,140.81444480564573,7011082
3785,2023-02-10,142.2093048095703,142.44177878891708,140.7148118534627,140.74802821347166,10892159
3786,2023-02-13,143.4713134765625,143.80342299849897,142.14287538881655,142.20929459048963,7710133
3787,2023-02-14,142.80709838867188,144.16875287175986,141.31260549855787,144.16875287175986,6010681
3788,2023-02-15,142.47499084472656,142.93993878937397,141.4786622374208,141.6447170053051,8107497
3789,2023-02-16,142.54139709472656,144.06910622584957,142.14286839073765,144.06910622584957,3963115
3790,2023-02-17,142.010009765625,143.40486678768406,141.47862922695086,142.1428481435093,6491149
3791,2023-02-20,143.3385009765625,144.1355585678215,142.27573950345248,143.205649035637,6841917
3792,2023-02-21,144.26837158203125,145.29791651016026,143.504530488949,144.5008590593044,6701434
3793,2023-02-22,142.5746307373047,144.33481403303873,141.47866653327617,143.47132380839275,9128659
3794,2023-02-23,141.64471435546875,143.40489756482776,141.2129692643322,142.8070977089134,10345874
3795,2023-02-24,142.84030151367188,143.0727754612154,141.08011845900785,141.08011845900785,9808830
3796,2023-02-27,145.59681701660156,146.09498132689592,142.508209103634,143.77021454552226,17763618
3797,2023-02-28,147.62269592285156,148.12086025105015,145.29792905792476,146.52673169810018,36559278
3798,2023-03-01,145.39756774902344,147.62269909338582,144.4012390712278,147.15775111584355,12896085
3799,2023-03-02,146.3606719970703,146.79241710302887,143.33848328250397,144.7997598572864,79708558
3800,2023-03-03,147.5230255126953,149.74815628373935,146.39385870755925,146.39385870755925,9951869
3801,2023-03-06,150.8773651123047,151.9733292853066,148.12085325704885,148.78507232995042,15659957
3802,2023-03-08,151.4751739501953,151.6744315757218,149.9142482255895,150.74452211588093,11591495
3803,2023-03-09,149.9806365966797,153.06924374436932,149.78136551650752,152.1061317218635,13941653
3804,2023-03-10,150.4788360595703,151.54158387129706,147.62268864658128,147.62268864658128,9605434
3805,2023-03-13,150.179931640625,152.80360512097593,149.7149836889536,151.47516695783273,13209653
3806,2023-03-14,149.5821075439453,151.27587133312494,148.7850501805488,149.54890470338609,9583405
3807,2023-03-15,151.64120483398438,152.80358809723438,149.91422460344242,150.51202441297076,12228069
3808,2023-03-16,154.19845581054688,154.69662010014787,151.67441800447327,152.4050562598405,18437817
3809,2023-03-17,152.57110595703125,155.4272531946693,151.64121012484284,155.39403683770368,33711025
3810,2023-03-20,151.10984802246094,152.37186703833004,149.6485713810793,149.6485713810793,9281411
3811,2023-03-21,148.22048950195312,151.24267818940294,147.755528040642,150.9437850106521,11272787
3812,2023-03-22,148.8514862060547,149.25001493281508,146.659571452087,148.1208479547321,7589846
3813,2023-03-23,147.55625915527344,149.11717116182564,146.95845932986157,148.78506164921578,17091298
3814,2023-03-24,147.7223358154297,148.95113849157542,146.659587920211,148.12086458694012,10371666
3815,2023-03-27,146.19461059570312,150.27956046691017,145.82929822536275,148.05442934613646,19983733
3816,2023-03-28,147.5230255126953,148.1872444600857,145.26467838885412,146.95844211012727,8689166
3817,2023-03-29,147.75552368164062,148.58579750208943,146.4935182854155,147.52304971462922,19743258
3818,2023-03-31,149.91421508789062,150.6116504070002,148.12082928670804,148.78504825211928,10202058
3819,2023-04-03,149.18359375,151.01019611084132,148.68542946977053,151.01019611084132,7643214
3820,2023-04-05,149.88101196289062,150.51201457340423,148.58577687465882,150.51201457340423,12019382
3821,2023-04-06,149.61534118652344,151.04341484839873,149.21681245877414,150.9105629301015,4282875
3822,2023-04-10,152.13937377929688,152.37184773639873,149.44928131028348,149.58211971046433,4145643
3823,2023-04-11,153.66708374023438,154.09882885136855,151.74084567687788,152.03975237546553,5106602
3824,2023-04-12,150.97698974609375,153.79992060156155,150.81093498988977,153.700285045125,9118795
3825,2023-04-13,153.5674285888672,153.86633524933387,150.77771417259962,150.9769852795774,11428621
3826,2023-04-17,157.18743896484375,159.34615085097062,154.2980888353574,154.49734643978033,21815047
3827,2023-04-18,152.9696502685547,157.75202194959832,152.53790518997843,157.35349322843985,13482833
3828,2023-04-19,152.73716735839844,153.7002931030168,151.87369068901148,152.1061646571706,8264190
3829,2023-04-20,153.36817932128906,154.69661740373664,152.5379055197593,153.33496296379948,7308750
3830,2023-04-21,153.79994201660156,154.33130920229928,152.50470662972003,153.96599679592694,5030650
3831,2023-04-24,154.06558227539062,154.2980697221085,152.73714435617683,153.4345796691918,5725067
3832,2023-04-25,154.69664001464844,155.36085915295644,153.20214695345544,153.6338920960702,8338703
3833,2023-04-26,158.28338623046875,159.0804435904209,154.09880130679605,155.46045560308133,13581018
3834,2023-04-27,156.72247314453125,158.28339866016591,155.09514194285038,158.08412754774469,9794457
3835,2023-04-28,157.5859832763672,158.05093124625316,154.82947127714303,157.38671213866044,10585487
3836,2023-05-02,159.47898864746094,160.17642404421662,158.25018612736037,158.5490792896437,6732907
3837,2023-05-03,159.21328735351562,160.7409964441567,158.61550107015785,159.4125584570149,4789217
3838,2023-05-04,158.64869689941406,159.87749928049308,156.05824023627187,159.18007747621172,9189783
3839,2023-05-05,160.11001586914062,160.40890905200754,158.2169806657439,158.61552292766228,3896441
3840,2023-05-08,162.567626953125,163.5639556167805,160.1432245021821,160.64138883400986,8758321
3841,2023-05-09,161.67091369628906,163.99568028822625,161.20595226975922,162.10265876607727,9166941
3842,2023-05-10,164.4938507080078,164.69310831519556,162.4679771967197,162.833303080254,9689409
3843,2023-05-11,165.09164428710938,165.52337584307276,163.7964090785072,164.52704730425754,12616726
3844,2023-05-12,160.57493591308594,165.78905212213098,160.17640723400936,165.29088789489288,13853807
3845,2023-05-15,161.57130432128906,163.16543294536476,160.97350439806408,161.67093989408872,12187763
3846,2023-05-16,159.81109619140625,162.43476947258188,159.4125674754318,161.77055044143424,11418509
3847,2023-05-17,158.61549377441406,160.6745698570597,157.71878736348262,160.0103508940405,11560929
3848,2023-05-18,156.52322387695312,160.07679313809277,155.82578845992708,160.07679313809277,14497723
3849,2023-05-19,155.2279815673828,157.7520192813121,154.0988146242712,156.5232167812034,10071694
3850,2023-05-22,155.6597442626953,158.74836579787896,154.53057719173765,155.89221824629576,12566129
3851,2023-05-23,155.49365234375,157.12099686737128,154.99548813492964,155.46044950463673,12458561
3852,2023-05-24,156.62286376953125,157.98450476930344,155.991847538208,157.95130192359488,8877971
3853,2023-05-25,158.0509033203125,159.61182875821402,156.95495279728542,157.88484857275446,12502747
3854,2023-05-26,157.6191864013672,158.01771512974256,155.95863877182717,157.98449877172325,6811801
3855,2023-05-29,155.75936889648438,158.3166095637124,155.49367857091897,158.21697400242894,13638297
3856,2023-05-30,156.1578826904297,156.68926329073014,155.22797339668887,156.68926329073014,9469926
3857,2023-05-31,155.32763671875,156.22432981769887,152.77039583894305,156.0914914006592,48104157
3858,2023-06-01,154.7630157470703,155.49365389123108,152.8035752449707,154.72979939405744,8804790
3859,2023-06-02,155.8257598876953,156.1578693561318,154.8294314823858,155.42723122828528,6617781
3860,2023-06-05,156.49000549316406,158.08413391604006,155.95863836125287,157.05458898300714,27428302
3861,2023-06-06,156.29075622558594,157.41992326552167,155.72615919204617,157.05459736306324,6898603
3862,2023-06-07,158.88119506835938,159.44579208491356,156.85533502664836,157.2206474045447,11153571
3863,2023-06-08,160.508544921875,163.03256934190404,158.91441641189397,158.91441641189397,19300834
3864,2023-06-09,162.66725158691406,163.06578032287075,160.60817518982836,161.7705585526187,11037141
3865,2023-06-12,160.508544921875,163.69678842826514,160.20963822486937,162.7336761584703,8188909
3866,2023-06-13,160.90704345703125,161.70410080557022,160.37566288229235,160.7409887166215,6443218
3867,2023-06-14,163.72999572753906,164.19494365683383,160.8074292065645,160.8074292065645,10297426
3868,2023-06-15,163.69677734375,164.02888686444217,161.9366076949382,164.02888686444217,9732749
3869,2023-06-16,163.69677734375,164.29457718371012,162.40155561847885,163.66357449982337,9702361
3870,2023-06-19,161.47164916992188,164.92559635555415,161.006701237996,163.69678029597492,10431647
3871,2023-06-20,165.22447204589844,165.85547467441464,161.903377130403,161.96979632599894,13426365
3872,2023-06-21,171.50135803222656,172.06595505114734,165.2244932421252,165.25770960096932,31172093
3873,2023-06-22,168.41273498535156,171.36850416730525,167.84813801735496,171.36850416730525,7430965
3874,2023-06-23,166.12115478515625,169.14335637838795,165.75584247499165,168.4459210834671,5593393
3875,2023-06-26,165.0584259033203,166.2208091843296,164.16173293211295,166.0547544298997,7305362
3876,2023-06-27,165.75587463378906,166.08798416940988,164.49385569571555,164.79274887234567,11142907
3877,2023-06-28,166.1543731689453,167.71528499989387,163.6967549439737,166.58611818948066,17808717
3878,2023-06-30,169.47549438476562,172.49768297328495,166.85182101248765,170.37218740523682,17659979
3879,2023-07-03,166.3868865966797,169.34265622260892,165.7226674885093,169.07697939019866,12467239
3880,2023-07-04,165.78907775878906,167.71531577135258,165.52338742713002,167.71531577135258,8637967
3881,2023-07-05,168.21347045898438,168.67841837762825,165.72264908002606,165.8554874814755,5340907
3882,2023-07-06,174.49032592773438,175.088125730562,168.97731633482869,172.66372367738722,16705046
3883,2023-07-07,169.67474365234375,174.39070951628372,169.17657938617296,174.39070951628372,13149183
3884,2023-07-10,166.0547637939453,170.30576844978455,165.05843521118163,169.6747522392248,15319047
3885,2023-07-11,168.3795166015625,169.64153540503776,166.08796645560835,167.38318810096155,7486045
3886,2023-07-12,167.41641235351562,169.2097983337641,166.81861252224252,168.71163405996498,9390877
3887,2023-07-13,161.47164916992188,167.51603985281432,160.5417397924989,167.2171466842293,30591450
3888,2023-07-14,159.44580078125,162.33515117116136,157.22065597951948,161.40524172599262,72085831
3889,2023-07-17,160.07676696777344,162.7004264151371,158.88116745221305,161.07309539288406,11474161
3890,2023-07-18,160.1764373779297,161.87018796114782,159.146892375791,160.07680181101753,14940593
3891,2023-07-19,161.57130432128906,163.5307453608663,159.77791806518695,160.076811270013,22954874
3892,2023-07-20,162.23550415039062,163.29825193545784,160.94028239883545,162.0362330285031,10249082
3893,2023-07-21,162.1358642578125,163.59715424761484,160.87384538457394,161.5712807789763,18466409
3894,2023-07-24,164.36097717285156,164.82593855561353,161.30557264234628,162.1026435069799,14825562
3895,2023-07-25,166.818603515625,167.05107746146572,164.82594652801308,165.35731361656755,10500017
3896,2023-07-26,166.718994140625,169.80761565909205,166.05477504046314,168.6452322338088,12898171
3897,2023-07-27,166.5196990966797,168.31309851776834,165.8554800918847,167.3831892083413,10836773
3898,2023-07-28,171.50135803222656,173.46081239188413,166.12118628162946,167.25036680589946,17518458
3899,2023-07-31,176.71548461914062,177.34648731464438,172.13237044649736,174.0253920465799,24269734
3900,2023-08-01,167.25038146972656,174.02541115506727,166.38689119978758,174.02541115506727,31395702
3901,2023-08-02,165.09164428710938,168.57879417296263,163.7964090785072,167.98099434695936,20825405
3902,2023-08-03,165.19126892089844,166.45328779257127,163.46430212924813,165.390540037215,10882019
3903,2023-08-04,164.29457092285156,165.4237513583173,163.7964066607971,164.72631598601285,7406390
3904,2023-08-07,164.6930694580078,165.35728835239553,163.39784801937896,165.2576663290918,6345966
3905,2023-08-08,163.54190063476562,166.08137114151663,162.96629007540392,166.08137114151663,15171726
3906,2023-08-09,162.76312255859375,164.8962804825557,162.35681004391265,164.55768442406995,18442141
3907,2023-08-10,163.7450714111328,164.32068199729795,162.5599851194652,162.8985812027988,9962450
3908,2023-08-11,165.43804931640625,166.7585685103575,164.4222610818254,166.25067439306707,23866073
3909,2023-08-14,165.5734405517578,166.11519965147772,163.03397060464496,165.81045499132043,9188486
3910,2023-08-16,167.9774932861328,168.38380576008134,164.59153304071597,165.6411724502907,9191471
3911,2023-08-17,165.0316925048828,168.48538288626898,164.01590445800622,167.97748886283068,15301142
3912,2023-08-18,163.20327758789062,164.99783920483563,162.59380201152157,164.99783920483563,12292241
3913,2023-08-21,167.40185546875,167.74045146587733,163.67729950034936,164.08362571890726,9129526
3914,2023-08-22,167.80819702148438,169.39959559790228,167.06327473772876,167.94362992170852,11107830
3915,2023-08-23,169.0271453857422,169.29802498121384,167.40188159042083,169.29802498121384,8487619
3916,2023-08-24,166.79241943359375,171.09258650516654,166.4538233842178,169.29802468797234,18982087
3917,2023-08-25,163.88047790527344,167.53731777105793,163.4741654262991,166.69082769923318,12851343
3918,2023-08-28,168.28224182128906,168.62083788129166,164.25295421826178,164.55768516126054,11908665
3919,2023-08-29,170.0767822265625,171.3295847349331,168.3499370275198,169.0271290620452,12363321
3920,2023-08-30,167.33413696289062,170.38150089948618,166.8939594165478,170.17835157021688,6748007
3921,2023-08-31,165.60731506347656,169.02712651989197,164.93012303913605,167.84204047729608,20715819
3922,2023-09-01,170.787841796875,171.05872139188168,166.04749710553818,167.2664483943139,13120723
3923,2023-09-04,172.9548797607422,173.69978837840299,169.83979859210902,171.73592836638107,10240031
3924,2023-09-05,172.20997619628906,174.0383895639727,171.32962085480577,172.88716837358078,10893186
3925,2023-09-06,172.3453826904297,174.20766089238916,170.75398407334777,173.83519974099406,10018473
3926,2023-09-07,174.0383758544922,174.51240483025177,170.7539968088489,172.00679948264985,13760453
3927,2023-09-08,175.1557159423828,176.95027752233895,174.10606281707638,174.8848363831902,16781751
3928,2023-09-11,179.1173095703125,179.45590561864958,174.44468134775917,176.3069596136131,17683806
3929,2023-09-12,172.72911071777344,184.42195661941494,172.14220271172175,183.2933032741309,29826173
3930,2023-09-13,174.44467163085938,175.70877174074343,172.72912392584752,174.44467163085938,10692151
3931,2023-09-14,176.20535278320312,176.6568141162654,174.89611767282383,175.3475790058861,10941807
3932,2023-09-15,175.25732421875,177.15345386716623,173.54176260064907,177.10830497083302,20516593
3933,2023-09-18,180.6748504638672,181.03601405821703,175.2573138835714,176.29566955045826,25627043
3934,2023-09-20,184.78314208984375,185.9569444636259,179.1850235889308,179.41075428475395,33369524
3935,2023-09-21,182.02923583984375,185.5957780238209,180.94571749445132,185.09916774510071,20332556
3936,2023-09-22,179.81704711914062,183.20300718624097,177.33400973660034,181.08114714402882,21193988
3937,2023-09-25,179.59132385253906,181.17143861566726,177.60489662010795,180.5845443575083,11951847
3938,2023-09-26,179.0947265625,180.6296924270517,178.41753452424126,179.77191860075874,7440011
3939,2023-09-27,179.99765014648438,180.2233808269904,178.14665581083375,179.95250125488172,6736870
3940,2023-09-28,181.26174926757812,184.60256081987242,178.59812980470193,180.67485496775242,50185120
3941,2023-09-29,180.35882568359375,182.30010415366542,179.77193138636508,181.4423302663665,16293959
3942,2023-10-03,180.17825317382812,180.58456569113136,177.78549941191525,179.4559121555618,10830728
3943,2023-10-04,179.68161010742188,180.04277366196183,176.43108300653628,179.59131233003365,14120040
3944,2023-10-05,177.51461791992188,180.13308838036264,176.3859644839547,180.13308838036264,14575590
3945,2023-10-06,177.92091369628906,178.28207725088564,175.93448659099496,177.87576480758787,12857229
3946,2023-10-09,177.19859313964844,177.78548742757908,174.94128622067203,177.42432383154608,7853369
3947,2023-10-10,178.7335662841797,179.2753254775464,176.70198997531745,177.1986002729855,7440527
3948,2023-10-11,179.23016357421875,179.81705784318166,178.19180793605125,178.19180793605125,10031916
3949,2023-10-12,181.26174926757812,182.39040274994161,178.19181730655274,178.19181730655274,21872719
3950,2023-10-13,182.20982360839844,182.75156902133702,179.95251661071637,180.99087231864672,13105921
3951,2023-10-16,183.33847045898438,184.06081142755068,180.67485105380993,180.85543285157448,18336656
3952,2023-10-17,187.0404510498047,188.71086372777643,182.93216336386226,183.78993726166863,19378328
3953,2023-10-18,186.45355224609375,188.21424889436878,184.19624531817493,188.21424889436878,14923328
3954,2023-10-19,185.82150268554688,187.26617080333807,182.5709753098783,184.19623899771258,13192888
3955,2023-10-20,183.15789794921875,185.2797582911917,181.3971874435809,185.2797582911917,22081120
3956,2023-10-23,180.35882568359375,185.23460319482527,179.68163359717224,182.39040194285826,6988219
3957,2023-10-25,180.13308715820312,180.99086100821685,178.59812125120368,179.68162578687932,16817158
3958,2023-10-26,179.63648986816406,180.58456157191836,177.2437499383396,179.45590806209387,11070090
3959,2023-10-27,181.44232177734375,182.20981161705004,179.81705809047062,179.90735587543875,9995487
3960,2023-10-30,181.35205078125,182.57098830072857,178.46268678505945,181.4423347951881,7679981
3961,2023-10-31,182.5258331298828,183.24817410409682,181.08116495896292,181.93893883818225,7474770
3962,2023-11-01,181.44232177734375,182.70642187935957,181.03600930000238,182.70642187935957,5598615
3963,2023-11-02,183.38360595703125,183.8802024202315,181.3971649942021,182.1646548005231,12924797
3964,2023-11-03,184.55740356445312,186.45354683993008,183.38361501797547,183.6544808194656,8684015
3965,2023-11-06,187.98851013183594,188.6657021811419,185.05401125151008,185.09916014363196,9804415
3966,2023-11-07,187.8079376220703,188.8011581878057,185.77636137375464,187.9885194219745,10730361
3967,2023-11-08,186.90499877929688,189.2526033087836,186.58897032349816,188.71084417813066,7435543
3968,2023-11-09,189.43319702148438,190.06524019537358,186.09238557877748,187.17589013080297,13777877
3969,2023-11-10,190.6521453857422,192.32255809143655,189.25262605544054,190.06525107158402,12066023
3970,2023-11-13,191.69053649902344,194.21872340187292,190.24585433239224,191.4196568705913,11352269
3971,2023-11-15,189.7492218017578,194.12840291336505,189.4332070867761,194.12840291336505,19182861
3972,2023-11-16,190.71566772460938,192.23440615334738,189.33500408657673,190.25544651193184,27533260
3973,2023-11-17,192.83270263671875,193.93723082137438,190.4395465326,191.17590333731636,16705395
3974,2023-11-20,192.6486053466797,194.3974403633443,192.2344090579788,193.38496210705736,11156900
3975,2023-11-21,192.32644653320312,193.43097466087414,191.40600408600443,193.29291391172922,9608081
3976,2023-11-22,194.765625,195.68606743564303,191.6361122919115,191.6361122919115,13079580
3977,2023-11-23,194.1212921142578,196.1462765839381,192.60256780683372,195.17980927701544,11382709
3978,2023-11-24,193.70712280273438,195.22586136629346,192.8327052299908,194.48950455167432,7250200
3979,2023-11-28,193.47698974609375,197.3888699476114,192.83268287481107,197.3888699476114,15629209
3980,2023-11-29,194.25938415527344,194.627555521648,192.46452416573203,193.5690523096931,10062023
3981,2023-11-30,192.32644653320312,195.870155572853,191.68213962913146,193.66108527267383,60354322
3982,2023-12-01,193.47698974609375,195.54798514689722,192.78665794582594,194.67356767552528,20719909
3983,2023-12-04,195.96218872070312,197.066730878162,194.8576606080812,194.8576606080812,27914088
3984,2023-12-05,204.61436462402344,205.4887821646929,194.7196080360259,196.69855373569038,40709207
3985,2023-12-06,206.5472869873047,208.25011119400844,204.7984518924503,208.02000057390455,29544730
3986,2023-12-07,211.70179748535156,213.91085410204553,206.40925254821778,207.09958449653956,24534268
3987,2023-12-08,210.41317749023438,214.83129059813842,208.43421753434825,213.3585909104501,22206320
3988,2023-12-11,212.57620239257812,214.37106254157973,208.52626082330073,209.86089970102816,19106395
3989,2023-12-12,212.94436645507812,214.73922642386054,211.2415423044062,211.70176352947027,14355329
3990,2023-12-13,218.09886169433594,218.60510791109783,212.25405986761623,212.62223127353096,26878281
3991,2023-12-14,213.63470458984375,218.69713821477052,212.71426211258435,218.37497772979467,29972018
3992,2023-12-15,218.46702575683594,219.15735760897064,209.07850133193375,216.30398033554548,41341690
3993,2023-12-18,213.40460205078125,218.05282550106932,213.0364166190341,218.05282550106932,29051897
3994,2023-12-19,214.96934509277344,215.75171277780075,212.48415319325767,213.680717187398,12612164
3995,2023-12-20,209.0784912109375,216.67214121682875,208.20407371619618,216.25794493456567,20400245
3996,2023-12-21,213.8648223876953,214.64719009272403,204.98254375709897,206.59331814636982,17755207
3997,2023-12-22,213.3125457763672,215.56762705435582,212.16199267077727,214.46309888195708,9735375
3998,2023-12-26,214.78524780273438,217.04032895928128,212.66822739348828,213.54264489767948,6772092
3999,2023-12-27,215.42955017089844,217.08634932787464,214.00286161781236,216.30396765671355,10231881
4000,2023-12-28,220.07781982421875,220.86018756659757,215.47560706373605,216.39604961583257,39164340
4001,2023-12-29,218.32896423339844,219.29543169411352,216.0738828549555,218.881235366618,12665999
4002,2024-01-01,219.29541015625,220.44596320009182,217.5925860334293,218.9732496860395,5952776
4003,2024-01-02,218.92726135253906,220.9982570447941,217.36249781585343,220.90620717386963,9128513
4004,2024-01-03,218.19091796875,219.7096426187478,215.93583644048323,217.22445044382445,8284439
4005,2024-01-04,222.2408447265625,223.75958331885636,218.19090323678884,219.06532082607654,19663959
4006,2024-01-05,222.05674743652344,225.50840672310153,220.26188741647036,222.74707929383905,16345257
4007,2024-01-08,223.0692596435547,225.73853744494778,221.2743854188247,223.11527053560306,13585746
4008,2024-01-09,223.02320861816406,225.1862399504512,222.28685184862147,223.29934416234718,8688409
4009,2024-01-10,220.1238250732422,222.83914176819286,219.0653217834006,221.82664936890563,16872195
4010,2024-01-11,222.7010498046875,223.7595670578172,220.1698330463178,221.13630043575367,18812468
4011,2024-01-12,220.4459686279297,223.34535675186524,219.8016617164815,223.20729600113967,11296498
4012,2024-01-15,221.96470642089844,222.28686691842563,218.14487560938665,221.27437453605862,12597366
4013,2024-01-16,220.03179931640625,223.11527350109003,218.78919622812953,222.42494157312274,7478450
4014,2024-01-17,220.1698455810547,222.01073060103815,218.7891818160671,219.5255386330281,13620300
4015,2024-01-18,214.87728881835938,216.94828434700142,208.06602025320493,209.17054839284654,25522629
4016,2024-01-19,216.6721649169922,218.09885364069706,213.91083734008146,216.30399352467276,20931080
4017,2024-01-23,219.019287109375,227.16520874234408,217.45453768946598,221.82663950544466,27492163
4018,2024-01-24,226.6129608154297,227.34931768978956,216.3040067089091,217.36251005997445,28309825
4019,2024-01-25,225.9686279296875,228.9140410448544,223.75957160452174,225.2782960724685,20651484
4020,2024-01-29,233.74636840820312,234.71283583531613,225.64647165668347,225.9226072136926,26181011
4021,2024-01-30,233.88442993164062,236.50769650704913,231.49127396653682,233.7923800695839,16031367
4022,2024-01-31,238.6707000732422,239.31502098098306,232.31965321129675,233.7923666506527,34369455
4023,2024-02-01,244.65362548828125,249.3939272268763,237.7503061676223,238.3946272067551,29929092
4024,2024-02-02,255.0545654296875,259.0124560602597,242.95075487467102,243.45698690078967,33900724
4025,2024-02-05,260.3931579589844,266.37603375696943,253.02961851531043,255.42277445243923,27440927
4026,2024-02-06,252.43133544921875,260.39315681992844,250.63646148180516,260.39315681992844,29668277
4027,2024-02-07,246.632568359375,252.56940537176393,245.57403705877903,250.4523989499213,27335466
4028,2024-02-08,254.2262420654297,265.1334637476715,249.25582985263208,249.25582985263208,69776717
4029,2024-02-09,251.28082275390625,257.2176885933039,247.69110233250035,256.4353067873066,24496638
4030,2024-02-12,248.79562377929688,254.04215784012763,245.06784248164485,251.46492979356313,19140023
4031,2024-02-13,248.7495880126953,249.30185913593164,243.22693295968452,248.79559890226662,22031847
4032,2024-02-14,251.8790740966797,253.121677038257,245.75813734259862,248.05924349749185,13546941
4033,2024-02-15,263.5769958496094,265.1679211829919,253.93794064424642,254.54622554489833,25475670
4034,2024-02-16,256.9325866699219,264.74678722455343,255.76279702280092,263.90454439048983,25129188
4035,2024-02-19,258.6170959472656,260.4419506262549,255.7627921273332,257.4473063225352,11429901
4036,2024-02-20,269.4259338378906,270.22139647444055,259.88046787724045,260.48875275484346,43053543
4037,2024-02-21,262.1264343261719,270.8764654130571,261.3309717620344,269.09836254287427,24651085
4038,2024-02-22,264.4660339355469,265.3082767212113,255.71600216603525,262.12645477574785,26793590
4039,2024-02-23,263.8577575683594,266.89921057410527,261.09704264710945,264.4192337373513,14313526
4040,2024-02-26,269.33233642578125,272.79492494138776,263.9513044586698,264.7935757879309,31012494
4041,2024-02-27,273.73077392578125,274.57301674907404,265.86979330951965,265.86979330951965,36510093
4042,2024-02-28,261.61175537109375,274.8069888125478,260.5355545660051,272.7949562535875,18824161
4043,2024-02-29,264.6999816894531,266.7120139777734,256.7921930091932,261.6585288984785,35043015
4044,2024-03-01,269.23876953125,270.8296661557682,266.33768578625074,266.7120127238247,15149735
4045,2024-03-04,275.7427978515625,277.94200800386034,269.5195229128343,269.5195229128343,23131460
4046,2024-03-05,276.0703430175781,276.4914786933653,271.15722674353646,273.3096281636759,13220556
4047,2024-03-06,274.8537902832031,275.9767712226256,268.1157904093969,271.67193955654477,15969436
4048,2024-03-07,273.8711242675781,279.7200720289706,272.32700777043357,275.134502695902,14908694
4049,2024-03-11,267.2267150878906,273.21606046966036,266.1505144068685,269.89384099081695,19020659
4050,2024-03-12,266.8524169921875,270.1278281072644,264.6064265108556,266.61845905539633,17906155
4051,2024-03-13,247.3402862548828,265.68259175675985,245.00070720003407,265.12108707173326,39389523
4052,2024-03-14,249.25877380371094,251.17721732493757,243.97133052094708,247.10634380305163,26005940
4053,2024-03-15,248.8844451904297,254.5462153959138,241.1170251585676,250.89647757820327,43817794
4054,2024-03-18,247.9017791748047,249.53948443547537,242.84829436802633,248.88441946679507,12423655
4055,2024-03-19,242.3804168701172,249.39915481037153,241.725323238633,245.32828109316046,20031514
4056,2024-03-20,247.6678466796875,248.13576251643707,242.33362327633205,243.2694549498312,11308487
4057,2024-03-21,256.1838684082031,256.88574202028036,249.96059475964674,250.6156596619993,23559105
4058,2024-03-22,258.0555725097656,260.39515158963655,253.93791904105572,256.18390924586885,22097588
4059,2024-03-26,252.7213134765625,256.5114486119516,249.0247957728392,252.76812219239542,28477120
4060,2024-03-27,252.9085235595703,255.29488303344507,251.9259116725202,253.61039735298263,18094214
4061,2024-03-28,259.1318054199219,261.5649736776239,254.2186887408252,254.54623556462866,26646830
4062,2024-04-01,262.1732177734375,263.53018502102066,259.8336387667866,262.7347224468965,8945400
4063,2024-04-02,261.61175537109375,263.6238164893727,260.62914345325595,261.3310172686597,13229425
4064,2024-04-03,262.1264343261719,264.93392909890633,260.67587822467084,262.173214481992,14499308
4065,2024-04-04,259.83367919921875,268.30297365678103,257.4005109418164,264.65320699101824,23722104
4066,2024-04-05,260.5355224609375,261.9860786362818,257.4940696356444,261.9860786362818,9308711
4067,2024-04-08,263.6705627441406,265.9633616699896,261.1438059099118,262.54755336019116,14473340
4068,2024-04-09,263.1558837890625,266.1037479134396,262.96870602652683,264.7000003723727,5780865
4069,2024-04-10,264.4192810058594,267.03962735328355,262.03292118309923,262.03292118309923,8809693
4070,2024-04-12,257.5876770019531,266.1973401183883,257.02617226665217,263.4366251627604,17731780
4071,2024-04-15,256.46466064453125,258.47672160527304,251.17721736100808,252.9085116819802,13378690
4072,2024-04-16,256.6518249511719,257.86839464845417,253.84433005653736,255.4820354117408,9662195
4073,2024-04-18,262.1264343261719,271.29757249337905,259.88044421984705,269.42590931155604,51039603
4074,2024-04-19,263.5769958496094,264.1385005884101,257.07298258984304,260.25480469729075,18755469
4075,2024-04-22,265.4486083984375,266.4312486428412,263.6237540462225,265.7761551465721,14965203
4076,2024-04-23,267.03961181640625,268.72409764513367,262.6879996260936,265.44868632091465,11464036
4077,2024-04-24,271.7655029296875,273.1224702333387,266.15051308172156,266.7120177783812,19324163
4078,2024-04-25,274.47943115234375,275.6024406363888,270.68932412249734,273.26286134405956,22022414
4079,2024-04-26,273.4967956542969,277.1465333232782,272.74814176913173,275.36845892652474,15581578
4080,2024-04-29,274.8537902832031,275.69603312759943,271.01687448171117,273.5436030149001,9804396
4081,2024-04-30,282.48077392578125,284.82035292374314,274.24543871736705,274.8537521042883,33288857
4082,2024-05-02,293.4768371582031,296.89261727152814,282.4808142962947,282.57440318145115,44059506
4083,2024-05-03,290.90325927734375,295.81637518925874,288.4700913995802,291.9794599080909,27074447
4084,2024-05-06,287.15997314453125,290.8564913563709,283.6506041438061,290.2950151637093,16855909
4085,2024-05-07,276.3043212890625,288.51691407472475,275.6024474839252,287.300344236214,13857464
4086,2024-05-08,282.62115478515625,283.41661738962654,273.2628384015418,273.2628384015418,18754452
4087,2024-05-09,277.1465148925781,284.82034522211603,276.3042721879491,283.323008992046,11196567
4088,2024-05-10,284.25885009765625,284.91394364506374,277.24011305820795,277.24011305820795,11786977
4089,2024-05-13,286.8791809082031,287.9086014351539,278.5035047755792,284.6799993779683,11710605
4090,2024-05-14,289.40594482421875,292.91531359734995,288.0021973149663,288.236155233175,9957875
4091,2024-05-15,294.6465759277344,296.003514570495,289.03158650008555,290.10778709518894,11397656
4092,2024-05-16,292.4473876953125,295.34847149311304,285.7093884590864,294.3190509765625,19843532
4093,2024-05-17,293.0556945800781,295.72282066822146,290.80970418560065,294.693400074285,9069551
4094,2024-05-21,304.75360107421875,306.4381153454307,291.04367176561226,291.04367176561226,21976662
4095,2024-05-22,304.84716796875,306.7188313177523,299.6533135989951,306.7188313177523,10287081
4096,2024-05-23,299.37255859375,300.12124109803216,289.1719986571884,298.9514514594513,35705284
4097,2024-05-24,298.3431396484375,302.22686411743945,297.03298095785107,297.59448569933596,15058182
4098,2024-05-27,297.5477294921875,300.86992092784953,294.3190983882074,300.86992092784953,12857918
4099,2024-05-28,292.7281188964844,298.99820216530424,291.9794650252736,298.5302863559688,10935739
4100,2024-05-29,297.313720703125,298.24955233447344,289.2655629616654,289.2655629616654,16812268
4101,2024-05-30,287.01959228515625,297.26693220999215,284.30565752215614,294.41265696391986,22768893
4102,2024-05-31,290.1078186035156,291.51156611288746,286.08375383370947,288.75085125406304,36929443
4103,2024-06-03,315.9835510253906,326.3245078972354,304.7067910625215,313.50360286385313,55218939
4104,2024-06-04,276.9593811035156,313.4568145129152,261.7988973405007,313.4568145129152,73262478
4105,2024-06-05,279.62646484375,281.732085899981,261.28418871247743,277.28688589238226,45312613
4106,2024-06-06,281.1706237792969,291.4647716771544,278.9714137438007,283.93130994358796,36508044
4107,2024-06-07,289.4995422363281,290.71611202314534,277.75483726048566,278.9246268860088,38016104
4108,2024-06-10,295.5356140136719,302.60115987646884,291.60513834737,292.91529690280396,25478964
4109,2024-06-11,296.2375183105469,299.18541106374397,294.9273596198579,295.91000005736277,12238518
4110,2024-06-12,303.8177795410156,306.1105788097135,296.5650832967223,299.37257861709395,20346144
4111,2024-06-13,300.8231201171875,306.9060263436846,300.0744375998741,306.0169747791617,11756503
4112,2024-06-14,300.8699035644531,305.0811463826181,298.85787104097125,305.0811463826181,14159988
4113,2024-06-18,310.5089416503906,311.1640352535985,301.3378025613796,301.3378025613796,21653702
4114,2024-06-19,306.2976989746094,313.36324532959264,304.51962448556577,312.56778268574465,14235150
4115,2024-06-20,303.72418212890625,307.23355118089324,301.61856069771403,306.48489720686337,11749507
4116,2024-06-21,305.03436279296875,308.4501428841355,302.2736477750116,305.736236588112,17209541
4117,2024-06-24,311.5851745605469,312.5677864174738,301.85250207614206,302.36722664445557,18044357
4118,2024-06-25,306.3912658691406,313.50359187427057,304.8939295692215,313.50359187427057,13979671
4119,2024-06-26,305.7362060546875,309.0116167715787,304.0985006962419,304.80037442129,12946277
4120,2024-06-27,310.2749938964844,311.1640454500687,303.5370226794719,307.46749874956646,27061015
4121,2024-06-28,309.7135009765625,315.7028179211071,308.4501225168633,311.63194446621674,21676594
4122,2024-07-01,308.4501037597656,310.46213600543615,304.37923055242834,309.76026229931983,11959181
4123,2024-07-02,309.5731201171875,312.94212000543337,306.9995828991176,308.8712463304412,12684459
4124,2024-07-03,313.6439514160156,315.28165669715474,307.9821817249457,309.85384490339044,9369793
4125,2024-07-04,313.50360107421875,316.9661895844363,312.47418055285823,315.3752643642141,12878827
4126,2024-07-05,317.62127685546875,318.0891927107536,311.4915905749646,313.50362304082586,10894118
4127,2024-07-08,317.62127685546875,319.11861330424364,315.23491741724314,319.11861330424364,7828162
4128,2024-07-09,319.2590026855469,320.3820122334923,316.40472721022104,318.182801861702,9214579
4129,2024-07-10,323.8445739746094,325.48227957913787,313.9715601824652,320.9902984875874,10662609
4130,2024-07-11,320.8030700683594,326.3712796685086,320.0544161910536,326.13732176193616,12642065
4131,2024-07-12,321.0838317871094,323.7041488769677,318.27633695112644,320.80306516792245,11380570
4132,2024-07-15,321.7857360839844,323.23626379673215,318.36995608737533,323.23626379673215,5277531
4133,2024-07-16,320.47552490234375,324.73354702023863,319.58647350839044,320.7562629429014,11363095
4134,2024-07-18,319.3525695800781,322.5812003885706,315.32850466916955,320.054443359375,13908161
4135,2024-07-19,310.8832702636719,319.91403953015185,309.7602609151782,317.7616097054247,12937990
4136,2024-07-22,316.87261962890625,317.62127356588127,308.35654543905974,308.82446128949834,10678640
4137,2024-07-23,312.8017578125,318.6507061635191,300.4955761938195,317.3405474447544,15954324
4138,2024-07-24,315.515625,317.05974146127835,309.10517269055066,309.66667737446494,12573882
4139,2024-07-25,317.6680908203125,320.61595504540355,309.2456052861565,309.2456052861565,16271884
4140,2024-07-26,322.1133117675781,323.376661829664,316.7790591702305,318.5103536840587,11468068
4141,2024-07-29,320.38201904296875,323.704210473996,316.0771870967742,317.99563084269363,31849674
4142,2024-07-30,327.3539123535156,334.0451317561641,321.27100639424725,322.8619316842441,25813219
4143,2024-07-31,325.8565368652344,328.1493068845351,320.6158747993445,325.90331701609966,17976593
4144,2024-08-01,337.9288330078125,339.2389916776005,327.6814644561692,328.6172961573488,26792459
4145,2024-08-02,335.26171875,337.8820361818206,331.2844338799721,335.02776081646897,13771470
4146,2024-08-05,320.8030700683594,332.03304958383495,319.58650037790875,330.1146061736671,13566586
4147,2024-08-06,318.8846435546875,328.289740473513,317.48089604087374,320.8030870665064,12273667
4148,2024-08-07,329.4595031738281,329.927418973569,321.3645655501737,323.6573643926296,12441847
4149,2024-08-08,320.6626892089844,332.2202150792375,319.35253069236563,332.2202150792375,15489731
4150,2024-08-09,323.7977600097656,326.5584748786621,322.20683473628014,325.57583448292706,8720610
4151,2024-08-12,319.2590026855469,321.73895116466394,317.71488597661124,320.9902971722464,12521136
4152,2024-08-13,315.3284606933594,320.4755343570572,313.64394672237944,315.375240848395,10435954
4153,2024-08-14,312.099853515625,316.63864270440195,311.1640218709005,315.3752642721608,12385993
4154,2024-08-16,319.5072326660156,320.40364735948657,311.9583318530998,314.2229963376203,13013828
4155,2024-08-19,321.11138916015625,323.94222725018443,320.16777646348015,323.32888475669984,5891370
4156,2024-08-20,321.30010986328125,323.32887131745395,319.69595682689925,321.2529407491177,6393840
4157,2024-08-21,317.6672058105469,321.72475764898724,317.1953994663171,320.8283140762411,10118601
4158,2024-08-22,315.1665954589844,318.65797345433384,311.86395149459383,317.05382058149326,18370039
4159,2024-08-23,317.2897033691406,317.95024363835614,314.5532328763887,315.7799176086253,7494822
4160,2024-08-26,319.17694091796875,322.24368166588715,316.9122765865521,317.4784498685986,7993675
4161,2024-08-27,316.44049072265625,322.1965333338851,316.1102205537682,319.8846709484401,9589690
4162,2024-08-28,315.5912170410156,319.7902754531152,314.93067676205817,316.4404625448405,8790600
4163,2024-08-29,314.50604248046875,316.95944080027215,310.2597861258444,313.7511639805764,17653536
4164,2024-08-30,318.3748779296875,321.6303528411853,315.21377003530586,316.11021350275325,22713812
4165,2024-09-02,316.6291809082031,320.73390127657825,315.3553269979917,319.31848244588133,9789776
4166,2024-09-03,315.77996826171875,318.89390729167116,315.16662579721645,317.05385110139144,8434423
4167,2024-09-04,314.1286315917969,315.82715156505975,312.33577339510674,312.52450743550423,9025610
4168,2024-09-05,312.5716857910156,315.4496928131749,311.0147307003922,313.60966545035535,13912371
4169,2024-09-06,311.2033996582031,314.31733827308625,306.6740710506246,314.2701403687094,23755639
4170,2024-09-09,310.0238952636719,310.63726646547246,305.30583246071376,309.22184762458505,18597200
4171,2024-09-10,315.30810546875,316.3932540649623,308.56128197393343,308.56128197393343,15472387
4172,2024-09-11,314.41168212890625,318.23330106029346,313.2793356620235,317.9030309410554,10134008
4173,2024-09-12,319.1297912597656,319.8846698173223,314.4588973941671,315.96868330605145,18410837
4174,2024-09-13,318.23333740234375,322.00778766063695,317.14818871243847,320.63953792329755,10417461
4175,2024-09-16,319.17694091796875,322.24368166588715,318.04459435387577,318.2333283801477,7748570
4176,2024-09-17,317.903076171875,320.8282809635439,315.638411712663,317.71437093172375,11451846
4177,2024-09-18,315.44964599609375,319.7902692384509,314.31732827858843,319.4128299992825,6583254
4178,2024-09-19,316.015869140625,319.27134428550585,314.31737789785313,317.2425828575359,10589610
4179,2024-09-20,321.63037109375,323.61196337856205,315.87432828425676,319.08260547088133,31236123
4180,2024-09-23,321.9134521484375,323.18733499463224,321.0642065165653,322.71552866617293,6542941
4181,2024-09-24,330.3115539550781,331.20799737551437,323.0457547664972,325.1216850503336,26145769
4182,2024-09-25,343.2391052246094,345.5981368756376,332.4819266552752,333.89734564589213,40770462
4183,2024-09-26,344.84326171875,345.4566041948038,337.0584571924117,343.52218094352844,18733959
4184,2024-09-27,334.2747497558594,342.8144319147534,333.42550421025845,341.7764811350023,33148043
4185,2024-09-30,332.95367431640625,337.2942975488006,329.98130071922105,334.2747260488477,16356171
4186,2024-10-01,331.0193176269531,335.92611509651056,330.2172698839451,331.302418709874,9856291
4187,2024-10-03,324.7442626953125,330.17003501440104,323.2816747193099,323.6591139908489,19350466
4188,2024-10-04,319.74310302734375,327.85817632839644,318.7051235126565,323.6590891631123,20121706
4189,2024-10-07,310.4013671875,320.8282745930665,306.6740860080783,320.8282745930665,13851446
4190,2024-10-08,308.7028503417969,312.3357645406724,304.17352146837453,308.8443864696968,21148292
4191,2024-10-09,311.15625,313.09064428114004,307.14589651250947,308.5613153904473,9228363
4192,2024-10-10,315.4968566894531,319.0354036940527,311.4865034175736,311.5808704303834,20773976
4193,2024-10-11,311.4393615722656,316.4405261837106,310.9203861035491,315.5912805090952,6098468
4194,2024-10-14,312.052734375,312.80761302346593,309.31623448156813,311.43936307675,5944216
4195,2024-10-15,311.2505798339844,314.64759049456165,309.03308476410984,314.64759049456165,12415489
4196,2024-10-16,308.75006103515625,313.892732540298,306.62693263842027,312.9963178286282,22085298
4197,2024-10-17,312.4773254394531,313.1850349318255,306.2966740581104,309.9767576590921,17039729
4198,2024-10-18,313.3265686035156,315.0250886498973,309.7408520557755,312.80759316523864,10569021
4199,2024-10-21,312.4773254394531,314.9307241056986,310.8732012014729,314.2230146133262,8745904
4200,2024-10-22,304.5509948730469,316.7235927817395,302.9468417856799,314.1286578912643,11219831
4201,2024-10-23,299.0308532714844,303.74891668314166,296.15284610908293,301.20117971891096,12541589
4202,2024-10-24,301.1539306640625,302.71088556614893,297.4738475872849,297.4738475872849,8327779
4203,2024-10-25,297.9928283691406,303.3714313614416,295.58662791281984,303.3714313614416,12979410
4204,2024-10-28,300.35186767578125,302.3806577262924,293.2276043345509,296.7661514504143,9610615
4205,2024-10-29,302.4749755859375,303.08834674881774,296.43586134070614,298.2759172358104,15856332
4206,2024-10-30,300.4934387207031,307.0515288976693,298.8892858101173,300.5877769416323,14498110
4207,2024-10-31,302.7109375,304.5038246369687,299.9272973603423,302.33349818576534,9900390
