Date,Close,High,Low,Open,Volume
,POWERGRID.NS,POWERGRID.NS,POWERGRID.NS,POWERGRID.NS,POWERGRID.NS
2007-10-05,30.896238327026367,33.62960397118596,25.53699973003256,27.579346285698307,855215656
2007-10-08,29.31456756591797,31.940440009912148,29.13029501157929,31.940440009912148,126671715
2007-10-09,31.310842514038086,31.58724924482206,27.748255301780677,29.329919973198724,116725709
2007-10-10,31.602619171142578,32.24757126289272,31.326212321985892,32.1247221544321,67931378
2007-10-11,35.13449478149414,36.85436562149196,31.326212027941192,36.85436562149196,106320954
2007-10-12,34.904144287109375,36.209402372050526,34.09027831431998,34.397397863717906,99410791
2007-10-15,35.364830017089844,35.840867904230045,35.05771041206116,35.62588251447947,41814972
2007-10-16,38.973480224609375,39.587723519051465,35.165198458752826,35.41089244406911,138614496
2007-10-17,42.01396942138672,42.996749579138005,32.58539455584572,35.011640490226284,204876259
2007-10-18,40.539794921875,45.899033527560846,38.804570041069134,42.689632089564846,146617799
2007-10-19,40.4015998840332,42.044690807885196,38.3899637221965,39.61844229470987,110266491
2007-10-22,39.8641242980957,41.1079566807392,38.543507870317065,39.58771756479438,72253405
2007-10-23,42.70498275756836,43.08888218158015,40.846907046006045,40.846907046006045,74594921
2007-10-24,42.044677734375,44.07166758185854,41.56863993620077,43.6109840948357,63055170
2007-10-25,41.95252990722656,42.93531390418463,37.05397256127308,40.61655934327793,34522489
2007-10-26,43.21173095703125,43.90274994892331,41.5379277326625,42.689626052482595,62370025
2007-10-29,44.08702850341797,45.146592767848155,43.703129011316605,43.9181143931238,43657697
2007-10-30,45.06981658935547,46.2829365851774,43.36530020439411,44.6859170655682,79921711
2007-10-31,46.006526947021484,47.02002412717177,45.14659373256927,45.300153532691176,44655368
2007-11-01,44.97766876220703,47.496050775802026,44.609127796084344,47.14286412117695,50632492
2007-11-02,45.79155731201172,46.06796837977204,42.99676715532515,43.3499581495572,32001693
2007-11-05,46.72825241088867,47.75710376325044,45.4844157017078,45.760826636353954,38833135
2007-11-06,47.342491149902344,50.336906816404685,46.69753925015596,47.54211802788739,81880281
2007-11-07,46.65147399902344,48.89344517708875,45.60726830191871,48.21778462746839,33593141
2007-11-08,45.85295486450195,47.09679141165494,44.839462121406974,45.45370115736152,27990521
2007-11-12,46.95858383178711,47.78780815893321,43.25779130872382,44.47091501592369,35153735
2007-11-13,48.0795783996582,49.047004189621056,46.2368610223668,47.75710452486248,43830531
2007-11-14,47.44997024536133,49.599806518762406,47.204272171913715,48.92414202374946,36738579
2007-11-15,48.24849319458008,49.093071931868636,47.34248888289493,48.34062739059959,29242252
2007-11-16,47.91067123413086,49.00094417378354,47.35785344166123,48.03351824393202,18895294
2007-11-19,49.6458854675293,51.44253561554027,48.63239264843356,49.00093359829775,40716718
2007-11-20,48.87808609008789,50.82829598765868,48.27920132532411,49.446258067965644,26342171
2007-11-21,45.06981658935547,49.46162547525133,43.97953944245375,49.16986433651886,26814499
2007-11-22,43.518856048583984,46.40578353687611,41.630071396767015,44.59377461724457,34096185
2007-11-23,46.405792236328125,46.68219908697076,43.79527105748128,46.37507943835076,27664090
2007-11-26,46.77431106567383,48.125636043686825,46.405770161983845,48.125636043686825,20159123
2007-11-27,45.62263488769531,47.572845500435,45.14660109590753,47.572845500435,20573198
2007-11-28,44.94695281982422,46.83574128027682,44.63983328681733,46.62075594094189,16435311
2007-11-29,43.73384475708008,46.31364868509624,43.165672637287045,46.06795465979046,25530967
2007-11-30,45.42298889160156,45.69939562782523,43.91810406942817,44.532343112403034,18437721
2007-12-03,46.06794738769531,46.636119417799065,45.62262235085234,45.97580901856795,16851227
2007-12-04,45.469058990478516,46.75896273216917,45.1312266614095,46.375063304948775,14008727
2007-12-05,47.281063079833984,47.44998132581998,45.45370432006521,45.54583851563914,27725290
2007-12-06,46.405792236328125,49.03166356579841,45.806907255288394,48.30993155842604,24104710
2007-12-07,46.20615005493164,47.357848461151725,45.37692970179868,46.697542208034044,11742386
2007-12-10,46.25221633911133,46.82038415915534,45.65333156618744,46.65147007734367,8330010
2007-12-11,46.037235260009766,46.927881180927656,45.8068955822426,46.666828713009714,11685950
2007-12-12,46.006526947021484,46.42113924046586,45.14659373256927,45.45371333281309,16342131
2007-12-13,45.23870849609375,46.682171662855225,45.06979445481448,46.06793272645875,14620172
2007-12-14,44.793399810791016,45.49977734261516,44.56306012628713,45.08516507739297,10991851
2007-12-17,42.09074020385742,45.300140789836696,41.461142701116636,45.05444267941041,19355678
2007-12-18,41.90646743774414,43.30385955204663,40.60120951087314,41.614702234919456,21607783
2007-12-19,41.138675689697266,43.62634499692779,40.785489023400956,43.25779985305079,19526912
2007-12-20,40.724056243896484,42.013959853825206,40.53978370453881,41.6761275592653,17105204
2007-12-24,41.96791458129883,42.62822103887508,41.00048428805629,41.338316758269784,16711519
2007-12-26,43.242435455322266,43.764540259778066,42.1982300119854,42.1982300119854,20930094
2007-12-27,43.549560546875,44.74732589072666,43.18101544157822,44.13308682561553,44565277
2007-12-28,43.88740539550781,44.07167800076541,42.99675516435882,43.45743459471459,18354518
2007-12-31,44.20987319946289,44.47092567357681,43.672413938583134,44.225231677690694,11982308
2008-01-01,45.02373123168945,45.43834342081418,44.02559278203646,44.44020497116119,16687746
2008-01-02,44.77806091308594,45.36158748159538,44.11775442331006,45.0237549949076,13437280
2008-01-03,46.620765686035156,46.80503827747266,43.96418200333749,44.50164129844414,31815218
2008-01-04,46.375064849853516,47.91066260989083,46.067945297846045,47.2964235058759,28011310
2008-01-07,45.99116897583008,47.0507290130649,45.4997768214023,46.08330318234586,15858063
2008-01-08,44.42485809326172,46.682187797845415,43.88739883815017,46.03723585859639,13282666
2008-01-09,43.718467712402344,44.67053894593334,43.61097505988561,44.470912114444886,13113527
2008-01-10,42.67428970336914,45.14660563656342,42.38252433997605,43.91812691167004,18023003
2008-01-11,43.319217681884766,43.73382985317328,41.614701903381956,43.257792113703154,11629440
2008-01-14,43.97953414916992,44.44021352226825,42.704988716713046,43.39600777636055,10264240
2008-01-15,42.64356994628906,44.870187271961726,42.29038320360803,44.68591882574664,11558334
2008-01-16,41.76826477050781,42.68962336843481,40.708704882236916,42.33643673901118,14834065
2008-01-17,42.88925552368164,43.84132693299592,41.03117980304443,41.92182563798667,16169395
2008-01-18,40.89297103881836,42.58212820414808,40.53978029906246,42.536056948997576,13254156
2008-01-21,33.93671798706055,40.53978819160406,29.56026239661027,40.53978819160406,33202389
2008-01-22,30.527685165405273,32.24755516287913,24.24708985432898,30.589108647574903,58755707
2008-01-23,33.93671798706055,35.24197605074938,31.0190823152855,31.0190823152855,28425991
2008-01-24,34.01349639892578,36.42438555106599,32.401118860724246,35.76407939234612,29911930
2008-01-25,35.76409149169922,35.93300562471179,34.32062754102647,35.625885989724104,12550722
2008-01-28,36.14798355102539,36.42439033216919,32.40112311372923,35.27269193942354,13601109
2008-01-29,35.54909896850586,36.76222295022257,35.011639714809355,36.240118008972786,7679877
2008-01-30,33.58353042602539,35.779434275320774,33.13820543259315,35.62587450732004,9016102
2008-01-31,31.387630462646484,34.028859807633005,31.01908736591973,33.9367235127543,41538563
2008-02-01,32.4779052734375,32.70824496806364,31.63332639314166,31.925089589777162,9089201
2008-02-04,34.15169906616211,34.55095486488725,33.09213712235169,33.09213712235169,12009385
2008-02-05,35.21126174926758,35.67194104605649,33.47603723114441,34.213123272891615,14593303
2008-02-06,34.904144287109375,35.31875651191166,32.953936398105235,34.24383808901894,12429218
2008-02-07,33.26105499267578,35.610520727796235,33.04607173082633,34.428109663442704,11300078
2008-02-08,32.401123046875,33.752448325126515,31.802238217652647,33.476041544553034,13514197
2008-02-11,30.113075256347656,32.86179659512512,29.790599347480118,32.86179659512512,15133331
2008-02-12,29.575624465942383,31.218715176892097,29.329928366717926,31.019088267840534,10237627
2008-02-13,29.14566421508789,30.48163353147548,28.546781274445962,30.097733943526997,10395753
2008-02-14,31.694744110107422,32.017220040282105,29.790601315852214,29.790601315852214,12514003
2008-02-15,32.60074234008789,32.86179474753865,30.727312561739538,31.57189118459066,12080990
2008-02-18,32.416481018066406,33.33784191714475,32.140074206294585,33.33784191714475,6977153
2008-02-19,32.063289642333984,33.076784609429694,31.81759357716111,33.00000471923741,7226542
2008-02-20,31.264772415161133,31.771520850372877,30.911585815930557,31.756164458496013,5604999
2008-02-21,31.479759216308594,32.01721837776252,31.095859815270078,31.771522344540358,3874365
2008-02-22,31.080522537231445,31.280149515427293,30.11309420197221,30.435570313725286,2691220
2008-02-25,31.341564178466797,31.725463707050142,30.589121519001083,31.449056879585427,6270186
2008-02-26,31.46440887451172,31.909731848797275,31.310849084565806,31.63332506000981,7139423
2008-02-27,33.307125091552734,34.950213532029665,31.925087034417515,31.925087034417515,43223132
2008-02-28,34.243839263916016,34.504891722975984,33.168920804143134,33.629600144045796,35763847
2008-02-29,33.75244140625,34.70451271357306,33.19962795842367,34.02885021295063,16477462
2008-03-03,32.33969497680664,33.41461547451935,31.971151936818476,32.278271483939896,10049153
2008-03-04,31.51047134399414,32.67752599249671,30.71196180338854,32.55467901172282,11485198
2008-03-05,32.09400177001953,32.247561547238995,30.742674480815563,31.664033144132357,8581053
2008-03-07,30.450908660888672,31.63331967531471,29.176361371621145,31.63331967531471,14251925
2008-03-10,30.342878341674805,30.55895127142991,28.59885858101879,30.497216447691954,11713659
2008-03-11,32.84315872192383,33.151834954873856,29.38598533155245,30.09593899266177,19665129
2008-03-12,32.00972366333008,33.9543837634292,31.701047523420506,33.73831088416131,12262350
2008-03-13,27.611080169677734,31.484967338697977,26.8548242210421,31.176291270410488,47000084
2008-03-14,29.509450912475586,29.63292055126798,27.811731865686095,28.382781561781382,35798540
2008-03-17,28.35191535949707,28.953833515375234,27.749997203618907,28.953833515375234,19211273
2008-03-18,28.59885597229004,29.15447352193841,27.842597647114687,28.30561192293094,12632937
2008-03-19,28.76862335205078,32.04058908329592,28.583416836189517,29.941590974692183,16449023
2008-03-24,29.04643440246582,29.84899327318553,28.41364784209192,29.84899327318553,11636914
2008-03-25,30.142242431640625,30.32744691999999,29.262514308563265,29.802697729631358,13232423
2008-03-26,29.957033157348633,30.682423094921567,29.632922715170412,29.94159892803642,11448313
2008-03-27,30.497207641601562,30.790451633035374,29.50944446697801,29.50944446697801,17425122
2008-03-28,30.558950424194336,30.790459670146095,29.756393551162457,30.63611947506343,11599511
2008-03-31,30.342878341674805,30.697857241520975,29.9415988473613,30.55895127142991,9914705
2008-04-01,30.40460777282715,30.836755649035805,30.01876257621808,30.558945851470774,6034588
2008-04-02,30.89849853515625,31.793660881188796,30.558953836084473,30.558953836084473,6087024
2008-04-03,30.65155029296875,31.11456454665859,30.404608938998656,30.975660689220486,3883474
2008-04-04,30.497207641601562,30.85218643894736,29.91072384542181,30.85218643894736,5906537
2008-04-07,30.373737335205078,30.682413451050273,30.018758545976777,30.543509617588715,4088729
2008-04-08,29.602039337158203,30.389163646263384,29.38596653100116,30.32742676449565,5753811
2008-04-09,29.679224014282227,29.94159752693397,29.33967935868063,29.6946582428722,3776374
2008-04-10,30.26570701599121,30.481779929521238,29.52488500007558,29.632920410168403,7075297
2008-04-11,30.40460777282715,30.713283930114404,30.095931615539893,30.558945851470774,4012660
2008-04-15,30.86762809753418,31.02196619615496,29.694658129347346,30.219407245989117,6362785
2008-04-16,30.450910568237305,31.39237327021283,30.32743884884632,31.176300377958817,4725794
2008-04-17,31.623868942260742,32.34925639607174,30.57436912737046,30.913913616111547,14831167
2008-04-21,32.1331901550293,32.68880757146741,31.793647690176563,32.10232380004842,7639361
2008-04-22,32.65794372558594,33.02835678430909,31.793652170816287,32.102328324189486,8814769
2008-04-23,32.688819885253906,33.07466516794056,32.25667400598271,32.71968834520669,5265604
2008-04-24,31.531282424926758,33.09009770594394,31.25347467293517,33.028362882539646,8801780
2008-04-25,31.79364776611328,32.24122770782771,31.361499955254224,32.10232387672239,4095990
2008-04-28,31.917116165161133,32.53446836301652,31.793646562927563,31.824512916814072,4708244
2008-04-29,32.364715576171875,32.67339186094821,31.94800384773084,32.10234199011901,6497143
2008-04-30,32.580780029296875,32.997493742014136,32.41100979178083,32.68881753802934,6331377
2008-05-02,32.87401580810547,33.80004418654856,32.81227890820077,33.074654452763895,5658418
2008-05-05,32.71968078613281,33.49137117322611,32.503605803071366,33.30616464298606,7642293
2008-05-06,32.441871643066406,33.09009241859592,32.256667202446685,32.45730586978743,5061166
2008-05-07,31.97886085510254,32.62708170063757,31.484980200101752,32.411008783240696,4303106
2008-05-08,31.5930118560791,31.91712224031359,31.40780741747666,31.731915708366977,3642073
2008-05-09,31.407800674438477,32.225791479339996,30.92935231408277,31.176293605880268,8621761
2008-05-12,31.407800674438477,31.639307742996685,30.713277375420134,31.407800674438477,4890395
2008-05-13,31.500410079956055,31.731917209166642,31.238036589523944,31.54671276180473,5056766
2008-05-14,31.54671859741211,31.716490942240394,30.86763131144361,30.86763131144361,2982486
2008-05-15,31.562143325805664,31.917120045390245,30.867622018783987,30.867622018783987,2646760
2008-05-16,31.809080123901367,31.90168337641352,31.423234982887283,31.79364799293589,4422288
2008-05-20,31.747350692749023,31.8708224147755,31.42324030077782,31.484977208463167,3464912
2008-05-21,31.9479923248291,32.41100658499507,31.021963804497158,31.021963804497158,3419088
2008-05-22,31.51583480834961,31.670172847972434,31.176292377185572,31.176292377185572,3558000
2008-05-23,30.991098403930664,31.76278891358929,30.867628759723075,31.330643065518252,4417028
2008-05-26,30.759597778320312,30.944804377277624,29.32425186976348,29.32425186976348,2605807
2008-05-27,29.83356475830078,31.14543871789318,29.694660875365805,30.805894032190235,3316550
2008-05-28,30.929349899291992,31.114554283672604,29.41683591346077,29.941584809221172,4505700
2008-05-29,31.43867301940918,31.793651848192724,30.528078794867245,31.25346858527109,11026212
2008-05-30,30.435482025146484,31.639320523955682,30.312012376043036,31.515848781507668,4023430
2008-06-02,29.139039993286133,30.867627501816468,28.70689206948135,30.250273025903294,4431595
2008-06-03,28.058677673339844,29.015572758649032,27.796302032737884,28.70689651951483,6240766
2008-06-04,27.194379806518555,28.228443800326257,27.024607481163738,27.93520183471943,5762089
2008-06-05,27.148073196411133,27.348713949492996,26.23747897450701,27.163507422547294,9721099
2008-06-06,26.854833602905273,27.98150290176799,26.46898838274906,27.009171690967758,6317089
2008-06-09,26.48442268371582,27.132643492714724,25.311452792517198,26.54615750044326,6500809
2008-06-10,26.29922103881836,26.515296077628115,25.697302800256853,26.237486210591864,6717902
2008-06-11,26.422687530517578,26.854833335450966,26.2374809893494,26.546157162400185,2586175
2008-06-12,26.607891082763672,26.7622291640943,25.31145161825526,26.083142024908387,3244212
2008-06-13,26.43812370300293,26.823968947704664,26.16031387081102,26.56159334396971,4248430
2008-06-16,27.36414909362793,27.78086065321922,26.577024467718807,26.669627734298263,4354615
2008-06-17,28.182126998901367,28.398199791734832,26.88568814855738,27.749981413234444,4736084
2008-06-18,28.151269912719727,28.76862428789177,28.08953510320574,28.08953510320574,5055019
2008-06-19,27.549348831176758,28.089532018454115,27.10176889467285,27.595651503235395,4221271
2008-06-20,26.916568756103516,27.888899979064572,26.56159198645787,27.780862478731905,3837789
2008-06-23,25.975101470947266,26.793094461652036,25.712728019597545,26.70049120509286,4516050
2008-06-24,25.17255210876465,26.360956377478793,24.910176487876207,25.975109014206854,5238203
2008-06-25,24.47802734375,24.987342194487063,23.922409810817754,24.694100247294685,3933879
2008-06-26,25.8670654296875,26.978300293654577,24.616926731060516,24.616926731060516,18253250
2008-06-27,24.724964141845703,25.558391404762084,24.586060295807666,25.002773927265853,6821283
2008-06-30,24.231094360351562,24.941050225959778,23.536572727476248,24.709543015001337,4596315
2008-07-01,22.51793670654297,24.23109019156882,21.653642848991264,24.23109019156882,6202295
2008-07-02,23.505693435668945,23.752634765623107,21.80797467058215,22.53336443482049,5245963
2008-07-03,22.88834571838379,23.505698119616106,22.22469272439683,23.305059426553388,4726793
2008-07-04,23.197021484375,23.644601548213572,22.37903040540604,22.533368502822405,4862814
2008-07-07,23.706331253051758,24.66322808788745,23.505692607042967,23.505692607042967,5528014
2008-07-08,24.400850296020508,25.002768220359705,21.91600539364217,21.91600539364217,8354280
2008-07-09,26.098575592041016,26.206610990235223,24.72496502824255,24.72496502824255,6860769
2008-07-10,27.24067497253418,27.564785330320568,25.373183952283075,26.098573700979088,7216175
2008-07-11,25.94424819946289,27.842606496326752,25.743607360166255,27.503063842151313,6040791
2008-07-14,25.95966911315918,26.885699652013393,25.311450457308567,25.311450457308567,5942149
2008-07-15,24.879302978515625,25.589258549731927,24.694098542553203,25.311450849116223,3693378
2008-07-16,24.200214385986328,25.311449307454684,23.783500767099692,24.879301463175207,6973872
2008-07-17,25.434921264648438,25.62012779971879,24.694099311055435,24.694099311055435,5038238
2008-07-18,26.854833602905273,27.070906507523894,25.141680406742832,25.89793661958015,5983177
2008-07-21,28.367341995239258,28.537114274109992,26.870262027029828,27.31784196707534,8754188
2008-07-22,29.52488136291504,29.78725483511395,28.12040445797035,28.367345797303063,12631056
2008-07-23,31.60845184326172,32.225804271137136,30.281143704660664,30.83676130841745,12798869
2008-07-24,30.497207641601562,32.19492631757277,28.598850323080423,28.598850323080423,10764301
2008-07-25,30.558950424194336,31.546715949994315,29.40141466115794,30.17310516984887,10710381
2008-07-28,30.31200408935547,31.160863451578308,29.972459507128736,30.55894332005419,5533881
2008-07-29,29.092731475830078,30.095928896374843,28.861224378781287,29.63291470227726,5145929
2008-07-30,30.31200408935547,30.55894332005419,29.355107243693944,29.355107243693944,7354746
2008-07-31,29.247068405151367,30.83675166584759,28.86122325838198,30.83675166584759,6006517
2008-08-01,30.095930099487305,30.21940181218894,27.780859036452295,28.7840564971008,4699412
2008-08-04,30.281139373779297,30.836756898070327,29.49401472214569,29.49401472214569,4301346
2008-08-05,31.639312744140625,31.870819849292563,30.095929949783677,30.40460608998626,9161115
2008-08-06,30.836753845214844,32.765979715408555,30.620680966421954,32.765979715408555,8616591
2008-08-07,30.759597778320312,31.454119384392836,29.80270050594909,29.80270050594909,4809365
2008-08-08,30.234844207763672,30.99110054070253,30.126806691624708,30.40461445691829,4883824
2008-08-11,30.51263999938965,30.96021993154466,30.28113292137735,30.620677473132908,2714705
2008-08-12,29.987897872924805,30.867625807124313,29.756390742171703,30.713285626611295,5801276
2008-08-13,30.111370086669922,30.40461205876032,29.401414406162733,29.632921556762177,2754609
2008-08-14,29.385982513427734,30.250274208126232,29.324245598082577,29.94159800477835,2566362
2008-08-18,29.04643440246582,29.941594448515765,28.768626689786657,29.32424211514498,2963058
2008-08-19,28.506250381469727,29.1699032855269,27.91976442376545,29.000133072868678,2941144
2008-08-20,28.830364227294922,29.061871374173307,28.629723443993665,28.706892492953127,3319410
2008-08-21,28.521692276000977,29.000140869420335,28.18214757271118,28.70689676505881,4138486
2008-08-22,28.228450775146484,29.50945855266454,27.503062796080894,29.50945855266454,4139879
2008-08-25,28.53712272644043,28.922967977545504,28.336481939859112,28.922967977545504,2034227
2008-08-26,28.58342170715332,28.676024980864682,28.058672613914734,28.24387706799311,1489491
2008-08-27,28.012367248535156,28.93839571030384,27.858029171573705,28.737757047591614,4297168
2008-08-28,27.595657348632812,28.39821414086723,27.240678494365824,28.089537968466853,7382078
2008-08-29,28.737756729125977,28.8457942191394,27.96606635287045,28.089535975733686,2219080
2008-09-01,28.72220802307129,28.846613030399457,28.14683011847192,28.675554563421027,3417069
2008-09-02,30.230627059936523,30.355032055946644,28.67555195459355,28.924364055816536,5030404
2008-09-04,29.59305191040039,30.13732755470119,29.344239765450833,29.888515409751633,2813325
2008-09-05,28.939922332763672,29.266488164195717,28.61335650133163,29.235385852934282,3330688
2008-09-08,30.463891983032227,31.692399388387543,30.168426387863203,30.479441027659636,8377948
2008-09-09,30.57274627685547,30.821558414076794,29.872963327347197,30.46389241689823,3737279
2008-09-10,30.30838394165039,30.821557241417338,30.012918353514852,30.417237797466093,3847698
2008-09-11,29.499738693237305,30.168419165024826,29.266477769236655,30.168419165024826,2567354
2008-09-12,29.795207977294922,30.6038468501243,29.313134884231363,29.701903167475695,6093354
2008-09-15,27.913572311401367,29.157630962489584,27.073833143757454,28.70666012331074,6770268
2008-09-16,28.45783805847168,28.70665012386071,26.436243454639786,26.82501164768438,4654621
2008-09-17,27.726964950561523,28.86216763301171,27.369296820642028,28.86216763301171,4674190
2008-09-18,27.664752960205078,28.209028478420546,25.67426048012669,27.369289529300058,6603710
2008-09-19,29.34423065185547,29.499737930501823,27.991316483951202,28.317882190949035,9821730
2008-09-22,28.7066593170166,31.412488494496422,28.473398326489246,30.16842776914741,4162514
2008-09-23,28.364538192749023,29.00211856182984,27.835813780292785,28.364538192749023,6569683
2008-09-24,29.017663955688477,29.32867850237916,28.084620315616423,28.457837349804766,5730103
2008-09-25,28.1157283782959,29.21983066725304,27.447045700295156,29.0954235575492,10926783
2008-09-26,27.664752960205078,28.271233082150125,27.182682045719186,28.271233082150125,4967945
2008-09-29,26.638408660888672,28.45784284482862,26.125233294236793,28.45784284482862,7859964
2008-09-30,26.685062408447266,27.680308817711477,25.19219173994945,25.19219173994945,6616439
2008-10-01,27.571453094482422,27.83581425057549,26.48289983745406,27.027177520569662,3743739
2008-10-03,27.960222244262695,28.30233706457238,27.213785882381472,27.71141012363562,4681406
2008-10-06,27.384849548339844,27.99132775747969,26.825022697901787,27.649212872192155,5560277
2008-10-07,28.286779403686523,28.89325946730952,27.369286897337197,27.369286897337197,9928258
2008-10-08,28.069068908691406,28.30232981656745,26.1563281985864,27.33818599620121,9985473
2008-10-10,27.89801788330078,28.535598289020314,25.82977146220389,27.960222495919602,9025179
2008-10-13,28.45783805847168,28.675547824736167,27.8513600991626,28.037969675504982,6805621
2008-10-14,27.773611068725586,29.51529370622472,27.55590126633889,28.613350083190145,5099383
2008-10-15,27.540348052978516,28.131274916544296,27.244884621195624,27.618101698668887,5495022
2008-10-16,26.482894897460938,27.151577457628314,25.96972172432063,27.151577457628314,6651066
2008-10-17,24.492414474487305,27.213793157473628,24.134746296344165,27.027185599019504,5586092
2008-10-20,24.772323608398438,25.752021070933296,23.99478694410245,24.585716074489316,7922965
2008-10-21,24.974472045898438,26.28073257356108,24.259138246949185,25.021123378985546,8047276
2008-10-22,23.606016159057617,24.912277197500888,23.372755184006927,24.72566968298212,5408099
2008-10-23,22.455257415771484,23.232793825397675,22.113140551854958,23.015084052542843,6641370
2008-10-24,19.547269821166992,22.082037597796457,19.282906606042594,21.77102304315714,9905588
2008-10-27,18.038854598999023,19.282913245936452,16.172766628592882,19.18960842557551,12878172
2008-10-29,20.418115615844727,21.708825465955737,18.660881719015563,20.526969469076537,13094201
2008-10-31,21.724376678466797,22.393059389589357,20.651376641087477,21.491115709071167,8097887
2008-11-03,22.3930606842041,22.98398766382192,21.61552196539707,22.952885355756543,4951148
2008-11-04,23.372758865356445,23.559368518470325,21.973192794612263,22.08204666792594,4515828
2008-11-05,22.51746368408203,24.50795849215885,22.08204195612639,24.50795849215885,6145587
2008-11-06,21.77103614807129,23.248358281073617,21.32006519422614,22.082050889923632,4896229
2008-11-07,23.466064453125,24.16584751119723,21.460017999288567,21.61552534552684,8250147
2008-11-10,23.994781494140625,24.539057035525897,23.46605710434976,24.196940137259784,3775177
2008-11-11,23.714872360229492,24.71011877516772,23.17059674636607,24.10364065584622,8900004
2008-11-12,22.71962547302246,24.228047412377386,22.439713123692112,24.228047412377386,5705390
2008-11-14,22.64186668395996,23.637115054562276,22.361954397979726,22.517461692236004,4038880
2008-11-17,23.574909210205078,24.352447749815266,21.460009697655803,24.352447749815266,5361538
2008-11-18,22.299755096435547,23.512711321702785,21.864333344624587,23.512711321702785,6392448
2008-11-19,21.755477905273438,23.092841151958517,21.475563490365687,22.393058278493363,5606729
2008-11-20,21.522216796875,21.92653410024165,20.604722015166427,21.77102679611515,5080395
2008-11-21,22.890684127807617,23.606018270452,20.837986520080808,21.3822621772141,8350092
2008-11-24,23.466064453125,23.839281662256184,22.299759356337944,23.57491832996977,5420119
2008-11-25,22.890684127807617,23.99478659697578,22.704076596598103,23.714874245559923,5453771
2008-11-26,23.403858184814453,23.761524180147006,22.470814256952444,23.13949489490567,5246053
2008-11-27,23.403858184814453,23.403858184814453,23.403858184814453,23.403858184814453,0
2008-11-28,23.030641555786133,23.481614526437493,22.113148677142792,22.704077831112073,8464961
2008-12-01,22.84403419494629,24.383556442015454,22.750729368929278,23.481614711992027,5733003
2008-12-02,22.64186668395996,22.89067877661054,21.92653270854055,22.672968986492283,5879324
2008-12-03,23.326107025146484,23.62157054547463,22.15980199026965,22.85958501119575,6430656
2008-12-04,24.445751190185547,24.570158288420092,20.682473906937055,20.682473906937055,4648185
2008-12-05,24.150293350219727,25.31659830190799,23.341654406701288,23.341654406701288,5338962
2008-12-08,24.212491989135742,25.005579651361334,23.170594331014318,24.80342100239528,11709287
2008-12-10,23.82372283935547,25.34769560760056,23.481608053245285,25.34769560760056,11172070
2008-12-11,23.559368133544922,24.243600001777633,23.186148833415018,24.243600001777633,9867592
2008-12-12,22.828481674194336,23.09284498056942,22.330857371324708,22.9839890051907,9847702
2008-12-15,23.201702117919922,23.714877648081707,23.015094559936653,23.606021657355537,5741641
2008-12-16,24.088083267211914,24.38354667356217,22.08203769371283,23.326098026876288,9183505
2008-12-17,24.05698585510254,24.725668551845775,23.419405463957737,24.725668551845775,8720755
2008-12-18,24.772323608398438,25.03668691794035,23.5127137903983,23.5127137903983,12640018
2008-12-19,25.969722747802734,26.280737315709263,24.74121562641245,25.503200895942943,10050607
2008-12-22,25.98528289794922,26.202992749046317,25.08333907311372,25.08333907311372,6524631
2008-12-23,25.456544876098633,26.234081217394085,25.269937419709112,25.814212858615928,5151765
2008-12-24,25.02113914489746,25.798675914292357,20.993496992069122,20.993496992069122,13318746
2008-12-26,25.067781448364258,26.389593478658057,24.414652063623063,26.389593478658057,5480531
2008-12-29,25.59650993347168,25.798668592458995,24.570161267314287,25.34769781603915,3418418
2008-12-30,25.54986000061035,25.9697306385402,24.601264858430334,25.5343088456494,4868199
2008-12-31,25.860870361328125,26.24963862466849,25.285494597106084,26.24963862466849,4396180
2009-01-02,26.234073638916016,26.66949512977865,25.736451789760917,26.66949512977865,3976548
2009-01-05,25.64316177368164,26.669510459489654,25.31659599512415,26.669510459489654,4505326
2009-01-06,25.456544876098633,26.622851497244124,25.036676517320476,26.622851497244124,3969700
2009-01-07,24.11918067932129,26.34293576404824,22.595210374175934,26.34293576404824,12109220
2009-01-09,23.994781494140625,26.1252323141012,22.79737445941194,26.1252323141012,5272587
2009-01-12,23.357208251953125,24.57016680696214,22.424164183116968,24.57016680696214,6595708
2009-01-13,23.015087127685547,23.621565186387567,22.672970218057344,23.326101733092,4104761
2009-01-14,23.061738967895508,23.450507232965773,22.424158591339705,23.450507232965773,2777281
2009-01-15,22.71962547302246,23.061742441495685,22.23755443908721,22.859583756890782,3693599
2009-01-16,23.434953689575195,23.77707057161374,22.548563401170505,23.512707334656444,2131503
2009-01-19,24.336898803710938,24.539057450246666,23.34165039528128,24.072535549746295,2587926
2009-01-20,27.058277130126953,27.680306343977957,23.326101847020944,24.367999514699697,19101726
2009-01-21,25.254390716552734,27.64920475666176,24.91227382247925,27.64920475666176,11311625
2009-01-22,26.451793670654297,26.809459551951456,24.94337229119613,26.06302549133027,10535551
2009-01-23,26.825016021728516,27.15158177897575,25.627608948222907,26.887218520917802,7005930
2009-01-27,27.69585418701172,28.069071248889085,25.81421561809362,26.747259327388292,8487928
2009-01-28,28.317882537841797,28.45783866849748,27.369287704638296,28.271231197357395,6636133
2009-01-29,28.131284713745117,28.893272394248115,27.07383560776237,28.893272394248115,13844487
2009-01-30,27.447040557861328,27.66475032254977,26.74725781544692,27.6492012823025,4578388
2009-02-02,26.000822067260742,27.680301943164327,25.627605020127433,27.369287385686157,6678800
2009-02-03,26.420696258544922,27.05827661238304,23.823723496727393,23.823723496727393,6591337
2009-02-04,26.827411651611328,28.03190824784654,25.685485838703357,27.374909718683554,7225484
2009-02-05,26.670974731445312,27.374900582757263,26.405046338940316,26.592760747966206,3622655
2009-02-06,27.030771255493164,27.35926842154638,26.749199528130617,26.889984330966417,2228530
2009-02-09,27.046417236328125,28.09448607621616,26.34249097357413,28.09448607621616,3190528
2009-02-10,26.999481201171875,27.578265684399234,26.498910722613587,27.437478778642383,3258153
2009-02-11,27.062049865722656,27.21847786283625,26.123481883041116,26.905621868609067,1899711
2009-02-12,28.376047134399414,28.688903156380288,26.749196244436995,27.046409040980688,8517373
2009-02-13,29.345901489257812,29.643114284161207,28.78276022846205,28.939188238589168,9331167
2009-02-16,27.98497772216797,29.846472791231367,27.57826658200391,29.846472791231367,3238379
2009-02-17,26.74919891357422,27.953695567066145,26.60841411397292,27.953695567066145,2684742
2009-02-18,27.484399795532227,27.812898935987196,25.982690954659525,26.749187534594448,4576718
2009-02-19,27.578266143798828,28.157048514976896,27.171552888406506,27.531336467201232,5072418
2009-02-20,26.999481201171875,27.437478778642383,26.670981957223667,27.21847998990713,3336292
2009-02-24,28.720182418823242,29.001754041145325,25.6541937464649,27.093331936048457,9913081
2009-02-25,28.641984939575195,30.01855315809211,28.344772046134608,29.03305509454738,7821109
2009-02-26,29.064332962036133,29.220760977773214,28.016264407921398,28.76711803478308,9451371
2009-02-27,30.315752029418945,31.442034403469727,28.50118692531065,28.62632846834278,35406885
2009-03-02,28.907907485961914,29.580547164048856,28.501194184976143,28.782763789363482,9682882
2009-03-03,27.8754825592041,29.252048394253872,27.687768071837777,29.064336028578527,6218930
2009-03-04,28.641984939575195,28.923556724169995,28.000629461082536,28.40734284659188,6597422
2009-03-05,28.688901901245117,29.048687583796966,28.25090433831049,29.048687583796966,6109769
2009-03-06,28.95482635498047,29.064326791424822,28.15704321975956,28.25090043361325,3962742
2009-03-09,28.454265594482422,29.095620964287175,28.188339207181638,29.095620964287175,2964226
2009-03-12,29.283323287963867,29.549251686459204,28.501183435554214,29.392823715977276,6091612
2009-03-13,29.69005012512207,29.877762503237225,28.97048070478618,29.721334460629038,6329765
2009-03-16,30.00290298461914,30.221901796387037,29.017405149127285,29.87775929097257,8232474
2009-03-17,30.128040313720703,30.597324325002802,29.75261352903314,30.20625431560105,4981205
2009-03-18,29.90904426574707,30.769398365046186,26.905625470426564,26.905625470426564,4007849
2009-03-19,30.096755981445312,30.26882508820367,28.78275905270107,28.78275905270107,3286397
2009-03-20,30.221895217895508,30.456537205505352,29.736968019163744,30.018539677309814,3154546
2009-03-23,30.722463607788086,30.972746680662862,29.971608024092895,30.01853769152463,7034396
2009-03-24,30.7850341796875,31.332532111067625,30.347034561569235,31.129174463540842,7551877
2009-03-25,30.36268424987793,30.972753078995854,29.9246866601755,30.519112263584613,5666796
2009-03-26,30.112394332885742,31.26996315211768,29.502325598395366,31.26996315211768,9588411
2009-03-27,29.580547332763672,30.503472287620514,29.314620954145777,30.503472287620514,6291705
2009-03-30,29.580547332763672,30.253189136378012,27.37491168017973,30.253189136378012,4842258
2009-03-31,29.90904426574707,30.597327120848206,28.17269284100524,30.597327120848206,7683950
2009-04-01,28.767112731933594,31.25431942102101,28.626327968060245,31.25431942102101,7321541
2009-04-02,29.283323287963867,29.72132075663722,28.986110568386227,29.377180494591055,9185217
2009-04-06,28.93918800354004,29.830828502698832,28.735832440702744,29.40847203010979,6958026
2009-04-08,30.47218132019043,30.878894534946763,28.00061770540379,28.62632969066261,16888845
2009-04-09,30.01854705810547,31.567184132762748,29.79954611847052,31.1291843751838,7959989
2009-04-13,29.611827850341797,30.50346617167433,29.173828180104465,30.19061017365789,6786405
2009-04-15,30.378332138061523,30.581687738415,29.408477455550223,29.408477455550223,9517190
2009-04-16,29.5961856842041,30.910180498512023,29.33025722770664,30.785038943507686,16019178
2009-04-17,30.50347137451172,31.786182033841406,29.43976164849994,30.28447256288469,24728264
2009-04-20,31.880029678344727,32.505741592775735,29.89339350135018,31.567173721129222,20235831
2009-04-21,31.285612106323242,31.989538187763348,31.004040400732734,31.723609708320772,8757532
2009-04-22,30.237546920776367,32.03646933024827,29.799547148064246,32.03646933024827,10270548
2009-04-23,31.30125617980957,31.551541456844603,29.736975850454325,30.48783168155943,7645123
2009-04-24,31.30125617980957,31.78618350624789,30.69118727569922,31.72361271741188,4953362
2009-04-27,30.26882553100586,31.28560969186222,30.049826746908284,31.28560969186222,6298942
2009-04-28,28.782764434814453,30.94147256305966,28.62633640182673,30.612973269447238,8020828
2009-04-29,28.970470428466797,29.564895930848614,28.532470791515138,29.377183619318213,10317407
2009-04-30,28.970470428466797,28.9704704284668,28.9704704284668,28.9704704284668,0
2009-05-04,29.424118041992188,30.002902578252534,29.267690018320835,29.674403304204525,6346688
2009-05-05,30.01854705810547,30.34704422417599,29.25204801276505,29.72133210336974,10754066
2009-05-06,30.143686294555664,30.847612375840725,29.799543806139987,30.331400764907993,8162872
2009-05-07,30.378332138061523,30.62861742274422,29.877761568696133,30.347045681842044,6552316
2009-05-08,30.456541061401367,31.598466818688344,29.90904302099672,30.34704060464416,16052278
2009-05-11,30.456541061401367,31.269967570107415,30.253185495070205,30.378327055629278,8177989
2009-05-12,31.661046981811523,31.80183180958515,30.08112317266208,30.753762972964566,9045014
2009-05-13,31.035327911376953,32.052110063686364,30.73811296950306,31.91132526693554,8210662
2009-05-14,31.082256317138672,31.754898109250227,30.26882972443802,31.25432757194353,7465672
2009-05-15,31.582822799682617,31.88003558981101,31.06660910154217,31.129179880249623,5990389
2009-05-18,36.619808197021484,37.542735260905204,33.819749037812535,35.66559892219813,170650
2009-05-19,36.93265914916992,38.762867675140505,33.47560190052203,35.665593993010965,19037417
2009-05-20,37.16729736328125,40.67128605076292,35.03987838805505,38.481294181932086,10704619
2009-05-21,36.74494934082031,38.794154552590136,36.463375531121365,37.511444035608285,11495294
2009-05-22,37.13602828979492,38.41873911516285,36.44774319031487,37.19859696214072,8524108
2009-05-25,36.47902297973633,37.54273264898978,36.04102537985332,37.52709154460813,5914983
2009-05-26,33.71024703979492,36.80752100944818,32.975034491818136,36.760593451786185,11328948
2009-05-27,34.320308685302734,35.66558980862332,33.710239955451065,34.414165902593076,9833643
2009-05-28,35.03988265991211,35.63430824810177,33.52253011713071,35.03988265991211,18047010
2009-05-29,35.96281814575195,36.29131534670015,35.21196224804893,35.665603159459884,12795881
2009-06-01,37.57402038574219,37.79301707148013,35.75945277650123,36.88573538855049,13519274
2009-06-02,37.24551773071289,38.70030168717417,36.35388142627733,37.85558869589868,10664555
2009-06-03,39.29473876953125,39.57630843431552,36.91703136274102,37.85559974094378,19445390
2009-06-04,39.26344680786133,39.70144447432063,38.0745953927029,39.57630289010115,11373782
2009-06-05,39.12266159057617,40.20201245857623,38.434376556741014,39.70144191063992,13240784
2009-06-08,37.83993911743164,39.810929997838024,37.120367852539026,39.10700407720994,8283946
2009-06-09,37.87123489379883,38.309232503655416,36.40080979994282,37.76173443048927,6301719
2009-06-10,38.26229476928711,39.32600417984316,37.73043794231883,39.32600417984316,5514227
2009-06-11,38.35615921020508,39.263440862644764,37.918161610066775,39.09137174082021,8425194
2009-06-12,37.93379592895508,38.856722764076224,36.94830044408147,38.48129389203829,8819990
2009-06-15,38.15279769897461,38.70029567479261,37.073442849295326,38.70029567479261,6088490
2009-06-16,38.43436813354492,38.71593767899405,36.99522971489485,38.41872703122369,5235173
2009-06-17,37.24551773071289,39.357300208901584,36.63545100890864,39.357300208901584,8548532
2009-06-18,34.242103576660156,37.38630738078873,33.694605475701636,37.22987935194344,15756310
2009-06-19,33.80410385131836,35.337097590398294,32.599607255119274,35.337097590398294,11260656
2009-06-22,33.27223587036133,34.226446895570774,32.849881631514265,33.788449435650094,11032509
2009-06-23,33.585105895996094,34.07003107026765,32.30239525786208,32.537037292518974,9061729
2009-06-24,33.64767074584961,34.66445271668119,33.240957533178886,34.66445271668119,12156270
2009-06-25,33.491241455078125,34.55495093474878,33.02195536499943,34.10131018964484,22858397
2009-06-26,34.68009948730469,34.88345505359199,33.17838803077559,34.38288456808229,16833106
2009-06-29,34.86781311035156,35.68123752710479,34.57060030188998,35.68123752710479,16727201
2009-06-30,34.2264518737793,35.49351901799453,33.72588357844701,35.039878271018566,10678356
2009-07-01,33.47561264038086,34.50803823955026,32.84990041321048,34.273396154361365,9694486
2009-07-02,34.44545364379883,34.6800956350002,33.397385234423204,34.6800956350002,11593296
2009-07-03,35.33709716796875,35.58738241996901,33.55381819521439,34.24210104694703,14320723
2009-07-06,32.42753601074219,36.76059299025571,32.06775241534177,35.91587998941856,16536927
2009-07-07,32.7091064453125,34.07003109602779,32.224181270674286,34.07003109602779,6256398
2009-07-08,31.880029678344727,32.505741592775735,30.878891039593164,32.505741592775735,9995092
2009-07-09,32.192893981933594,32.59960725609684,31.348183102788898,32.067752415279124,5766023
2009-07-10,32.114681243896484,33.28789143407461,31.629753940951346,32.380609735679876,4813799
2009-07-13,32.25545883178711,32.943741565156955,31.050962457122075,32.38060249711189,6649724
2009-07-14,33.788455963134766,34.070025510095,32.42753153554911,32.77167397889207,6681312
2009-07-15,34.742671966552734,34.946027542784506,33.85103140866402,34.25774468281836,5318107
2009-07-16,34.68009948730469,35.79073667167629,33.78845897301888,35.79073667167629,6733724
2009-07-17,34.94602966308594,35.290172174794776,34.445461244416904,35.290172174794776,4714999
2009-07-20,35.02423858642578,35.66559383500868,34.6644550215013,35.0555250362847,3204852
2009-07-21,34.476741790771484,35.258881848129626,33.94488697610608,35.258881848129626,3387311
2009-07-22,34.054386138916016,35.25888050846837,33.663316125095655,34.57059770848265,4155805
2009-07-23,35.540443420410156,35.88458579631745,34.13259171810046,35.16501460244216,7225701
2009-07-24,35.368385314941406,36.43209715649247,35.086813597314276,36.43209715649247,3938895
2009-07-27,35.86894607543945,36.260016054041216,35.19630656092058,36.260016054041216,5271010
2009-07-28,36.38516616821289,36.60416710516289,35.69688538979346,36.51031198554537,5714377
2009-07-29,36.72930145263672,36.91701589832085,35.290165148590255,36.88572945014332,8829709
2009-07-30,37.24551773071289,37.74608823504719,36.823165478456694,36.94830704369488,17110331
2009-07-31,36.72930145263672,37.93379788211378,36.54158700695259,37.51144144016975,5752956
2009-08-03,36.69801712036133,37.30808804316443,36.541589113835535,37.10473248335715,3665243
2009-08-04,36.26002883911133,37.495812104575066,36.13488725051076,37.495812104575066,3621563
2009-08-05,35.931514739990234,36.44772620230688,35.352730391110214,36.44772620230688,4774621
2009-08-06,35.211952209472656,36.22873210217311,34.94602375703262,35.79073454465013,7103528
2009-08-07,35.290164947509766,35.82201971166366,34.77395128566501,35.0398797285872,3574790
2009-08-10,34.617530822753906,35.91588262854084,34.33596121624547,35.63431302203241,2330557
2009-08-11,34.83652877807617,35.227598821213086,34.17953025692984,35.227598821213086,2647345
2009-08-12,34.38288497924805,34.83652791540575,32.84989129678974,32.84989129678974,3169220
2009-08-13,34.961669921875,35.32145350854885,34.60188633520116,35.32145350854885,3372052
2009-08-14,35.00859451293945,35.665592970527136,34.72702495779648,34.72702495779648,5692114
2009-08-17,33.30353546142578,34.85217252534547,33.13146420505894,34.414174892494366,7525848
2009-08-18,34.02309799194336,34.10131199080585,32.84988800900607,33.381742776932875,3831268
2009-08-19,33.194034576416016,34.39853123419952,33.08453623042082,34.33596044767499,2016070
2009-08-20,33.52254104614258,33.772826367601176,33.319185415908855,33.60075507649268,1291386
2009-08-21,33.916175842285156,34.04214246341772,33.0816541850765,33.69573692485672,2476248
2009-08-24,34.21533966064453,34.43578069157585,33.916172435921105,34.294067990079256,3720905
2009-08-25,34.624732971191406,34.92390024404427,34.24683735623817,34.608986875642735,5644025
2009-08-26,34.4672737121582,35.08135430753851,34.16810646165424,34.64047647896875,4450635
2009-08-27,34.026397705078125,34.78218891898299,33.821702738565165,34.46727555724881,7528977
2009-08-28,33.88469314575195,34.43579162679854,33.50679533594823,34.26258881991238,4498782
2009-08-31,33.88469314575195,34.073639915010524,33.44381307952871,33.66425204481868,5347897
2009-09-01,33.55402374267578,34.16810647391932,33.28634868082049,33.97915761266857,4467549
2009-09-02,33.979156494140625,34.07363092165608,33.223365345302405,33.380822012613926,3513954
2009-09-03,33.491031646728516,34.32555304679454,33.22335666363132,34.32555304679454,5440841
2009-09-04,33.74298095703125,33.82170931276787,32.98718959621703,33.56977814728202,3523284
2009-09-07,33.695743560791016,34.372806541011926,33.569776914850976,34.29407818816562,4931172
2009-09-08,34.026397705078125,34.42003940724585,33.86894102421104,33.90043107899871,4162308
2009-09-09,33.20762252807617,34.01065203772931,33.065911940641605,34.01065203772931,8053306
2009-09-10,33.82169723510742,34.215338873221874,33.42805559699296,33.632750530198024,7355612
2009-09-11,34.073638916015625,34.26258781537775,33.585522705699496,34.073638916015625,4466196
2009-09-14,34.010650634765625,34.13661512159068,33.69573728206012,33.853193958412874,2292939
2009-09-15,33.79020309448242,34.24682691228348,33.63274645829983,34.19959077568563,6351632
2009-09-16,33.94766616821289,34.27832559402825,33.601260648664855,34.04214059496624,7262510
2009-09-17,34.026397705078125,34.215344440732885,33.71148434334395,34.152362195514634,4533815
2009-09-18,33.96341323852539,34.08937772072334,33.72722823267214,33.72722823267214,3807983
2009-09-22,34.010650634765625,34.26258174405859,33.9161762018254,34.010650634765625,3732519
2009-09-23,34.671966552734375,35.20731877923927,34.10512213940573,34.199596564234284,10885467
2009-09-24,35.08134841918945,35.695431047139756,34.608978481161486,34.95538395663897,10152395
2009-09-25,35.04986572265625,35.49074356969414,34.79793460907336,34.95539128810731,5754133
2009-09-29,34.93964767456055,35.67969497283692,34.797937080494,35.5852205315782,3351144
2009-09-30,34.624732971191406,35.39627029664656,34.514514573636646,35.01837468169332,5591598
2009-10-01,34.54599380493164,34.9553814827104,34.43577544191117,34.67196039420942,4613924
2009-10-05,34.29407501220703,34.498769992036664,34.05788997554111,34.29407501220703,3847231
2009-10-06,34.48301315307617,34.6089776124649,33.774458263819184,34.53024929143635,2883224
2009-10-07,34.2625732421875,34.76643320010343,34.08937051404921,34.64046874453503,3492297
2009-10-08,33.979156494140625,34.451526496075196,33.8846842022679,34.32556201648307,6173266
2009-10-09,33.96341323852539,34.26258048547761,33.7114821384867,34.16810605600776,4193022
2009-10-12,34.10512161254883,34.24683217978117,33.900426672641984,34.01064718917972,1800379
2009-10-13,34.10512161254883,34.10512161254883,34.10512161254883,34.10512161254883,0
2009-10-14,35.00263214111328,35.270309385697836,34.12087632854969,34.420043631786854,6809859
2009-10-15,35.41202163696289,35.90013785740728,35.00263377027911,35.00263377027911,7572106
2009-10-16,35.27029800415039,35.74266795229656,35.12858744683504,35.5852113029145,3312168
2009-10-20,35.223060607910156,35.80564890846932,34.98687564225694,35.112840103015024,3209019
2009-10-21,35.08134841918945,35.49073612594217,34.86090954190489,35.20731501738237,1976113
2009-10-22,34.357051849365234,35.08135076084051,31.80625315949357,34.797929633362585,2682882
2009-10-23,34.73494338989258,34.79792561810445,34.32555570305193,34.640468979753614,1979627
2009-10-26,34.624732971191406,34.955392435141604,34.231091260689496,34.48302238253931,1820035
2009-10-27,34.357051849365234,34.71920130510287,34.18384910006536,34.2940674782434,4096925
2009-10-28,33.88469314575195,34.325571076331904,33.44381307952871,34.325571076331904,1873167
2009-10-29,33.31783676147461,34.30981502085045,33.06590780891187,33.412311186506976,4457277
2009-10-30,32.8612060546875,33.97914855864334,32.467564478339824,33.97914855864334,2912146
2009-11-03,32.24714279174805,33.27061143516752,32.02670381875561,32.59354841762429,3200653
2009-11-04,32.89270782470703,33.03441840637854,31.58581612883164,32.640776715267194,2690289
2009-11-05,33.55402374267578,33.69573645643525,32.26288030960499,32.829724757714445,2975233
2009-11-06,33.60125732421875,34.12086555213173,33.443800673755874,33.97915285820115,2665782
2009-11-09,33.80595779418945,33.93192228095648,33.081654520529064,33.90043009144329,1222652
2009-11-10,33.12889099121094,34.010648757238265,32.90845208361479,34.010648757238265,2700520
2009-11-11,34.1838493347168,34.309813806539964,33.06590663862638,33.33358167516128,3211200
2009-11-12,33.491031646728516,34.671958478616986,33.2391006177342,34.671958478616986,7034805
2009-11-13,32.9871826171875,33.77446600798979,32.782487654193176,33.5382809907491,5050823
2009-11-16,33.05016326904297,33.648499898611966,32.7824860748091,33.380822704378105,6037955
2009-11-17,33.034420013427734,33.19187669753219,32.67227049424469,33.19187669753219,4578478
2009-11-18,32.89270782470703,33.31783956972157,32.76674120216568,33.06591059592459,3519599
2009-11-19,32.93994140625,33.22336468314764,32.782484742076655,33.002923644790805,3934390
2009-11-20,33.63275909423828,33.75872359625271,32.97144011955474,33.09740462156917,4677765
2009-11-23,33.44379806518555,33.75871134154849,33.191867016966725,33.69572911340437,2821321
2009-11-24,32.70375061035156,33.53827206386303,32.60927620147297,33.53827206386303,5439086
2009-11-25,32.971431732177734,33.018667874506285,32.6880084712787,32.750992841906864,1865683
2009-11-26,32.467567443847656,32.971429561851096,32.31011079892688,32.719498502849376,5780245
2009-11-27,32.16840362548828,32.59353746569919,31.617305310362916,32.404588617684865,7226035
2009-11-30,31.428354263305664,32.67226351035209,29.93251608405781,32.43607853468138,34539390
2009-12-01,32.27863311767578,32.562054332858416,31.491349591453766,32.12117641243138,9492411
2009-12-02,32.45182800292969,32.65652296466249,32.05818630995452,32.3101174205872,4964876
2009-12-03,32.467567443847656,32.68800631960825,32.388839121387264,32.499059627088776,3578736
2009-12-04,32.672271728515625,32.87696457132697,32.19990165835741,32.278630003383775,3567645
2009-12-07,32.59352493286133,32.813963747019976,32.562032758420735,32.735235446560324,4545289
2009-12-08,32.971431732177734,33.14463448012005,32.499061766321915,32.6880084712787,4206166
2009-12-09,32.75099182128906,33.19186958809174,32.68800745262368,32.93993852035771,3096689
2009-12-10,33.22337341308594,33.44381237372372,32.75100329644357,32.75100329644357,3347394
2009-12-11,33.1131477355957,33.61700996955472,32.98718324492741,33.38082494781948,2530102
2009-12-14,33.05016326904297,33.302094369090824,32.924196651197654,33.065909363228975,1458861
2009-12-15,33.05016326904297,33.22336603380354,32.81397826318113,33.113145510144236,2359025
2009-12-16,32.9241943359375,33.12888927467576,32.60928101693337,32.90845037850139,3602393
2009-12-17,32.955692291259766,33.34933400892513,32.861217851891475,33.34933400892513,1264927
2009-12-18,32.9241943359375,33.14463536775448,32.625027110012105,32.9241943359375,1671508
2009-12-21,32.9241943359375,33.034414851845995,32.6880093466844,32.76673767643544,1309866
2009-12-22,33.538272857666016,33.821693955367635,32.76673361326493,32.955682435494246,3246132
2009-12-23,34.49876403808594,34.782185178913736,33.63275238643771,33.695734624883585,9531688
2009-12-24,34.2625732421875,35.03411033773918,34.02638828626501,34.483012107253366,3529789
2009-12-29,34.54599380493164,35.06560198137317,34.388537170066144,34.56173989554665,3582130
2009-12-30,34.278324127197266,34.79793024864173,34.18384970448665,34.48301693003475,1887030
2009-12-31,34.68771743774414,35.553729256272774,34.40429624230109,34.54600684002261,8785123
2010-01-04,35.39626693725586,35.63245194114115,34.671967967188515,34.70345801965423,4353415
2010-01-05,35.50648880004883,36.0260949739499,35.34903212484937,35.585217137648556,4374738
2010-01-06,35.758419036865234,36.026094096801366,35.58521627123434,35.77416513113037,5549959
2010-01-07,36.073333740234375,36.29377481002615,35.49074528110138,35.868640901876866,4535147
2010-01-08,36.16779708862305,36.466962121039224,35.91586391937927,36.246525403145895,3809958
2010-01-11,36.34177017211914,36.76876301712429,36.246884779879146,36.68969042693677,3041300
2010-01-12,35.81989288330078,36.53154621383142,35.67756264619093,36.12037044995435,2569224
2010-01-13,36.35757827758789,36.53153621701802,35.36126260049684,35.81988308123046,3322262
2010-01-14,37.11668014526367,37.480413171493204,36.389209802842394,36.531542169175005,6747297
2010-01-15,37.52785873413086,38.41347431134611,37.116682984326935,37.43297334262612,11273753
2010-01-18,37.19575119018555,37.95484710264761,37.0376060296742,37.559484201369244,4085821
2010-01-19,36.76875686645508,37.6069253242417,36.57898182375803,37.16411975125649,4992784
2010-01-20,36.97433853149414,37.3064458732214,36.658048276493595,36.76875072373601,3697700
2010-01-21,35.9463996887207,37.14830538169288,35.75662679902576,36.84782788595942,3555527
2010-01-22,36.15199279785156,36.35758495123035,34.71287346397385,34.79194604913114,4943166
2010-01-25,36.46827697753906,37.005972181755446,35.44033568913562,36.15198669034392,2912852
2010-01-27,35.83570861816406,37.13249787308073,35.487788346489545,36.46828722533169,8252922
2010-01-28,36.02546691894531,37.306444995537504,34.254242819601,36.658047414064114,11600411
2010-01-29,35.64591979980469,35.96221005400947,35.124041738359026,35.70917742164953,3996285
2010-02-01,35.724998474121094,35.9464012609393,35.42452311022632,35.503595687302884,2078776
2010-02-02,35.96221923828125,36.531542270243484,35.58267126530013,35.867331708790694,3466800
2010-02-03,35.724998474121094,36.136176303915434,35.58266826437946,36.05710372683886,2006355
2010-02-04,35.424522399902344,36.13617557932156,35.32963488031694,35.582667550884395,2254939
2010-02-05,33.96958541870117,35.10823133915508,33.84307015864223,34.98171607909613,4391981
2010-02-08,34.3175048828125,34.45983508364399,33.77981182134864,34.3175048828125,1831316
2010-02-09,34.191001892089844,34.47566239588032,34.017041742003855,34.191001892089844,1113258
2010-02-10,33.93795394897461,34.364944513515375,33.85888138387662,34.317501832448826,1023345
2010-02-11,33.85887908935547,34.23842694710879,33.827249207467496,34.0012092678904,640478
2010-02-15,33.17885971069336,34.317505632170395,33.14722982315978,33.93795770667167,1575236
2010-02-16,33.763999938964844,34.00121767685037,33.14723210447766,33.2104918838986,1192982
2010-02-17,33.87470626831055,34.08029413991427,33.74818884003182,34.00122155160803,989784
2010-02-18,34.20680618286133,34.61798403209987,33.590040481494036,33.922145749916744,1713670
2010-02-19,33.89051818847656,34.20680853347464,33.68493032222028,34.20680853347464,1267093
2010-02-22,33.843074798583984,34.27006761354084,33.76400221396095,33.96959007598839,835164
2010-02-23,33.716548919677734,33.90632393316759,33.54258884814213,33.843066310331174,801182
2010-02-24,33.60585403442383,33.81144187803545,33.41607899033545,33.59003908991964,906081
2010-02-25,33.66911315917969,33.84307326647123,33.24212036355326,33.84307326647123,1650113
2010-02-26,34.017032623291016,34.44402326451628,33.52678220264187,33.84307251983732,1548385
2010-03-02,34.017032623291016,34.63379831282595,33.84307251983732,34.03284756814699,780476
2010-03-03,34.38076400756836,34.47565152724524,33.70073857070146,33.70073857070146,1578097
2010-03-04,34.412391662597656,34.633794430821865,34.254246521725975,34.475649289950184,1157814
2010-03-05,34.23843765258789,34.681243267590624,34.159365068124465,34.47565540597817,766252
2010-03-08,34.80775451660156,35.01334234175323,34.31750415087749,34.47564929175747,1998979
2010-03-09,34.412391662597656,34.918454826398595,34.317504149078495,34.79193957169355,1368556
2010-03-10,34.507286071777344,34.697058991757615,34.20680852809151,34.44402628680274,1572349
2010-03-11,33.77981185913086,34.85519798326138,33.55840694094446,34.47565006562595,4256779
2010-03-12,33.62165451049805,33.96957458214221,33.384436864826164,33.542581961940755,7813231
2010-03-15,33.099788665771484,33.68492659730523,32.95745845525761,33.68492659730523,2420100
2010-03-16,33.19466781616211,33.28955531423461,32.751860206817206,32.91000532194459,1690093
2010-03-17,33.637481689453125,33.79562898909565,33.242118802799176,33.242118802799176,2067076
2010-03-18,33.55841064453125,33.81144333254043,32.309064294650895,33.38445053746362,2257266
2010-03-19,34.22262954711914,34.55473489724299,33.40027364633454,33.52679109375301,3363560
2010-03-22,34.017032623291016,34.50728304394017,33.73237005082652,33.84307251983732,2178427
2010-03-23,34.14353942871094,34.4440147265689,33.77980651209031,34.080281809948275,1381649
2010-03-25,33.66911315917969,34.301693807526355,33.52678294229789,34.301693807526355,3128139
2010-03-26,33.763999938964844,34.00121767685037,33.479337366513604,33.700740159543905,2059990
2010-03-29,33.763999938964844,34.04866036643509,33.55840994580878,33.98540273199514,1977720
2010-03-30,33.7481803894043,34.001213037620516,33.68492276359542,33.76399533210169,1369034
2010-03-31,33.89051818847656,34.03285055971064,33.305380192237635,33.84307549471932,1719363
2010-04-01,33.732364654541016,34.032842123793046,33.68492197254367,34.001212239141054,928358
2010-04-05,34.017032623291016,34.23843541633163,33.76399994053846,34.15936283703277,1444077
2010-04-06,33.90633773803711,34.15937047738495,33.81145019265898,34.15937047738495,2818200
2010-04-07,34.96590805053711,35.10823828249723,33.8747067455345,33.8747067455345,3932498
2010-04-08,35.155677795410156,35.7091858712409,34.20680680827174,35.4245254330918,4525961
2010-04-09,34.68124008178711,35.25056306662224,34.57053976069587,35.17149048942239,2218499
2010-04-12,34.301692962646484,34.9500885402275,34.19099263890108,34.50728295528392,854787
2010-04-13,34.080291748046875,34.53891229903931,33.96958927419511,34.00121916529021,1196945
2010-04-15,34.04865646362305,34.44401931478065,33.93795615228736,34.31750406040251,1834504
2010-04-16,34.12773513793945,34.222622668185004,33.87470458392615,33.93796222242948,3410045
2010-04-19,34.017032623291016,34.12773294732083,33.684927361239595,33.9695877887231,1997149
2010-04-20,34.14353942871094,34.42820193061359,33.70073180741141,34.00120925024984,2663183
2010-04-21,34.80775451660156,35.171487482633204,34.12772912382922,34.159359009997516,4408329
2010-04-22,34.36494827270508,35.31381915767813,34.03284517894918,34.697053511441815,3257926
2010-04-23,34.68124008178711,34.79194254785928,34.28587719578784,34.47565223905986,1225052
2010-04-26,34.91845703125,35.218934533863816,34.69705424904579,34.79194176855642,1204934
2010-04-27,35.8040771484375,36.262697744586006,34.823578312702985,34.871021009035786,11718037
2010-04-28,36.34177017211914,38.11299705031222,34.190997435003496,35.58267416431142,8993805
2010-04-29,34.93426513671875,36.025466035029,34.66541971987793,36.025466035029,5294606
2010-04-30,34.80775451660156,35.26637499615734,34.72868194616158,35.26637499615734,1318467
2010-05-03,34.586360931396484,34.776133863850646,34.50728833996192,34.776133863850646,1557313
2010-05-04,34.001216888427734,34.77612771855559,33.89051442198907,34.6021676191438,1045708
2010-05-05,33.922149658203125,34.06447989107377,33.590044351517435,33.843077068277076,1404451
2010-05-06,33.763999938964844,34.00121767685037,33.33700715277848,33.684927359669665,1322298
2010-05-07,33.52678298950195,33.76400073296595,33.22630546512939,33.36863782719262,5243780
2010-05-10,34.191001892089844,34.36495989719427,33.59004884133657,33.62167659454575,1121466
2010-05-11,33.763999938964844,34.444023262910974,33.66911241481443,34.444023262910974,838559
2010-05-12,33.795631408691406,34.04866195828089,33.55841151473436,34.032849157667364,1266616
2010-05-13,34.27006149291992,34.34913406342063,33.68492361322242,34.001213895225234,1612426
2010-05-14,33.60585403442383,34.28587734327545,33.36863630180383,33.92214434458383,1711958
2010-05-17,32.78349685668945,33.49515002169868,32.59372182136132,33.21048961368733,1851642
2010-05-18,32.89419937133789,33.19467472360945,32.609536817885214,33.19467472360945,1361316
2010-05-19,32.483028411865234,32.89420631251892,32.29325333618468,32.89420631251892,2450689
2010-05-20,32.92583084106445,33.083976007001674,32.024404682210964,32.340695014085405,2116627
2010-05-21,32.68861389160156,32.957461538262294,31.73974287277237,31.992775573456385,1432024
2010-05-24,32.498844146728516,32.91001991236722,32.29325411892781,32.76768967464756,3809046
2010-05-25,31.913694381713867,32.34068708302332,31.64484680755894,32.261614519446056,2621138
2010-05-26,32.641170501708984,32.894203196990325,32.38813780642764,32.54628297285584,1674436
2010-05-27,32.056034088134766,33.052349972112886,31.692301045639052,33.052349972112886,4522469
2010-05-28,32.59371566772461,32.862563226184704,32.056022695784854,32.056022695784854,1223573
2010-05-31,32.672794342041016,32.783496803298945,32.309061360732116,32.65698154327346,3962642
2010-06-01,32.91001510620117,33.210492630260475,32.530467146050675,33.210492630260475,2173677
2010-06-02,33.02071762084961,33.09979020202518,32.577912024258836,33.02071762084961,1067731
2010-06-03,33.400264739990234,33.51096720883935,33.02071678890626,33.178861947273006,855327
2010-06-04,33.44771194458008,33.57422722224589,33.14723440640677,33.526784529366495,730766
2010-06-07,33.03653335571289,33.19467852184398,32.26162247066677,33.02071841010356,1110289
2010-06-08,32.59371566772461,33.21048334360595,32.46720043137894,33.036523284895324,1369731
2010-06-09,32.40394592285156,32.84675143753569,32.30905841399621,32.59371879558162,2036943
2010-06-10,32.24579620361328,32.79930409073642,32.103466033063405,32.51464160465632,2079894
2010-06-11,32.07184982299805,32.57791525063261,32.008592180789044,32.419770072619464,1791437
2010-06-14,32.59371566772461,32.68860316747408,32.16672513632265,32.56208793112841,1700881
2010-06-15,32.672794342041016,32.7360541170346,32.419763821990045,32.60953671202827,1047592
2010-06-16,32.46721649169922,32.9574670287631,32.3881438936238,32.6728043887027,1289944
2010-06-17,32.53045654296875,32.688601653566884,32.3406836972392,32.46719892772557,662067
2010-06-18,32.53045654296875,32.862561704220894,32.22998126182837,32.451383987669686,1111519
2010-06-21,32.70442581176758,32.81512827838126,32.53046571208077,32.64116817869445,1131800
2010-06-22,32.45140075683594,32.81513598615896,32.29325556451674,32.73606338999936,1139377
2010-06-23,32.356510162353516,32.53047028650253,32.22999487841673,32.261624771891555,1355354
2010-06-24,32.08765411376953,32.51464466561648,31.945323929820546,32.293241918920224,2329371
2010-06-25,32.056034088134766,32.324881742140256,31.913703860418234,31.976961501072115,1672844
2010-06-28,32.656986236572266,32.815131406822374,32.0718482486544,32.0718482486544,2401306
2010-06-29,32.43557357788086,33.13141387768472,32.29324338745939,32.81512361231229,1542276
2010-06-30,32.92583084106445,33.05234826080288,32.135105011378364,32.26162243111679,2708253
2010-07-01,32.656986236572266,32.91001679298752,32.4197684811971,32.79931646080114,1450319
2010-07-02,32.751869201660156,32.97327413962858,32.60953898795259,32.76768414651232,1534161
2010-07-05,32.293243408203125,32.862566315235334,31.629035137482745,32.57790593420955,1409644
2010-07-06,32.27743148803711,32.40394889310146,32.19835891423971,32.29324643179276,765539
2010-07-07,32.483028411865234,33.1472368867846,32.43558357045444,32.57791594970551,4099698
2010-07-08,32.261619567871094,32.894200175477906,32.21417473531204,32.894200175477906,2147848
2010-07-09,32.24579620361328,32.4830138695232,32.15090870825325,32.41975625427663,2076435
2010-07-12,31.929513931274414,32.41976432519915,31.850441356285938,32.30906186222293,4188571
2010-07-13,31.945323944091797,32.08765412810437,31.708106255744003,31.882064177881283,3777184
2010-07-14,31.850440979003906,32.26161879306959,31.771368404952074,32.229988905456516,2928502
2010-07-15,31.866256713867188,32.15091712952792,31.802996937070663,32.10347444191143,3552196
2010-07-16,31.7397403717041,32.0876605758514,31.629040048552483,32.0876605758514,1309829
2010-07-19,31.644855499267578,32.07184831785667,31.344380104140253,31.344380104140253,3056097
2010-07-20,31.58159637451172,31.834629064552107,31.534153683558362,31.787186373598747,2241425
2010-07-21,31.597414016723633,31.739744246712934,31.502526481737025,31.739744246712934,1373142
2010-07-22,32.08765411376953,32.48301692750589,31.629033678831455,31.85043642552771,5819774
2010-07-23,31.945323944091797,32.38812943768213,31.818806556651314,32.38812943768213,1826820
2010-07-26,31.945323944091797,32.08765412810437,31.629033692961404,31.945323944091797,1879489
2010-07-27,31.992774963378906,32.198362822212374,31.67648462980059,31.67648462980059,2785906
2010-07-28,32.02440643310547,32.45139711749248,31.86626125852186,32.10347902039727,3199899
2010-07-29,31.7397403717041,32.245805733194544,31.54996746988091,31.692297682493546,2312762
2010-07-30,31.755550384521484,32.00858302596854,31.67647781813057,31.78718026907011,1285466
2010-08-02,31.80299949645996,32.071847134538345,31.72392691408174,31.94533186072562,778568
2010-08-03,31.597414016723633,31.882074476702233,31.534156375059638,31.882074476702233,1708893
2010-08-04,31.676483154296875,31.787185623885158,31.202047676028794,31.787185623885158,1886451
2010-08-05,31.249488830566406,31.8820694371783,31.15460131057844,31.486706558045864,1508701
2010-08-06,31.486713409423828,32.024408758028926,31.31275327575637,31.39182586878873,3922176
2010-08-09,32.3090705871582,32.38814318349992,31.81882006084328,31.86626490563718,3155186
2010-08-10,32.103485107421875,32.56210577167548,31.96115270732453,32.56210577167548,2033594
2010-08-11,31.676483154296875,32.135103687626476,31.629040464462467,31.94533078330785,1383082
2010-08-12,31.54996109008789,31.6922912739196,31.47088638242523,31.502516265490296,746648
2010-08-13,32.22998809814453,32.324875613626105,31.518334949503895,31.739737722307044,2838836
2010-08-16,33.30537033081055,34.00121059975909,32.38812945989554,32.38812945989554,10437835
2010-08-17,33.210487365722656,33.93795542526489,33.08396996907405,33.669107834244706,4272775
2010-08-18,32.87837600708008,33.605843930728916,32.467198298497664,33.41606894369694,2042150
2010-08-19,33.004905700683594,33.526786071263935,32.62535770524959,33.526786071263935,2150678
2010-08-20,32.641170501708984,33.242121276143706,32.57791286413392,33.052348363418524,1350531
2010-08-23,33.004905700683594,33.178865824210376,32.356510046619,32.799317828776374,1558660
2010-08-24,32.59371566772461,33.19466840281763,32.4355705498023,33.19466840281763,1419761
2010-08-25,32.59371566772461,32.89419310776134,32.372312931629466,32.419757753994425,1708531
2010-08-26,33.35282897949219,33.59004676632407,32.57791797150432,32.86257845771001,6819779
2010-08-27,33.004905700683594,33.684931248109876,32.799317828776374,33.49515617790225,3318728
2010-08-30,34.396575927734375,34.633793633581355,33.210487398499495,33.33700265029227,12599675
2010-08-31,34.412391662597656,35.02915728300108,34.001213867335125,34.44401940378354,7251681
2010-09-01,34.22262954711914,34.6970651487299,33.93796904414531,34.41240464575607,4105554
2010-09-02,34.03284454345703,34.507279977084465,33.85888445546414,34.507279977084465,2077611
2010-09-03,34.159358978271484,34.50727914587659,34.09610135097439,34.28587423286566,2025354
2010-09-06,34.17517852783203,34.412396270906385,33.84307325853173,33.84307325853173,1657041
2010-09-07,34.06344223022461,34.63808353675853,33.919782444845694,34.63808353675853,2364772
2010-09-08,33.99959945678711,34.19114731319856,33.76016571878209,34.06344802058472,2119627
2010-09-09,33.36109924316406,34.15921145807057,33.24936266706997,34.127286103467135,4325702
2010-09-13,33.69630813598633,33.99959254111817,33.47283712564037,33.77611936575404,2223035
2010-09-14,33.53668212890625,33.951700912800874,33.37705968625585,33.552644806174875,2096762
2010-09-15,34.11133575439453,34.25499556287645,33.53669219042966,33.53669219042966,3700295
2010-09-16,33.728233337402344,34.44653440197886,33.61649675023874,34.127289484389294,1645185
2010-09-17,33.60054016113281,33.983633673984436,33.52072892241296,33.919785116012235,3999245
2010-09-20,33.728233337402344,33.91978115396335,33.64842210800496,33.77611920903352,1658444
2010-09-21,33.728233337402344,34.159214842155514,33.61649675023874,34.01555289722569,4168036
2010-09-22,33.792091369628906,34.095375858452016,33.61650618268362,33.760168167923524,2530696
2010-09-23,33.53668212890625,33.919777723281555,33.42494771806173,33.71226724882528,1296047
2010-09-24,33.69630813598633,33.77611936575404,33.345140024019294,33.5366856764509,2212027
2010-09-27,33.792091369628906,34.19114979360569,33.61650618268362,34.19114979360569,1731020
2010-09-28,34.127288818359375,34.207100046199166,33.712270000588845,33.83996926414338,3076594
2010-09-29,34.68596649169922,35.260607749882226,34.19113862425363,34.19113862425363,11684464
2010-09-30,33.99959945678711,35.05310833701291,33.887862846377324,34.73386335300622,5236368
2010-10-01,34.63808059692383,34.87751427390667,34.12728788668653,34.12728788668653,3875195
2010-10-04,35.02116775512695,35.27656406436064,34.43056609035533,34.877508007751025,4550532
2010-10-05,35.723514556884766,35.94698773424314,34.9892529684839,35.02117616166497,10282420
2010-10-06,35.675621032714844,36.28218538825606,35.42022471695412,35.915054672799705,5975746
2010-10-07,34.87751388549805,35.88313445161982,34.60615485526555,35.67562613321946,5825104
2010-10-08,34.95732879638672,35.34042228268513,34.68596973754045,34.95732879638672,2872678
2010-10-11,35.085025787353516,35.675629776996686,34.957328680682785,35.62774390324973,2923343
2010-10-12,34.94135665893555,35.16482761836973,34.54230060101106,35.116941757425856,1328063
2010-10-13,35.06906509399414,35.43619589756445,34.89347994945337,35.053102414487114,2785869
2010-10-14,34.14325714111328,35.37235111903339,33.83997485819046,35.24465183436904,6206210
2010-10-15,34.079402923583984,34.62211883950748,33.74419533389008,34.15921415136739,3825540
2010-10-18,34.079402923583984,34.701930067290874,33.77611852599258,34.60615616094717,2661071
2010-10-19,33.6324577331543,34.3188355703711,33.45687260433055,34.223061666920145,2506333
2010-10-20,33.28128433227539,33.9197740334208,33.12166190698904,33.776112118648925,1611212
2010-10-21,33.7122688293457,34.15921298873151,33.58457173524578,33.935739826529584,5077785
2010-10-22,34.127288818359375,34.73385544895265,33.74419535773201,34.14325149693096,7613777
2010-10-25,33.12167739868164,34.44654328221842,32.99397809971433,34.19114901432125,4373958
2010-10-26,32.62683868408203,33.32917706717849,32.49913941850749,33.201479966622095,3559839
2010-10-27,32.515098571777344,32.96204270529966,32.43528735132885,32.83434345357132,4326267
2010-10-28,31.908536911010742,32.78646041156943,31.669103229040196,32.78646041156943,12789477
2010-10-29,32.05219650268555,32.56298922062299,31.924499405710232,31.956422597445016,2557085
2010-11-01,32.132015228271484,32.46722289233248,32.02027861857829,32.179901109557946,3644082
2010-11-02,31.956424713134766,32.06816130414931,31.301972176517243,31.924501519286494,8722079
2010-11-03,32.06816482543945,32.11605070397916,31.62122057732218,31.924505024801874,5792586
2010-11-04,32.40337371826172,33.31322060068738,31.924506254347616,32.17990050308696,7578044
2010-11-08,31.39775276184082,31.7329604411162,30.743300086116253,31.04658239973924,23828591
2010-11-09,33.13763427734375,33.52072996715373,31.41371233327275,31.509486255725243,37552410
2010-11-10,32.56299591064453,33.60054207304016,32.451259304071435,33.201485856734145,23142609
2010-11-11,32.32356643676758,33.105716290706,32.179904447967225,32.56300019807641,9305659
2010-11-12,31.78083610534668,32.5470251494654,31.605250980755844,32.195854900283734,8655373
2010-11-15,32.30759048461914,32.818380999957014,31.924497056861252,31.924497056861252,6781511
2010-11-16,31.97239112854004,32.48318393998086,31.89257988706607,32.48318393998086,5839719
2010-11-18,32.37144088745117,32.64279992041478,31.748913760966584,32.27566698375707,11698558
2010-11-19,32.531063079833984,32.962044560520184,32.020270374207236,32.08412108617411,13151040
2010-11-22,32.38740539550781,32.53106517665694,31.509481864574283,32.24374561435869,16159489
2010-11-23,31.429668426513672,32.052195544438646,30.966761592526726,31.637176744149322,29650997
2010-11-24,30.998682022094727,31.365812730342952,30.647511824191277,30.80713424778054,29495589
2010-11-25,30.82309341430664,31.04656434888861,29.785547779088464,30.32826352450679,297127250
2010-11-26,30.79118537902832,30.88695713737731,29.833450475390435,30.567712169498016,108003635
2010-11-29,29.96114158630371,30.64751726354924,29.68978255203377,30.567706037589616,47311917
2010-11-30,30.31231689453125,30.360202772074373,29.30669398095987,29.721712858067818,56380039
2010-12-01,30.918882369995117,31.046579490601793,30.136732634987624,30.20058119529096,49377032
2010-12-02,31.605260848999023,31.637186214353907,30.823111047991034,31.09447015845155,69791050
2010-12-03,31.86064338684082,32.036228489707405,31.046568575381368,31.605247070400125,70133580
2010-12-06,31.828720092773438,32.020265705692836,31.541398425867765,31.924493981741996,35990183
2010-12-07,31.589292526245117,31.76487549725786,31.317933482832107,31.589292526245117,22324627
2010-12-08,31.238128662109375,31.525448278175947,31.06254349006043,31.349865271145585,8690959
2010-12-09,30.519821166992188,31.36581932384807,30.328273352412147,31.22215954542211,19659317
2010-12-10,30.679441452026367,30.791178030123444,30.200574114498295,30.455970460850196,12656908
2010-12-13,31.25408172607422,31.365816135707018,30.631554639492315,30.679440505760958,10228525
2010-12-14,30.98273468017578,31.44563950467402,30.8869607456199,31.286017002087128,12502825
2010-12-15,30.85503387451172,31.06254223718812,30.72733458861828,30.966768314022666,7532899
2010-12-16,30.679441452026367,30.886949765614673,30.44000778326233,30.87098925304479,10117565
2010-12-20,30.59963035583496,30.998686472094402,30.487893777275122,30.56770500052701,12117884
2010-12-21,31.014646530151367,31.31792871988875,30.61559044759749,30.647513635191114,13693395
2010-12-22,31.270042419433594,31.381776821978086,31.014646097161094,31.09445731255764,11598882
2010-12-23,31.046566009521484,31.317924979253938,30.998680151341663,31.142339890898675,4611659
2010-12-24,31.206199645996094,31.286010881676248,30.80714346759531,30.80714346759531,4676656
2010-12-27,30.87098503112793,31.222153064945307,30.759248468311945,31.126379177534137,5508784
2010-12-28,30.695411682128906,30.950808091320337,30.615600439570244,30.807146122699926,6071879
2010-12-29,30.551748275756836,30.807142489812758,30.487897557224592,30.663482703151736,10314957
2010-12-30,30.83907127380371,31.142353560438767,30.216544019127863,30.551751668574397,31947999
2010-12-31,31.38178062438965,31.445629171439613,30.886950595970834,30.93483863002184,12208677
2011-01-03,31.38178062438965,31.525440396506582,31.23812085227271,31.42966865844065,5686478
2011-01-04,31.413711547851562,31.57333402627527,31.20620102688969,31.42967422869762,9878712
2011-01-05,31.31793785095215,31.55737157029381,31.190240733310638,31.4137117716925,6557909
2011-01-06,31.605260848999023,31.844696759123323,31.22216728983375,31.349866586234622,16916733
2011-01-07,31.238128662109375,31.89258130428166,31.01465760905553,31.605259523196505,15775814
2011-01-10,30.695411682128906,31.477561426200115,30.63156312108568,31.222165017008685,11747099
2011-01-11,30.66347885131836,31.286005958662066,30.392121991716223,30.902912520682708,8402847
2011-01-12,31.046566009521484,31.11041670711798,30.487887560675002,30.870983086183774,5356220
2011-01-13,30.88694953918457,31.110422693740453,30.791177804395435,31.0306114714042,5840003
2011-01-14,31.158302307128906,31.653132219296424,30.727320927011306,30.807132133328082,13619178
2011-01-17,31.206199645996094,31.286010881676248,30.535786565293776,30.80714346759531,10222664
2011-01-18,31.493511199951172,31.573322409798838,31.030606615838256,31.030606615838256,8525103
2011-01-19,31.25408172607422,31.60524979708605,31.094459285154862,31.2381190489787,8181638
2011-01-20,31.573328018188477,31.6052512087875,30.966761416590863,30.966761416590863,8113388
2011-01-21,31.557357788085938,31.605243645033458,31.2540756423775,31.365810030260874,7263505
2011-01-24,31.461599349975586,31.68507040043551,31.2540909813382,31.333902225432357,10580288
2011-01-25,31.413711547851562,31.74891918554503,31.3019749469476,31.605257222948957,5774233
2011-01-27,31.54140853881836,31.76487957471682,29.73767540582987,31.381786061031118,21308494
2011-01-28,30.82309341430664,31.541394238688458,30.392114218688015,31.445620362434063,12161301
2011-01-31,30.82309341430664,31.413697180360888,30.392114218688015,30.599622479724676,10372393
2011-02-01,30.535783767700195,31.158310915967746,30.48789573166846,30.966763101877056,5685819
2011-02-02,30.503860473632812,30.807142728942036,30.120766984557044,30.663482941165906,9759510
2011-02-03,31.493511199951172,31.589285084771895,30.34422891213778,30.487888656860047,8272335
2011-02-04,31.062545776367188,31.988357585759633,31.014659891837724,31.429678829495113,13585721
2011-02-07,31.22215461730957,31.445625589034815,30.807135861238237,31.0784948615589,10075695
2011-02-08,30.551748275756836,31.60525482128317,30.47193704260979,31.60525482128317,6969251
2011-02-09,30.615604400634766,31.030623348638915,30.248471338353916,30.966772614316124,15914271
2011-02-10,30.45596694946289,31.046568631977284,30.34423038424836,30.53577816318249,15041071
2011-02-11,30.937368392944336,31.290386761504006,30.728764552207608,30.969459784763206,16032113
2011-02-14,31.627365112304688,31.852013593340406,30.82504755401594,30.985511065673688,9448315
2011-02-15,31.69153594970703,31.85199938981049,31.386655848795403,31.611304229655303,6653191
2011-02-16,31.64340591430664,31.70759087154585,31.51503599982822,31.595267740483546,3070813
2011-02-17,31.64340591430664,31.7557312217942,31.53108060681908,31.64340591430664,2410838
2011-02-18,31.482938766479492,31.771772128630907,31.194105404328074,31.643402229102502,7982842
2011-02-21,31.755725860595703,31.77177046487781,31.14596342870394,31.14596342870394,9078739
2011-02-22,31.595266342163086,31.739683033666132,31.38666251983632,31.611310948443855,6311548
2011-02-23,31.96432876586914,32.17293257059878,31.611308281818964,31.611308281818964,28541975
2011-02-24,31.53108024597168,32.092704600556885,31.09783015724626,31.932238944657378,14267832
2011-02-25,31.83595848083496,32.04456010660342,30.953409457864645,31.627354678641552,31955636
2011-02-28,31.755725860595703,33.5047770763111,31.354567225045155,32.188975881135356,128195783
2011-03-01,31.93222427368164,32.12478123115229,31.45083405642924,31.932224273681637,22095525
2011-03-03,31.86804962158203,32.38153355611208,31.627354435350746,31.627354435350746,12055696
2011-03-04,31.77177619934082,32.07665855852712,31.659453066968485,31.868054724535163,5797710
2011-03-07,31.466896057128906,31.73968484946019,30.841088907197157,31.73968484946019,6845096
2011-03-08,31.43480110168457,31.739681250265882,30.712715508316975,31.45084570706382,8299919
2011-03-09,31.466896057128906,31.611312756893877,31.322479357363928,31.450849273504954,4984092
2011-03-10,31.579219818115234,31.73968329363853,31.226199301393915,31.450847731841492,4963678
2011-03-11,31.466896057128906,31.643406324141775,31.29038579011603,31.29038579011603,6148250
2011-03-14,31.707590103149414,31.803868624887656,31.338524975648877,31.338524975648877,4743614
2011-03-15,31.37061882019043,31.53108231016953,31.145970369504763,31.4027123887564,7316083
2011-03-16,31.64340591430664,31.77177582878506,31.450848866163756,31.46689564957987,3548194
2011-03-17,31.56317138671875,31.62735633829062,31.386661137577303,31.386661137577303,4312518
2011-03-18,31.43480110168457,31.77177263744942,31.3224758054796,31.61130917225662,7614611
2011-03-21,31.25829315185547,31.482941584349764,31.210152802904776,31.38666306287358,3473055
2011-03-22,31.242238998413086,31.418749216740785,31.065728780085383,31.418749216740785,3536038
2011-03-23,31.274337768554688,31.56317113655137,31.162012471875393,31.24224420481059,5655111
2011-03-24,31.43480110168457,31.515032834280973,31.178059122091085,31.45084570706382,7807585
2011-03-25,31.49898910522461,31.579220845596726,31.306432057761423,31.515035888584084,8602591
2011-03-28,31.803863525390625,31.900142031691377,31.418751676612477,31.466889841550426,11509824
2011-03-29,32.02851486206055,32.20502511040793,31.691541147292813,31.803866444357077,8985339
2011-03-30,32.41361999511719,32.52594308481991,32.04455281814536,32.09269315066749,4832583
2011-03-31,32.70245361328125,33.00733368328826,32.18896978643035,32.41362032094291,15647437
2011-04-01,33.649192810058594,33.857796600573856,32.5259486618874,32.5259486618874,22114974
2011-04-04,33.986175537109375,34.41942783730815,33.44060009804731,33.44060009804731,10060811
2011-04-05,33.76152038574219,34.09849408833796,33.42454668314642,33.857798897401686,7752278
2011-04-06,33.713375091552734,34.30709067925671,33.58500521247198,33.69733048898613,5371783
2011-04-07,33.68129348754883,34.242915680307114,33.50478322025402,33.7133848784227,5888794
2011-04-08,33.665245056152344,33.84175531480784,33.24803958380984,33.71338322831967,3282029
2011-04-11,33.456634521484375,33.68128289263639,33.24803075250961,33.392447407077,2761151
2011-04-13,33.77756118774414,33.954069222045085,33.07152034484199,33.087567123348784,5725109
2011-04-15,33.713375091552734,33.921978865589786,33.58500521247198,33.713375091552734,2726721
2011-04-18,33.44060134887695,34.066408557574555,33.328276029386785,33.697343381693415,3846832
2011-04-19,33.199913024902344,33.61711864318249,33.0554962814585,33.61711864318249,2130742
2011-04-20,33.456634521484375,33.617097954653616,33.087567319340366,33.617097954653616,3816903
2011-04-21,33.56896209716797,33.697334166683795,33.31222013456121,33.45663898481963,3804886
2011-04-25,33.55291748046875,33.82570624141201,33.376409410190796,33.376409410190796,1583736
2011-04-26,33.47269058227539,33.74547938261597,33.08757864611983,33.69734120675603,4390914
2011-04-27,33.48873519897461,33.697339025859286,33.29618033157169,33.536875548144245,2846797
2011-04-28,33.39244842529297,33.53686726068864,33.26407854541311,33.424541983475265,5158203
2011-04-29,33.55291748046875,33.85779980496711,33.26408411417298,33.392454015543315,3615042
2011-05-02,34.14663314819336,34.275005225902,33.37640938764165,33.37640938764165,5731198
2011-05-03,33.37641143798828,34.17872881136058,33.24803935239361,34.01826533668612,3804669
2011-05-04,33.47269058227539,33.56896911042062,32.91106837392448,33.26408891831519,4044546
2011-05-05,32.6864128112793,33.472683296544304,32.34943912433005,33.37640696578012,5204752
2011-05-06,33.08757400512695,33.26408425256429,32.702462122988706,32.7666470739409,2973311
2011-05-09,32.95921325683594,33.31223167332778,32.89502828805794,33.10362998069286,3424009
2011-05-10,32.84688186645508,33.28013413448412,32.734558735931984,32.91106682338617,1276536
2011-05-11,33.424556732177734,33.53688205895505,32.78270269670879,32.78270269670879,5173641
2011-05-12,32.5420036315918,33.42455282725517,32.477818670828626,33.42455282725517,2199955
2011-05-13,32.52595138549805,32.95920360664162,32.429672872307805,32.50990460389551,3389298
2011-05-16,32.67036437988281,32.79873644179003,32.509900934817374,32.60617943714159,2643860
2011-05-17,32.57410430908203,32.895031359361624,32.52596394568459,32.67038068302523,2042475
2011-05-18,32.52595138549805,33.02338855662678,32.445719653910345,32.6703680670709,3314783
2011-05-19,31.723634719848633,32.71850908249767,31.563171253384272,32.54199883410186,2532955
2011-05-20,32.41361999511719,32.60617479593233,31.56316255147082,31.65944104009062,1959647
2011-05-23,31.96432876586914,32.188977175526084,31.77177174249178,32.188977175526084,1694918
2011-05-24,31.707590103149414,32.542001056313936,31.579220191781886,32.07665740707515,9876185
2011-05-25,31.14596939086914,31.916195424422824,30.953414514799697,31.77177654683911,5753045
2011-05-26,30.66457176208496,31.418750835419768,30.488061534663537,31.290378771647465,4935316
2011-05-27,31.338531494140625,31.434810035905045,30.712724237310386,30.712724237310386,4500032
2011-05-30,31.77177619934082,31.85200794093189,31.178062617422047,31.450849232976523,8167114
2011-05-31,32.42966842651367,32.54199370590774,31.77176788240135,31.83595500001208,7467651
2011-06-01,32.30130386352539,32.49386089521849,32.04456188007628,32.26921029943485,1794961
2011-06-02,31.852001190185547,32.47781038310149,31.771769465598872,32.0926985403704,4461069
2011-06-03,32.41361999511719,32.702453284552135,31.851995840905765,31.851995840905765,5649415
2011-06-06,32.57410430908203,32.65433607165193,31.9964351832936,32.349453632745636,4910297
2011-06-07,32.558040618896484,32.63827233981438,32.36548361812364,32.46176211851006,6516069
2011-06-08,32.52595138549805,32.574091730305675,32.20502445914725,32.26920940913241,14162904
2011-06-09,32.57410430908203,32.686427470824384,32.38154720834394,32.413640783942235,6989160
2011-06-10,32.47780990600586,32.670364736330384,32.25316151574819,32.574088409380515,7661567
2011-06-13,32.911067962646484,33.05548684127224,32.26921401826647,32.413632896892224,2849421
2011-06-14,33.28013229370117,33.376410811985096,32.782695096255175,32.782695096255175,4458752
2011-06-15,32.67036437988281,33.32826493993607,32.52594771460887,33.29617355677784,2533103
2011-06-16,32.73455810546875,32.895021582918595,32.36549080147899,32.606186017653755,2472762
2011-06-17,32.95921325683594,33.05549179821577,32.59014587761754,32.60619266391845,2524363
2011-06-20,32.718502044677734,33.28012405649689,31.787812833522672,32.75059342521265,6194464
2011-06-21,32.52595138549805,32.87897187505392,32.221071240749794,32.6703680670709,5126564
2011-06-22,32.83082962036133,32.862923181699415,32.42967098575964,32.525949493349025,2408781
2011-06-23,32.81479263305664,32.99130073211237,32.67037374993775,32.75060549548141,3746535
2011-06-24,33.26408386230469,33.42454732601513,32.67036817600604,32.734555302630234,5675164
2011-06-27,34.7724494934082,35.093376488490215,32.81479395283773,32.81479395283773,29869389
2011-06-28,35.01313781738281,35.26987762154882,34.69221088575025,35.109414155732544,13872282
2011-06-29,35.33406448364258,35.46243438476147,34.94895042743582,35.07732250497975,13356359
2011-06-30,35.141517639160156,35.783371683606866,34.67617389222142,35.301981150271835,30432762
2011-07-01,35.38220977783203,35.54267327475779,35.10942096248805,35.30197802936915,23953730
2011-07-04,35.44639205932617,35.75127224513178,35.20569683214933,35.41430066822444,5307022
2011-07-05,35.1735954284668,35.414290587126914,34.660111552755346,35.30196530918232,10665833
2011-07-06,34.997093200683594,35.205694848580315,34.83662972493991,35.06127815569604,3270036
2011-07-07,35.285926818847656,35.39825212317809,34.804536388446124,35.14151012501223,5856910
2011-07-08,35.045230865478516,35.54266806836746,34.932907739939175,35.06127764810561,12625687
2011-07-11,34.66011428833008,34.91685624644935,34.114536811167305,34.83662452056363,2848918
2011-07-12,34.72430419921875,34.981046194051316,34.19477342679688,34.563840724501546,2954427
2011-07-13,35.36615753173828,35.71917804103297,34.72430364314803,34.7563972081476,3819442
2011-07-14,35.01313781738281,35.39824970005687,34.756395836791754,35.141507719465814,10479376
2011-07-15,35.38220977783203,36.0080169805574,34.77244936008433,34.77244936008433,8242815
2011-07-18,35.0933723449707,35.59080738747465,34.99709382252873,35.4463906920243,2085379
2011-07-19,35.25382995605469,35.41429340794265,34.852671326334786,34.88476271085746,2972184
2011-07-20,35.02918243408203,35.446387880623455,34.93290609570136,35.18964589994988,4177419
2011-07-21,34.66011428833008,35.141504643644396,34.387325549748695,34.981041191872954,3008285
2011-07-22,35.157562255859375,35.350117151454754,34.45152328582528,34.66012496682665,3369044
2011-07-25,34.82058334350586,35.14151029869301,34.43547143256633,35.10941673260421,7429567
2011-07-26,34.981040954589844,35.25382969132085,34.4194188771994,34.66011405322387,5770592
2011-07-27,34.38733673095703,35.02919074674471,34.17873504639626,34.868727242797796,7214188
2011-07-28,33.87385177612305,34.339197666735394,33.264091347385175,34.05036206120785,13905358
2011-07-29,33.72941970825195,34.54778362009672,32.846870860981504,33.376401475198485,9768024
2011-08-01,34.48359680175781,34.8847553467944,33.72941786651927,33.72941786651927,4672455
2011-08-02,34.644065856933594,34.756391138390775,34.2589540263193,34.467555633111495,3239197
2011-08-03,33.58500671386719,34.54778737928729,33.087569601448514,34.194766931396686,12800281
2011-08-04,33.536865234375,34.30708881996619,33.312214693521746,33.8898834709274,6939466
2011-08-05,32.83082962036133,33.280128596970144,32.14083763941638,32.25316292767481,12075758
2011-08-08,32.878963470458984,33.32826018192985,31.57920931569936,31.62734747177679,13716718
2011-08-09,32.70245361328125,33.280122374382394,31.77176444916705,31.77176444916705,7228990
2011-08-10,33.23199462890625,33.50478342332662,32.750604175052864,32.91106765967066,5126905
2011-08-11,33.05548095703125,33.45663960085809,32.83083037534828,32.846877156386334,6299073
2011-08-12,33.248043060302734,33.56897004544228,33.05548817507426,33.296183413928915,6421148
2011-08-16,33.248043060302734,33.66524857626922,33.087579567732966,33.39245976833045,4242848
2011-08-17,33.10361099243164,33.60104802387572,32.959194351412236,32.959194351412236,7430913
2011-08-18,32.943153381347656,33.32826521742619,32.622226488544754,33.21594211080004,5110388
2011-08-19,32.42966842651367,32.9110587500459,31.948278102981444,32.09269694118088,5245806
2011-08-22,33.11967468261719,33.24804461209427,32.01247696749443,32.41363571764221,3059716
2011-08-23,32.47780990600586,33.504775530344354,32.413624962564356,33.16780185674545,2837432
2011-08-24,32.75060272216797,32.97525333180715,32.18898055092042,32.86292802698756,6888368
2011-08-25,31.996416091918945,32.895011731819864,31.771765549625304,32.75059290422408,13758009
2011-08-26,31.274337768554688,32.092701879778694,31.001549006005,31.996423364971452,9286925
2011-08-29,32.07665252685547,32.140837472773974,31.129916412964185,31.194103535307566,6345123
2011-08-30,32.15688705444336,32.44572042444843,31.852004726029588,32.41362903690624,3821904
2011-09-02,31.884096145629883,33.69733450647916,31.56316923324151,33.1196656288951,8166250
2011-09-05,31.178056716918945,31.932233639290533,31.033640044671184,31.819910528175548,7422597
2011-09-06,30.99924659729004,31.503167548018382,30.641624708439384,31.503167548018382,14848826
2011-09-07,31.47065544128418,31.779509504113204,31.080523877458397,31.113035759774426,11526455
2011-09-08,31.275590896606445,31.795765582352345,30.999246510108726,31.730744022233274,7049237
2011-09-09,31.243074417114258,31.519418762951286,31.031753826622182,31.243074417114258,6782680
2011-09-12,30.67412757873535,31.113026840210395,30.397783272652145,30.901704075325387,5271294
2011-09-13,30.755416870117188,30.999249396865224,30.641627475717353,30.836694379033197,4033213
2011-09-14,30.86920738220215,30.99925051925884,30.41405199291649,30.901717064069516,4248247
2011-09-15,31.2105712890625,31.340616631416516,30.527841509680016,30.95048501394172,8283475
2011-09-16,32.3972282409668,32.59229517589213,31.12929757353989,31.34062045384132,6853575
2011-09-19,31.84453010559082,32.59228348144446,31.714484794037567,31.99082915189427,3721222
2011-09-20,32.12088394165039,32.478505922504596,31.779517906252078,31.779517906252078,4399666
2011-09-21,32.267173767089844,32.41347502934985,31.909554093814865,31.95831971137269,2182138
2011-09-22,31.291847229003906,32.00709106403011,31.11303847504087,31.99083512145342,3792171
2011-09-23,31.226823806762695,31.60070164462193,30.787926612049734,31.04801285863813,3612112
2011-09-26,30.966732025146484,31.356865762659957,30.739155481459058,31.226820448557753,1880644
2011-09-27,31.42190170288086,31.63322240345315,31.06427968136481,31.356880118458164,1273121
2011-09-28,31.64946174621582,31.73073923530139,31.178052750478134,31.470650829268976,4398260
2011-09-29,31.681976318359375,32.1696412943493,31.259332898209472,31.47065350588783,9460952
2011-09-30,32.007080078125,32.2184006447091,31.535668929172736,31.535668929172736,6946805
2011-10-03,31.64946174621582,31.909550152248233,31.275586178339413,31.84452860193838,7517061
2011-10-04,31.16180419921875,31.87704583177518,31.080526690864755,31.47065829000522,2740436
2011-10-05,31.17806053161621,31.55193619280112,31.048015193747965,31.226826155320833,3503641
2011-10-07,31.616960525512695,32.137137512908964,31.373127976069522,31.503173325315462,4435678
2011-10-10,31.877038955688477,31.990828324756357,31.40562994988004,31.40562994988004,8326437
2011-10-11,32.0883674621582,32.20215464667201,31.698233672986756,32.02334369410067,5044978
2011-10-12,32.218406677246094,32.44598322343847,31.8932966956018,32.41347354814994,4905765
2011-10-13,32.2996826171875,32.47849353943942,31.958316711941663,32.21840512569054,3531871
2011-10-14,32.153385162353516,32.527260759797855,32.0395957867175,32.104617342169576,5039179
2011-10-17,31.812021255493164,32.250920640986514,31.6332103130776,32.12087531705097,1605713
2011-10-18,31.909557342529297,32.08836829976818,31.535679485612818,31.535679485612818,2025955
2011-10-19,32.494747161865234,32.67355807136818,32.007082247653344,32.18589095236338,5145909
2011-10-20,32.18589782714844,32.478498161049636,32.08836658730809,32.21840971029081,2881549
2011-10-21,32.18589782714844,32.54351972254099,31.9420653179608,32.10462032408589,2127672
2011-10-24,32.75485610961914,32.91741118302084,32.543533191320364,32.59230103621745,3334756
2011-10-25,33.778934478759766,34.055278840564206,32.706071115886175,32.771092670195124,7605862
2011-10-28,34.136558532714844,35.11188852453032,33.56761603748915,34.29911353135076,8504582
2011-10-31,34.08779525756836,34.33162778804955,33.61638613959678,34.13656308654074,4561310
2011-11-01,33.69765853881836,34.18532352581637,33.48633792636985,33.89272541553486,2155435
2011-11-02,33.51884460449219,33.79518895432372,33.29126807187429,33.48633493114279,2429706
2011-11-03,33.84395980834961,33.99025887306263,33.50259385415698,33.64889512366337,2676760
2011-11-04,33.76268768310547,34.136565580029156,33.61638859508913,34.136565580029156,2070811
2011-11-08,33.76268768310547,33.81145551564007,33.61638859508913,33.76268768310547,923114
2011-11-09,33.6651496887207,34.022771593300746,33.61638406754771,33.811450961826544,3342820
2011-11-11,34.282859802246094,34.38039324867855,33.4863406985023,33.64889570762526,7747315
2011-11-14,34.25034713745117,34.78677997820003,33.99025868782687,34.396646201366906,8136060
2011-11-15,33.68141174316406,34.34788784730887,33.56762453817934,33.827710838026626,2602442
2011-11-16,33.87648010253906,34.250355827943665,33.38881496255362,33.38881496255362,5559879
2011-11-17,33.535099029541016,34.25034047324583,33.42130966597284,33.64888839310918,4564324
2011-11-18,32.819862365722656,33.64889329373575,31.974575497004743,33.4863382962741,6971425
2011-11-21,32.20215606689453,32.83612239986144,31.990835425767916,32.34845514188938,5725408
2011-11-22,31.828277587890625,32.34845227564808,31.56818914161523,32.34845227564808,5742603
2011-11-23,30.90171241760254,31.76325523663842,30.609114300824032,31.64946585522829,4916261
2011-11-24,30.982990264892578,31.37312182657258,30.771669645380623,31.17805714812923,10127464
2011-11-25,31.340621948242188,31.60071047227969,30.820444900167182,31.096789370355904,7728058
2011-11-28,31.568191528320312,31.77951216669966,31.27559338213452,31.568191528320312,5436096
2011-11-29,30.950471878051758,31.795756323028904,30.885448132075087,31.665713240660942,5379923
2011-11-30,32.218406677246094,32.47849510352016,30.98298830603915,31.031756126161696,13613461
2011-12-01,32.51099395751953,33.161213660286535,32.34843682703549,32.51099395751953,4222484
2011-12-02,33.61637496948242,33.811441810967615,32.47849020533543,32.52725581331031,5707744
2011-12-05,33.37255096435547,33.63263941721556,33.11246251149539,33.22625189861961,2957969
2011-12-07,33.535099029541016,33.99025207422782,33.11245565673587,33.177477205292135,5975381
2011-12-08,32.31594467163086,33.61638478166604,32.18589933775125,33.47008571024578,5809203
2011-12-09,32.03959655761719,32.10461811463374,31.568187513255644,31.714486567741194,4296964
2011-12-12,31.405635833740234,32.31594434245088,31.1130376938802,32.185899009895955,8160604
2011-12-13,32.218406677246094,32.47849510352016,31.080521741491072,31.340610167765142,3981949
2011-12-14,31.32434844970703,32.34844382106701,31.210559095203585,32.169635127979824,5776327
2011-12-15,32.2996826171875,32.62479258317533,30.85294370950026,30.869199648758265,12973287
2011-12-16,31.893293380737305,32.93364477291034,31.40562845895686,32.26716893885181,12589918
2011-12-19,32.23466873168945,32.46224532104947,31.291848283207106,31.40563768028391,4820722
2011-12-20,31.71448516845703,32.33219544484317,31.454396747073034,32.33219544484317,6670657
2011-12-21,31.828277587890625,32.13713165324557,31.535677259033303,32.023342269002164,10259801
2011-12-22,32.72232437133789,32.83611373563887,31.698226707007944,31.77950419442494,3456402
2011-12-23,32.91740417480469,33.144980788156445,32.36471527907264,32.673571616614836,3249611
2011-12-26,32.787353515625,32.868631021870236,32.57603288130478,32.70607600937977,1273482
2011-12-27,32.16964340209961,32.77109558901833,31.58444495161095,32.75484185258827,4187065
2011-12-28,32.5760383605957,32.81987092034405,31.990839776240904,32.25092828093124,3375709
2011-12-29,32.51099395751953,32.67354888321128,32.25090563545427,32.51099395751953,2924882
2011-12-30,32.54351806640625,32.77109462244137,32.29968556962721,32.51100838971167,2087779
2012-01-02,32.51099395751953,32.59227142036541,32.03958290917962,32.397204627618386,1861469
2012-01-03,32.80360794067383,32.949907004190266,32.51100981364097,32.624796994245585,3372939
2012-01-04,32.99868392944336,33.25877024529502,32.2996958924086,32.7711050958822,3739279
2012-01-05,32.93364715576172,33.24250339240373,32.72232655628434,32.98241497434403,5389056
2012-01-06,32.42973327636719,32.93365204294498,32.13713293583225,32.90114236385894,7340405
2012-01-09,32.966156005859375,33.09619910054421,32.218402699439345,32.218402699439345,2368495
2012-01-10,33.356285095214844,33.58386159693898,32.8523642811732,32.8523642811732,3215986
2012-01-11,32.5760383605957,33.38881355975686,32.4785048957376,33.38881355975686,4377469
2012-01-12,32.689815521240234,32.966159885962234,32.332195866368814,32.966159885962234,4082544
2012-01-13,33.14497756958008,33.226255081084155,32.67356844381513,32.70607812554059,5766505
2012-01-16,32.559776306152344,33.14497478070077,32.429733180605325,32.77109693636461,4899595
2012-01-17,32.67356872558594,32.91740126220095,32.54352338318176,32.67356872558594,10428799
2012-01-18,32.218406677246094,32.91739446065722,31.958318250972027,32.787349145123606,6295415
2012-01-19,32.494747161865234,32.90113459037514,32.21840282856134,32.36470186186632,8276461
2012-01-20,32.98241424560547,33.22624671875031,32.478493360147525,32.51100523848406,6881600
2012-01-23,32.83611297607422,33.56761034590621,32.72232361440542,33.16122291822177,18551268
2012-01-24,32.689815521240234,32.99867176585653,32.52726053135509,32.7710930161828,10219894
2012-01-25,32.787353515625,32.99867635473869,32.3647100421911,32.868631021870236,13171474
2012-01-27,33.535099029541016,34.120297376133294,32.88487913439246,32.99866849796064,9816649
2012-01-30,33.07994842529297,33.64889087552108,32.9173934395135,33.1612259181827,4243234
2012-01-31,33.84395980834961,34.071536376213565,33.03118477684019,33.16123010475773,10322025
2012-02-01,33.4700813293457,33.94149036657202,33.37254789290053,33.94149036657202,10757718
2012-02-02,34.169063568115234,34.477917582610765,33.37254462395531,33.55135553912419,11556658
2012-02-03,34.77051544189453,35.20941472994509,34.250338671226665,34.315360216361945,11926606
2012-02-06,35.43700408935547,35.59955911353061,34.575461138351045,35.014360585541375,9084488
2012-02-07,35.03061294555664,35.84338798329175,34.738014813889365,35.599555471971215,6079363
2012-02-08,35.01436233520508,36.00594847318162,34.510441294122536,35.30696271621772,11508450
2012-02-09,35.371978759765625,35.92466534223872,35.07937842448454,35.778366276994866,11499785
2012-02-10,34.900577545166016,35.51828582863028,34.46167804574032,34.91683128568306,8590813
2012-02-13,35.91596984863281,36.19438904610019,34.83505126381725,34.83505126381725,15608851
2012-02-14,35.834083557128906,36.11250276583446,35.62117631848146,35.86683954215796,5735198
2012-02-15,36.25990295410156,37.04602666117514,35.801332457652464,35.866842211238435,15930040
2012-02-16,36.25990295410156,36.767607431750626,35.78495446391914,36.12888344692963,3862429
2012-02-17,36.58746337890625,37.177055755924364,36.35817807155139,36.685729145300584,8544515
2012-02-21,36.21076202392578,36.68571039382822,36.112496307758825,36.53831293025115,6934289
2012-02-22,36.01424026489258,36.91500549922977,35.93235251631647,36.14526199542276,5872252
2012-02-23,36.898624420166016,37.37357509927489,35.899595748143746,35.899595748143746,18016976
2012-02-24,37.4390869140625,37.73388637220066,36.947762628772765,37.02965037987896,10958004
2012-02-27,36.53832244873047,37.6683729256694,36.39092494675536,37.6683729256694,11266052
2012-02-28,36.620208740234375,37.14428897323034,36.27627976840585,36.685718491690466,9416477
2012-02-29,37.01327133178711,37.30806633883895,36.685720336686245,36.76760808546146,7991077
2012-03-01,36.849510192871094,37.20981731641683,36.52195907013795,36.63660285163384,2777389
2012-03-02,36.767601013183594,37.01326421225573,36.45642807196161,36.80035699493198,3172662
2012-03-05,36.128883361816406,36.80036333252217,35.75219839222669,36.652963610616844,3649302
2012-03-06,36.37455368041992,36.62021696959659,35.8996050989479,36.128890391243246,4557989
2012-03-07,35.57204818725586,36.128884440064255,34.98245594608041,36.03061869631045,15488701
2012-03-09,36.07975387573242,36.27628538185955,35.73582707203133,35.73582707203133,3852720
2012-03-12,36.30903625488281,36.63658723802178,35.98148527174384,36.35816801381475,5124092
2012-03-13,36.47281265258789,36.734851668531384,36.030617925825425,36.47281265258789,9731037
2012-03-14,36.882259368896484,37.14429844151604,36.53833030939855,36.76761560861457,4398722
2012-03-15,36.14527130126953,37.1115465389723,35.94873976554955,36.7839954603376,4513645
2012-03-16,35.31000518798828,36.685718868069344,35.12985170362531,36.194392395087014,3682825
2012-03-19,35.326385498046875,35.522914767319755,34.5238837624702,35.44102701645254,3294232
2012-03-20,35.19536209106445,35.6375568132695,34.88418909682812,35.32638381903317,3413743
2012-03-21,35.62118148803711,35.83408875758291,34.94970146826944,35.17898673270664,3430274
2012-03-22,34.802303314208984,35.60480283559227,34.491128081061596,35.37551757538954,3948023
2012-03-23,35.277252197265625,35.44102770216881,34.6221501776529,34.91694519793965,3647743
2012-03-26,34.70403289794922,35.21173733380039,34.474747668601076,35.04796185264499,4778733
2012-03-27,34.63852310180664,35.09709355986812,34.32734791096443,35.04796180412836,5834802
2012-03-28,34.78591537475586,35.01520056940878,34.4747424519164,34.802293364662525,4875221
2012-03-29,34.654903411865234,34.88419089227481,34.39286438513558,34.785925146577476,12199593
2012-03-30,35.424652099609375,35.81771511499822,34.654906286045076,34.654906286045076,8544753
2012-04-02,35.57204818725586,35.817711435966686,35.26087296181092,35.40827268811531,8676278
2012-04-03,36.06337356567383,36.19439307238194,35.539291096146776,35.75219834988428,3566758
2012-04-04,36.30903625488281,36.4564337530259,35.784953793321556,36.04699502410218,3850338
2012-04-09,35.93235397338867,36.30903896492191,35.55567120320286,36.063375709231835,4475284
2012-04-10,36.16164016723633,36.456437414477314,35.73582562346739,35.93235490028056,4598397
2012-04-11,36.58746337890625,36.685729145300584,35.719453922010054,35.719453922010054,4023851
2012-04-12,36.60383605957031,37.27531388613494,36.39092878110068,36.57108006841457,5102969
2012-04-13,36.68571853637695,37.111535253381085,36.210770061057715,36.68571853637695,6602489
2012-04-16,36.636592864990234,36.9313879065536,36.44006135638292,36.66934663552638,4350870
2012-04-17,37.20980453491211,37.308068060900126,36.358171019801325,36.407302782795334,9477019
2012-04-18,37.29169845581055,37.75026905743068,37.07878893114219,37.24256446334193,4441325
2012-04-19,37.55372619628906,37.668369922767766,37.111533725615075,37.17704347445413,2496045
2012-04-20,37.29169845581055,37.783025052409755,37.11154492612127,37.40634221688949,2778756
2012-04-23,36.276275634765625,37.50459166465426,36.096122172779225,37.16066273201604,3854809
2012-04-24,36.03061294555664,36.52193936455894,35.784949736055495,36.39091987469713,3169871
2012-04-25,35.522911071777344,36.178013010563106,35.277247844732685,35.96510576899661,3380361
2012-04-26,35.40827178955078,36.292659018196964,35.12985255953841,35.81771052701173,4377198
2012-04-27,35.457401275634766,36.03061547132004,35.29362579115326,35.441023282917186,1965594
2012-04-30,36.4400634765625,36.70210476283598,35.40827854971112,35.40827854971112,3199398
2012-05-02,35.89960479736328,36.63659465870201,35.73582927262134,36.292665612474394,3811572
2012-05-03,35.58843231201172,35.86685161442925,35.4246567744362,35.70307607685373,1452253
2012-05-04,34.96607971191406,35.57204997777455,34.753170219506124,35.40827447039036,5666533
2012-05-07,34.654903411865234,35.04796639465455,33.80327213229902,34.85143490325989,4565509
2012-05-08,34.63852310180664,35.09709355986812,34.40923565142877,34.6548988728218,2959419
2012-05-09,34.147193908691406,34.80229577964207,33.98341844095374,34.409232879994114,2412310
2012-05-10,33.57398986816406,34.50750898219359,33.41021435117493,34.11444818568918,3946438
2012-05-11,33.19730758666992,33.73776817015689,32.820624755039326,33.57399263964832,3389145
2012-05-14,33.164546966552734,33.344698235841676,32.82061797921935,33.082659218204185,2233766
2012-05-15,33.70500564575195,33.85240315038438,32.7878624083151,33.115413405874875,3494080
2012-05-16,34.245460510253906,34.491123734084205,33.082656361201565,33.508470838763024,4435353
2012-05-17,34.31097412109375,34.98245407594263,34.01617690559199,34.39286186628637,4208594
2012-05-18,34.42561721801758,34.769546207945545,33.59036173429175,34.01617847318603,4935351
2012-05-21,34.04893493652344,34.68765894310568,33.81964968048717,34.360107942668904,1491370
2012-05-22,33.967044830322266,34.245461828572964,33.77051335515346,34.179952077299106,2362045
2012-05-23,33.93429183959961,34.376486587091044,33.49209931345561,34.032557585858534,3087547
2012-05-24,34.50749969482422,34.65489717617427,33.55760284048207,34.196326740563656,2135683
2012-05-25,34.09806823730469,34.392865483813964,33.983426714785104,34.22908997620242,1446600
2012-05-28,34.85144805908203,35.16262340814482,33.90155067524857,33.90155067524857,890739
2012-05-29,35.1626091003418,35.45740410741322,34.65490239228491,35.277250615826304,5201353
2012-05-30,34.7531623840332,35.26086678672629,34.54025516097497,35.12984729889768,4048557
2012-05-31,34.76954650878906,35.04796574622248,34.409239521680796,34.44199551008968,8033660
2012-06-01,33.9506721496582,34.68766196484214,33.737764869366316,34.55664244179292,3787828
2012-06-04,34.081695556640625,34.212717315968604,33.442971421628705,33.73776871410578,3267896
2012-06-05,34.70403289794922,35.11347160083773,34.22908444686797,34.36010394325344,12393979
2012-06-06,35.91596984863281,36.3909205056474,34.72040976353726,34.72040976353726,9494285
2012-06-07,35.39189910888672,36.27628647029893,35.21174559308943,35.91597943870435,4231838
2012-06-08,35.04796600341797,35.539292505072574,34.63852725203913,35.3100072485699,3997879
2012-06-11,35.12986373901367,35.5393026067715,35.04797596546211,35.37552705966837,2205393
2012-06-12,35.2608757019043,35.4246512137717,34.736793175389565,35.015212434103184,3376544
2012-06-13,35.24449920654297,35.45740647907459,34.93332396328483,35.211743216300796,2496726
2012-06-14,34.62215042114258,35.408274183014946,34.3928651569351,35.06434517603,6671985
2012-06-15,34.73680114746094,34.96608869377467,34.54027182092523,34.7859351451059,10286920
2012-06-18,35.06433868408203,35.21173616797227,34.62214401106424,34.884185216506374,3027005
2012-06-19,35.62118148803711,35.99786426380198,34.91694547848663,35.06434521116177,9746993
2012-06-20,35.506534576416016,35.997861051225506,35.37551507167239,35.49015880433351,8882639
2012-06-21,35.948734283447266,35.99786604921082,35.01521296315915,35.21174446890851,4083003
2012-06-22,36.0469970703125,36.259904332899616,35.62118032379087,35.70306807422397,7332263
2012-06-25,35.326385498046875,36.17801677425751,35.12985400742659,35.91597552721292,5097127
2012-06-26,35.98148727416992,36.03061903583612,35.14623177641282,35.14623177641282,1992235
2012-06-27,35.965110778808594,36.489191070031424,35.73582551256439,36.030620537543015,5727518
2012-06-28,35.93235397338867,36.29266097027309,35.6048029658019,36.03061971993419,3083553
2012-06-29,37.193424224853516,37.537353208444465,36.12888350790606,36.14526150166703,7486892
2012-07-02,36.882259368896484,37.32445419130065,36.78399360599024,37.20981043101874,2634447
2012-07-03,36.571075439453125,37.17704564970109,36.39092417494177,37.11153589702903,4091332
2012-07-04,37.01327133178711,37.144290841288516,36.45643508438511,36.620210581935545,3061761
2012-07-05,37.4390869140625,37.60286241627488,36.84949688317585,37.01327238538824,2830305
2012-07-06,37.01327133178711,37.504597824438406,36.70209833071076,37.340822326887974,3797719
2012-07-09,36.947757720947266,37.01326746886098,36.71847249257571,36.96413571326247,2397364
2012-07-10,37.06240463256836,37.2589361263343,36.603834108911094,36.65296587167886,3199920
2012-07-11,37.22618103027344,37.50460028289874,36.91500800879941,36.91500800879941,2903254
2012-07-12,36.83312225341797,37.20980727572535,36.718480724205165,37.20980727572535,2728401
2012-07-13,36.70210266113281,37.01327569892397,36.60383690673886,36.88225617396378,1672753
2012-07-16,36.898624420166016,37.07877789624036,36.3909221985208,36.60382943847865,3148848
2012-07-17,36.767601013183594,37.02964220312992,36.65295729841116,36.94775447010588,2407572
2012-07-18,36.423675537109375,36.865870225824374,36.27627804798676,36.71847273670175,2516255
2012-07-19,36.68571853637695,36.947759763867744,36.52194304686361,36.669340543156174,2171498
2012-07-20,36.4400634765625,36.84950229219364,36.29266594720484,36.45644147345729,1581366
2012-07-23,35.801334381103516,36.358170648521636,35.719446629384755,36.243526907576396,2728477
2012-07-24,36.341793060302734,36.8003658078643,35.67031304443051,35.75220079706499,8366909
2012-07-25,36.276275634765625,36.489182858074194,35.55566400816702,36.24351965209647,6131518
2012-07-26,36.60383605957031,36.84949932919568,36.0961315247417,36.34179479436707,10181302
2012-07-27,37.455474853515625,37.66838216175592,36.71848494158675,37.11154578367924,4785341
2012-07-30,38.70016098022461,38.81480472567585,37.34082513680424,37.488224872769415,10354713
2012-07-31,38.96220016479492,39.535414386140644,38.70015671227729,38.716536927075325,13034800
2012-08-01,38.97858428955078,39.14235981645902,38.52001370274683,38.81480876264255,5116745
2012-08-02,38.683773040771484,39.06045570648231,38.61826108034628,38.683773040771484,5172210
2012-08-03,38.74929428100586,38.99495755555802,38.225216182784095,38.43812346552359,3992386
2012-08-06,39.45352554321289,39.666432788110995,38.84755535181489,38.96219908143523,3989076
2012-08-07,38.8311767578125,39.58454669625805,38.58551351667268,39.38801521480727,5499481
2012-08-08,38.96220016479492,39.07683945490843,38.7492884712823,38.896688190991874,5783459
2012-08-09,38.994956970214844,39.38801998067621,38.76567391635833,39.0113371872229,4304923
2012-08-10,39.15873336791992,39.813839881039385,38.716543024539774,38.96220630094885,4906011
2012-08-13,39.27336883544922,39.388012562132445,38.68377887349876,38.978573854473986,2775124
2012-08-14,39.32250213623047,39.60092135691207,38.863931654181386,38.863931654181386,3520379
2012-08-16,39.33888244628906,40.12500390923781,38.896687735038356,39.30612645977151,3368688
2012-08-17,38.536380767822266,39.63367743862004,38.07781028467089,39.42077019030274,4100386
2012-08-21,39.15873336791992,39.388020869646496,38.1760802622836,38.339855779889646,2904667
2012-08-22,38.96220016479492,39.17510741561299,38.716536927075325,38.83117621718883,1988035
2012-08-23,38.47087097167969,39.06046092347883,38.25795929320766,39.06046092347883,4652302
2012-08-24,38.356239318847656,38.765678148319445,38.06144425016709,38.32348332395079,5080546
2012-08-27,38.74929428100586,38.880318248256515,38.24159195734282,38.257967731901545,1296282
2012-08-28,39.797462463378906,40.28878905076147,38.71654574821549,38.81480928861378,4356311
2012-08-29,38.994956970214844,40.25602931585866,38.749293699350275,39.961234279360205,6345767
2012-08-30,39.87933349609375,40.2887721471277,38.71652950423482,38.96219269485519,9698034
2012-08-31,39.125980377197266,39.862970179274626,38.91306865799663,39.862970179274626,6414695
2012-09-03,39.813846588134766,39.96124191319348,39.322515509851044,39.33889572998824,3891463
2012-09-04,40.599952697753906,40.845615921041244,39.63367557574599,39.63367557574599,8607402
2012-09-05,40.61981964111328,41.19915676836119,40.47084544090378,40.71913278115289,5181748
2012-09-06,40.09013748168945,40.603262834970586,39.49424519481628,40.603262834970586,2059057
2012-09-07,40.354984283447266,40.66948343300326,40.2225652431635,40.55361508894837,1292419
2012-09-10,40.37152862548828,40.71912907413185,40.057029560410996,40.17289787334209,2343064
2012-09-11,40.040489196777344,40.354983852826514,39.79220181508812,40.13980235339269,1345773
2012-09-12,40.189449310302734,40.35497419180204,39.77563710655445,40.22255518463255,2846913
2012-09-13,40.106693267822266,40.58671729680899,39.89151178557495,39.95772354479743,2572173
2012-09-14,39.72599411010742,40.669487154970554,39.36183834838729,40.388093862270836,13519349
2012-09-17,38.93147277832031,40.09014726939138,38.71629127086589,39.99082961892325,12665195
2012-09-18,38.9480094909668,39.65976552475757,38.73282806077183,38.964564671842965,8408810
2012-09-20,38.65007400512695,39.13009802205219,38.40178664950709,38.40178664950709,6301939
2012-09-21,39.808746337890625,40.05703368107726,38.81559696514409,38.81559696514409,8707245
2012-09-24,39.09698486328125,40.222553101143276,38.898354117741,39.79219022759735,7593484
2012-09-25,38.86524963378906,39.47769258352523,38.269361866026664,39.32871839650978,11733607
2012-09-26,38.73283386230469,39.04733295441518,38.50109721652326,38.73283386230469,9302273
2012-09-27,38.65007400512695,39.179754595146086,38.41833734382159,38.765942335779634,12478679
2012-09-28,39.891510009765625,39.95772176604062,38.898360606542425,38.898360606542425,8847242
2012-10-01,39.742530822753906,40.0570298904222,39.32871862326917,39.742530822753906,5138030
2012-10-03,38.9480094909668,40.05702700369398,38.832141185431226,39.725977267963444,12133968
2012-10-04,39.06387710571289,39.39492683558928,38.5673025108983,39.163190228616074,7257841
2012-10-05,39.13009262084961,39.42803650843761,39.06388087243016,39.31216819377845,11584935
2012-10-08,39.29561996459961,39.54390730150929,38.74938423127826,39.06388332075721,6807880
2012-10-09,39.792198181152344,39.89151132869814,39.014230224875504,39.42804248990037,5205666
2012-10-10,39.54391098022461,39.94116806214636,39.06388695481657,39.659774822774416,7436554
2012-10-11,39.44459533691406,39.92461938659777,39.26251972642752,39.72598859051656,5476615
2012-10-12,39.70943069458008,39.858400397015366,38.070732536742796,39.3949316169669,2847441
2012-10-15,39.34528350830078,40.04048907291013,39.21286446983968,39.593570889221915,7208908
2012-10-16,39.26251983642578,39.62667554856978,39.14665149754123,39.42804475193208,4006297
2012-10-17,39.64323043823242,39.725992904741666,39.22941810568618,39.52736208708924,2639928
2012-10-18,39.92462158203125,40.02393474045769,39.527359968023625,39.72599077502744,2525746
2012-10-19,39.52735137939453,39.891507031418136,39.39493236688139,39.72598214323922,3153069
2012-10-22,39.26251983642578,39.46115063306348,39.04733834429773,39.21286325980403,4657141
2012-10-23,38.881805419921875,39.27906244121962,38.8321443633786,39.113537559808115,3935245
2012-10-25,38.63352584838867,39.06388883033727,38.43489505281598,38.99767706842948,12050023
2012-10-29,38.05419158935547,38.252817910134134,37.789349011398876,37.789349011398876,2123473
2012-10-30,37.47484588623047,38.18660430317954,37.34242686427839,38.1038418531907,2570824
2012-10-31,37.739688873291016,37.90521378510237,37.425191989864494,37.62382053699294,1852024
2012-11-01,38.71630096435547,38.86527074212905,38.170064975395924,38.170064975395924,4524439
2012-11-02,39.06387710571289,39.163190228616074,38.765933246854004,38.9314581117922,4726469
2012-11-05,38.7493896484375,39.063888781883385,38.66662719123076,39.03078290097056,3632141
2012-11-06,39.610103607177734,39.692866029920964,38.5672979786428,38.96455940386982,4718509
2012-11-07,39.72599411010742,39.92462493378671,39.394944234025715,39.56046917206657,4694784
2012-11-08,39.34528350830078,39.49425324276296,39.130102009532635,39.37838939045377,3005197
2012-11-09,39.57701110839844,40.02392924020193,39.196304733214106,39.29562236814284,5518512
2012-11-12,39.72599411010742,39.974281517168706,39.610125755448564,39.610125755448564,5986709
2012-11-15,39.69287872314453,39.825297743849674,39.279066477097054,39.42804068173424,11277862
2012-11-16,39.42804718017578,39.70944045189672,39.1632046049645,39.6597793820658,7952790
2012-11-19,39.742530822753906,39.85839913663958,39.29561723943017,39.42803624523535,4682624
2012-11-20,40.42119216918945,40.53706050212373,39.759092541165565,39.77564323580597,5826060
2012-11-21,39.759090423583984,40.53705834310733,39.510803076298885,40.42119001634424,8050611
2012-11-22,39.42804718017578,39.94117265378674,39.29562813764563,39.808753611256584,3266009
2012-11-23,39.64323043823242,40.05704277077866,39.345286456829356,39.56046797172317,2809752
2012-11-26,39.858402252197266,39.9246140053502,39.411484143790155,39.72598323604148,2935121
2012-11-27,39.2459602355957,40.04048333276228,39.146647093524976,39.891509129506,7105541
2012-11-29,39.03077697753906,39.41148332488277,38.699727198953234,39.22940774272056,15583782
2012-11-30,39.03077697753906,39.3452760632556,38.83214621235757,39.13009460520481,9986088
2012-12-03,39.37838363647461,39.42804020737284,38.914910334357316,39.113541108100414,5791740
2012-12-04,39.87495803833008,40.05703362702787,39.29562090500964,39.37838335262685,8486828
2012-12-05,39.775638580322266,40.13979423114341,39.394932236797864,39.97426934351107,7991825
2012-12-06,39.742530822753906,39.92461088461703,39.279062057360946,39.89150501062831,3888336
2012-12-07,39.29561996459961,39.87495708405554,39.09698919704185,39.825296024553566,3172271
2012-12-10,39.2459602355957,39.44459100988735,39.063884645082645,39.328722684038034,2674532
2012-12-11,38.89836120605469,39.461147672615105,38.83214944875922,39.39493591531963,5034484
2012-12-12,38.81560134887695,39.17975705804084,38.66662713008015,39.047338024749614,6283865
2012-12-13,39.14665222167969,39.31217714024788,38.93147072557119,39.03078388065179,7727857
2012-12-14,38.48454284667969,39.13009166243368,38.319017969835045,39.13009166243368,6097530
2012-12-17,38.51765823364258,38.79905149181037,38.21971427976229,38.50110304777932,3910978
2012-12-18,38.76594924926758,39.03078734643296,38.43489938273525,38.732843364584106,4553554
2012-12-19,38.46800231933594,38.96457708107829,38.153503174172116,38.91491601278338,6136261
2012-12-20,38.335575103759766,38.69973079204435,38.23626195702325,38.69973079204435,2121800
2012-12-21,37.97142791748047,38.31902845793427,37.90521615256027,38.26937187931957,3053451
2012-12-24,37.872100830078125,38.38523065492938,37.69002525715818,38.00451983676079,2156093
2012-12-26,38.1700439453125,38.46799231700696,37.93831181084418,38.004519067770985,2963625
2012-12-27,37.557613372802734,38.401790924910514,37.44174727432548,38.18660942411314,7464142
2012-12-28,37.57416534423828,38.20315913423879,37.17690599028663,37.87210929843318,6441596
2012-12-31,37.98796844482422,38.07073088374475,37.5410503766234,37.57415625022155,1528669
2013-01-01,37.690032958984375,38.269370160487604,37.64037413752461,38.120395941183645,6397127
2013-01-02,37.441749572753906,38.004531648605884,37.37553780375901,37.772799437426066,10823940
2013-01-03,37.789344787597656,37.98797557632593,37.45829496976737,37.673476453326955,7768126
2013-01-04,38.05419158935547,38.12039886623135,37.5907204455447,37.90521735862045,7374977
2013-01-07,37.872100830078125,38.12038815141429,37.590709879608745,38.07073158517701,5751436
2013-01-08,38.55076599121094,38.650079150620314,37.7396920588141,37.756242755332,7147399
2013-01-09,38.2528076171875,38.716280881363836,38.1038379166878,38.650069132152986,8208348
2013-01-10,37.70657730102539,38.63351936133585,37.5741582895953,38.302469587685664,5482985
2013-01-11,37.45829391479492,37.80589890781711,37.35898076830309,37.77279302893637,7053838
2013-01-14,37.09414291381836,37.8390027869057,36.99482751571493,37.44174568464268,10369465
2013-01-15,36.76309585571289,37.4417485080068,36.6968863336764,37.24311769682182,7333310
2013-01-16,37.09414291381836,37.210009007376236,36.54790934678718,36.746540142994036,12729863
2013-01-17,37.292762756347656,37.42518400458768,36.82929400019463,37.11068718826421,8720890
2013-01-18,38.05419158935547,38.21971651677171,37.07759272153926,37.30932717090689,11437257
2013-01-21,37.70657730102539,38.10383882546557,37.47484290848526,37.855551495227935,5767870
2013-01-22,37.57416534423828,38.153502556898104,37.342430908189435,37.772796143751805,5102821
2013-01-23,37.12723922729492,37.93831294761086,36.928610715338394,37.73968219057942,4125262
2013-01-24,36.729984283447266,37.25966486785371,36.64722183245095,37.14379653842881,7597320
2013-01-25,36.746543884277344,36.96172539784697,36.51480942849262,36.51480942849262,5876853
2013-01-28,37.04448318481445,37.16035152060945,36.332726965146016,36.779645123126386,4530765
2013-01-29,37.110694885253906,37.54105785733818,36.81274869872407,36.961720669451346,8933771
2013-01-30,36.91206359863281,37.34242881001407,36.696882115479816,37.0775885072352,6691139
2013-01-31,36.48169708251953,37.06103424190845,36.283068546345575,36.81274688788463,10621030
2013-02-01,36.564453125,36.812740435505084,36.38237531494798,36.465137751783004,6533829
2013-02-04,36.812744140625,36.97826903095476,36.58100974317833,36.59756268122631,4150438
2013-02-05,36.28307342529297,36.729989375587074,36.15065213829527,36.663779854625965,2184943
2013-02-06,36.20030212402344,36.6306650277294,36.08443380682572,36.43203651334394,2852740
2013-02-07,36.94516372680664,37.19345105105716,36.24995832087523,36.24995832087523,5059086
2013-02-08,36.82930374145508,37.342431443322184,36.614122243127945,37.07759112186735,5162866
2013-02-11,37.259666442871094,37.32587595745188,36.53135729233198,36.912063684977916,3760946
2013-02-12,37.35898208618164,38.186606636643546,36.87895805085351,36.978273445923996,9796530
2013-02-13,36.382381439208984,38.07073633287495,36.18375290441456,38.07073633287495,7821046
2013-02-14,34.991973876953125,36.54790755399896,34.37953082292034,36.415488526406854,14843823
2013-02-15,35.51639938354492,35.71810246967966,34.79363417119673,35.16342012270949,8479053
2013-02-18,36.39043426513672,36.77702909379705,35.381923637535714,35.381923637535714,8321446
2013-02-19,36.44086456298828,36.524907128384285,36.03746070504757,36.39043993567088,8484570
2013-02-20,36.3568229675293,36.86107837335797,36.10469526461496,36.47448347414288,7964693
2013-02-21,35.919803619384766,36.62575982319699,35.75171620346692,36.23916492204748,6464828
2013-02-22,36.65937805175781,36.81065421949754,35.97022853227619,36.17193160912955,14054231
2013-02-25,37.66788864135742,37.735122239955444,36.72661142158342,36.81065398978109,15983553
2013-02-26,37.298099517822266,37.617460813208275,37.04597181939112,37.617460813208275,17614848
2013-02-27,36.60895538330078,37.60065963293808,36.50810611299265,37.48299911117746,9561570
2013-02-28,35.062564849853516,36.97873712489814,34.306181777009726,36.844269934979415,11505348
2013-03-01,36.28959274291992,36.642572015773645,35.06256977345705,35.53320956386227,9664596
2013-03-04,36.45767593383789,36.81065518771527,35.734908455936484,36.3063997621192,5835406
2013-03-05,36.50809860229492,36.64256578824281,35.802140176567555,36.49128963410134,4342564
2013-03-06,36.18874740600586,36.6425783032331,36.08789812200084,36.50811107135896,2348098
2013-03-07,36.373634338378906,36.5753374259469,36.020655075035286,36.020655075035286,3784471
2013-03-08,36.978736877441406,37.02916150337338,36.32320534132361,36.60894868793884,5865486
2013-03-11,37.11321258544922,37.23087311269893,36.64257503605228,36.961936393128845,3872022
2013-03-12,36.726619720458984,37.18045060319584,36.340024731313584,37.18045060319584,5729772
2013-03-13,36.91150665283203,37.0627828242394,36.57533636979314,36.676187910664936,4784709
2013-03-14,36.86107635498047,36.97873685515139,36.558524039970145,36.84426966621356,4923712
2013-03-15,36.64256286621094,36.99554205092658,36.45766879042654,36.77703004143585,4917271
2013-03-18,36.55852127075195,36.64256382742219,36.47447871408172,36.60894589283399,3593844
2013-03-19,36.00384521484375,36.777034996256006,35.31469343961882,36.62575883379711,5195989
2013-03-20,35.07938003540039,35.93661479250476,34.89448590664441,35.81895427062346,5025753
2013-03-21,34.154911041259766,35.398740724795346,33.9027833102809,34.96172114827262,4921271
2013-03-22,34.440650939941406,34.69277862864345,33.90277762545687,34.171714282699135,8653798
2013-03-25,34.9281005859375,35.146610357810566,34.625548243374695,34.76001544455802,4166875
2013-03-26,35.29788589477539,35.398735147436675,34.7936305122672,34.7936305122672,3767435
2013-03-28,35.56682205200195,35.768525127003315,34.99533304589885,35.281078688850684,4534130
2013-04-01,35.465972900390625,35.785334203597614,35.21384519578503,35.38193033218876,1691135
2013-04-02,35.802146911621094,36.1887418537973,35.33150711266657,35.61725278631042,4652635
2013-04-03,35.7012825012207,35.835749664020035,35.482770511921814,35.5836220239213,2361750
2013-04-04,35.12980651855469,35.78533816717572,34.89448547768488,35.55001940610674,3713922
2013-04-05,35.18022537231445,35.297885873415346,34.877673054912805,34.877673054912805,8205260
2013-04-08,35.01213836669922,35.6340542166407,34.79362862471996,35.2978839798724,3096875
2013-04-09,34.72639465332031,35.70128976116264,34.55830952574065,35.14660747226947,2293912
2013-04-10,35.163421630859375,35.23065523585435,34.59193256870086,34.81044235488475,1905585
2013-04-11,34.81044006347656,35.23065291678552,34.67597286233795,35.23065291678552,3329986
2013-04-12,35.465972900390625,35.5836311279929,34.64235390817186,34.64235390817186,1819318
2013-04-15,34.9785270690918,35.29789067846861,34.844059860786324,35.29789067846861,2619515
2013-04-16,35.93661117553711,36.272781455876256,34.961718274473824,34.97852496465029,2546545
2013-04-17,35.93661117553711,36.35682402596104,35.71810140523691,35.93661117553711,3775629
2013-04-18,35.97023391723633,36.272786298009684,35.38193584810962,35.684488228882984,5080676
2013-04-22,36.77703094482422,37.18043704000859,35.71809564446588,35.71809564446588,5577118
2013-04-23,36.87788772583008,36.97873926400329,36.54171745178643,36.64256898995964,2951714
2013-04-25,36.92831039428711,37.75192701515687,36.306394546801606,36.67618271770655,7103973
2013-04-26,37.07958984375,37.21405703797154,36.81065317550639,37.062780874522176,3417359
2013-04-29,37.13002014160156,37.449381486496435,36.82746776850133,36.82746776850133,5263605
2013-04-30,37.71830749511719,38.037668749409214,36.81064835351871,37.045967052481245,5652599
2013-05-02,38.62596893310547,38.82767198980798,37.398948464266184,37.41575743229145,7787838
2013-05-03,37.65107727050781,38.726823898671185,37.53341677061481,38.289799836154444,3489204
2013-05-06,37.684696197509766,37.970439550784064,37.24767440331323,37.49980209844964,1570856
2013-05-07,37.886390686035156,38.23936985649326,37.11319876022218,37.61745406664802,4295563
2013-05-08,38.57554626464844,38.7100134560675,37.8695878101972,37.8695878101972,4623152
2013-05-09,38.155338287353516,38.72682962296378,37.92001953258499,38.65959373891497,3439496
2013-05-10,37.76874542236328,38.508317389412426,37.65108489863221,37.936830582092874,3388720
2013-05-13,37.71830749511719,37.98724412813161,37.44937086210277,37.51660673020654,3486486
2013-05-14,38.44108581542969,38.71002024543635,37.751936208985676,37.751936208985676,5187764
2013-05-15,38.239383697509766,38.86129971246193,37.98725595303742,38.5251293864988,7598979
2013-05-16,38.289798736572266,38.74362947478339,38.05448002334442,38.071288991389345,7843384
2013-05-17,39.0125732421875,39.298318928384475,38.23938332386798,38.32342590453757,4225774
2013-05-20,38.42427062988281,39.02937987484863,38.32342136885581,38.995761934639205,6051683
2013-05-21,37.886390686035156,38.625964679499695,37.60064738027391,38.35703033991267,3901355
2013-05-22,37.86958694458008,38.02086538121921,37.61745925658209,37.98724744423264,4300192
2013-05-23,36.844276428222656,37.93682994820962,36.642573327997034,37.70150890467944,5416658
2013-05-24,36.64256286621094,37.24766971432344,36.34001058205479,37.24766971432344,4295474
2013-05-27,37.70150375366211,37.886397856974064,36.64256832165814,36.70980191928052,1976291
2013-05-28,37.81917190551758,38.22257585261139,37.61746879207018,37.76874726705623,3947350
2013-05-29,38.155338287353516,38.30661674666256,37.7183164400401,37.97044416582082,4123634
2013-05-30,38.457881927490234,38.65958497430653,37.70149892162947,38.05447811365788,4814631
2013-05-31,38.08810043334961,38.65958942539408,37.869588394173434,38.64278273605788,8210037
2013-06-03,37.44936752319336,38.1217079058848,37.19723987968407,38.10490122015753,2337051
2013-06-04,38.05448532104492,38.272997376448046,37.38214474405195,37.38214474405195,6339450
2013-06-05,37.8023567199707,37.95363289029362,37.634271579656215,37.83597465995385,2941759
2013-06-06,37.66788864135742,37.85278274735241,37.55022813396046,37.55022813396046,3741327
2013-06-07,37.19724655151367,37.88639602334069,37.130012957145276,37.33171602005089,3373193
2013-06-10,36.978736877441406,37.482992255962856,36.91150328293197,37.31490712978904,4178032
2013-06-11,36.255977630615234,37.600658858227355,36.07108350585841,36.76023309096978,4988953
2013-06-12,36.306400299072266,36.77703779133549,36.037463612150134,36.306400299072266,1985386
2013-06-13,35.55001449584961,36.44086478249315,35.41554502252572,36.05426989126305,3320850
2013-06-14,36.67618942260742,36.81065662944601,35.634060590305815,35.71810316453012,5440747
2013-06-17,36.373634338378906,36.79384720431163,35.97023044304364,36.65937999913344,1761508
2013-06-18,36.44086456298828,36.87788635900759,36.08788761216547,36.30639737027487,2599492
2013-06-19,36.1383171081543,36.373635867005916,35.919807320606544,36.28959329028742,3158484
2013-06-20,35.58363342285156,36.07108217369939,35.48278187854509,36.03746423233032,3936637
2013-06-21,36.03746795654297,36.18874414873562,35.297893688200375,35.51640349027854,8100913
2013-06-24,35.600440979003906,36.474484621863496,35.31469532812272,35.835759719835146,7726193
2013-06-25,34.65916061401367,35.97022596021109,34.306181394660506,35.70128930357056,5865050
2013-06-26,35.63405990600586,35.7685271102622,34.44065491897826,34.55831315275238,9917951
2013-06-27,35.81894302368164,36.306391650018845,35.58362433360858,35.802136337090815,10124040
2013-06-28,37.415771484375,37.684708234381674,35.970238447915186,35.970238447915186,13955319
2013-07-01,37.95362854003906,38.0880980047581,37.14682087092627,37.14682087092627,4880398
2013-07-02,37.43256759643555,37.92001400594205,37.1804399074011,37.68469528546999,4836103
2013-07-03,36.40725326538086,37.230870048950095,36.23916811445649,37.230870048950095,3203552
2013-07-04,36.18874740600586,36.810663482976345,35.718109814645224,36.47449312348985,5239017
2013-07-05,36.17193603515625,36.608955622144954,35.902999326377994,36.30640324964495,2878063
2013-07-08,35.39873504638672,36.13831142912789,35.230649919363806,36.13831142912789,5074736
2013-07-09,36.92831039428711,36.97873501768309,35.58362717272382,35.73490332271209,5626482
2013-07-10,36.3568229675293,37.34852708949946,36.255973710204,37.13001504576004,6811029
2013-07-11,37.096405029296875,37.44938204322762,36.692998819431615,36.961935532741485,5779104
2013-07-12,37.07958984375,37.23086600719936,36.323206746702645,37.21405703797154,3580274
2013-07-15,36.99555206298828,37.298104429023816,36.659381754148434,36.96193412018397,2918182
2013-07-16,37.04597854614258,37.281297318113694,36.40725583939228,36.40725583939228,2477162
2013-07-17,37.28129959106445,37.71832149696979,36.91151357822229,37.012365138015994,9890923
2013-07-18,37.31491470336914,37.55023347181361,37.06278696293559,37.16363851506919,5820812
2013-07-19,37.43256759643555,37.583843753896126,37.1804399074011,37.583843753896126,4552788
2013-07-22,37.36534118652344,37.58385327358088,37.07959776778817,37.214064990745825,2515956
2013-07-23,37.0291633605957,37.73512183785372,36.70980206080775,37.73512183785372,5415186
2013-07-24,36.978736877441406,37.197246629547195,36.55852406200687,36.67618456224871,2594203
2013-07-25,37.0291633605957,37.567036703249485,35.73490691222285,37.18044180557995,4206471
2013-07-26,36.4240608215332,37.230868602709236,36.323209278936034,37.146826030511704,5399927
2013-07-29,36.34002685546875,36.86108910265213,36.08789907916665,36.70981289283111,2056881
2013-07-30,35.48278045654297,36.3736330691143,35.18022811554931,36.340017408893125,1322467
2013-07-31,33.98681640625,35.29788160948346,33.0287303838794,34.99532704882951,6050144
2013-08-01,34.57512283325195,34.944911072251706,33.28086627655355,33.88597326773463,4448345
2013-08-02,30.709152221679688,33.73468369659203,29.095534979099806,33.280853063435245,31014744
2013-08-05,31.36469268798828,31.8689480801527,29.482138311987594,30.91086192312011,15799229
2013-08-06,31.44873809814453,32.10426971129637,31.078952144987426,31.263843981665627,14382559
2013-08-07,31.36469268798828,31.919374987249434,31.112564991906073,31.600011415038242,5717703
2013-08-08,32.272361755371094,32.60853211907909,31.43193584610111,31.532787411173743,6778874
2013-08-12,31.96980857849121,32.74300085256379,31.801723400640697,32.44044616455219,9452703
2013-08-13,32.32278823852539,32.44044649634345,31.60002059849526,31.919384263518495,2256717
2013-08-14,32.64214324951172,32.995122513639714,32.12107883863712,32.27235501474892,9066232
2013-08-16,32.94469451904297,33.29767377157068,32.104268812929675,32.642142176762434,16654810
2013-08-19,32.44043731689453,32.843843457553504,31.852139354867454,32.64214038722402,5042098
2013-08-20,32.42362976074219,32.608521577167515,31.885756440776383,32.440436449653255,5439143
2013-08-21,32.81022262573242,33.23043541869363,32.49086135904196,32.59171288531271,17512680
2013-08-22,32.97831344604492,33.19682322425277,32.289163890449906,32.608525212369344,11299648
2013-08-23,32.8774528503418,33.01192229820131,32.474049066363385,32.8774528503418,19297499
2013-08-26,32.92789840698242,33.095983602203134,32.675770614151354,32.843855809372066,24410353
2013-08-27,32.171504974365234,34.70959108496462,31.86895034964043,32.944694806904884,13466053
2013-08-28,31.549591064453125,32.54129301418007,30.9781019984919,31.936186005597268,11398478
2013-08-29,32.709373474121094,33.112777328690406,31.5159685995115,31.5159685995115,15533827
2013-08-30,32.82704544067383,33.062364248035365,31.532788580483494,32.57491765854334,8242572
2013-09-02,33.2808723449707,33.44895752429175,32.67576752325586,32.8438527025769,15403306
2013-09-03,32.15468978881836,33.61703115949107,31.650434458214008,33.448943769489404,4877060
2013-09-04,32.390010833740234,32.57490492431713,31.650436751233038,31.801712905413996,4850453
2013-09-05,32.72681427001953,34.17264507446803,32.318577844261334,33.186076788350086,9746210
2013-09-06,33.662349700927734,34.15563265895464,32.35259625059251,32.64176331586594,7041237
2013-09-10,34.78499221801758,35.227244434799026,33.76440361293551,33.76440361293551,8723482
2013-09-11,33.679359436035156,35.00612319208691,33.356174191505275,34.66592771214004,5150080
2013-09-12,33.679359436035156,34.24068336220645,33.424212826075,33.84945717600859,5409563
2013-09-13,33.93450927734375,34.087596786069724,33.49225467994779,33.50926260872976,6331674
2013-09-16,34.88705062866211,35.36332564085197,33.74739726037166,33.93450521847846,14084730
2013-09-17,34.5468635559082,34.88705908690961,33.526276962903985,34.7169613214089,5923058
2013-09-18,34.1556282043457,34.529844086235364,33.645335078367715,34.1896486689167,4635243
2013-09-19,34.1556282043457,35.431361019290684,33.76440209017055,34.97209628307136,10203659
2013-09-20,34.56386947631836,34.88705472897916,34.189655823221024,34.27470469534746,15290056
2013-09-23,33.7643928527832,34.32571652204869,33.62831564592338,34.053559801231835,3730187
2013-09-24,33.73038864135742,33.96852500530404,33.35617270722835,33.52627043963282,8304198
2013-09-25,34.18964385986328,34.30871085491837,33.40719404866877,33.679348498564686,5150528
2013-09-26,33.78141784667969,34.104605391661046,33.52627124196696,34.01955652342347,6791644
2013-09-27,33.662349700927734,34.15563265895464,33.52627013199395,33.781416728259394,4575709
2013-09-30,33.35617446899414,33.66235178775236,32.91391987996446,33.407205175669645,5763141
2013-10-01,33.679359436035156,33.74740037770313,33.30514579235255,33.424212826075,4024187
2013-10-03,33.985530853271484,34.104600173424956,33.543276344684394,34.019551318200435,11166670
2013-10-04,33.3221549987793,33.849456130735255,33.23710613141889,33.849456130735255,16408671
2013-10-07,33.35617446899414,33.407205175669645,32.845881244828725,33.186076727605666,3643908
2013-10-08,33.42420959472656,33.611317552027984,33.23710394452318,33.54327892403602,7001377
2013-10-09,33.69636917114258,33.81543851019539,33.16906572363446,33.16906572363446,5815351
2013-10-10,33.7643928527832,33.86645191147667,33.42419752853644,33.69635424935329,4045318
2013-10-11,33.662349700927734,33.98553492811101,33.560290601001924,33.86646559368121,2594571
2013-10-14,33.8664665222168,33.98553585991118,33.44122218344856,33.679358551739135,3588795
2013-10-15,33.662349700927734,34.070583793532826,33.42421103206814,33.90048606268919,6566169
2013-10-17,33.20308303833008,33.95151255055016,33.01597508350056,33.59430687443889,7117518
2013-10-18,33.84945297241211,34.01955299835992,33.015974611467485,33.50925753471243,15690831
2013-10-21,33.84945297241211,34.00254276505534,33.696365486866846,33.84945297241211,2023039
2013-10-22,34.68293380737305,35.2442553594398,33.78141450887138,33.78141450887138,9232804
2013-10-23,34.223670959472656,35.14219823574106,34.12161186053214,35.00612097521912,3579487
2013-10-24,33.679359436035156,34.54685837131933,33.40720489775626,34.359752703027155,7207079
2013-10-25,34.087589263916016,34.27469720311322,33.441216592789125,33.883471092592195,5281406
2013-10-28,33.594303131103516,34.32572463537322,33.44121566042773,34.12160646974034,5287076
2013-10-29,34.1556282043457,34.34273614529053,33.339157818522224,33.54327599175255,7086272
2013-10-30,34.07058334350586,34.27470154066134,34.01955494776604,34.24068107210273,3289474
2013-10-31,34.46180725097656,34.87004364593357,33.62832884095251,34.34274022502918,8249061
2013-11-01,33.305145263671875,34.66592716185853,33.20308615988823,34.46180895429124,9616570
2013-11-05,32.36960983276367,33.35617585084821,32.165491611802146,33.254116740367444,17767298
2013-11-06,32.743812561035156,32.91391025267018,32.420627408348125,32.420627408348125,9564186
2013-11-07,32.33557891845703,32.74381292145512,32.165481224949694,32.624745920258555,9949028
2013-11-08,32.675777435302734,32.811856987401484,31.859309351101633,32.06342521860299,6427427
2013-11-11,32.64176559448242,32.794853101508615,32.046423494970796,32.624755358791006,7123880
2013-11-12,32.43763732910156,32.72680432495815,32.25052940867069,32.64175547995299,5714533
2013-11-13,32.65877914428711,32.74382803028448,32.16549606692209,32.267555191538676,4914428
2013-11-14,32.65877914428711,32.896917870758706,32.573730258289736,32.69279962152554,2329910
2013-11-18,32.777835845947266,32.89690516318841,32.55670975061119,32.760825613898845,4220710
2013-11-19,32.33557891845703,32.77783338299563,32.09744260896629,32.52268684273463,6280476
2013-11-20,31.893327713012695,32.47166177571415,31.8252890900766,32.182494744363424,5017948
2013-11-21,31.774261474609375,32.046418280089405,31.53612513497607,31.978377348395963,4281191
2013-11-22,31.944360733032227,32.04641982840544,31.70622438189341,31.70622438189341,7516975
2013-11-25,32.02939987182617,32.1824873148658,31.876312428786537,31.876312428786537,8325845
2013-11-26,32.06342315673828,32.19950270008632,31.757248221626156,31.8933254578765,7679212
2013-11-27,31.349010467529297,32.21650908969805,31.24695139896284,31.89332165472137,4670852
2013-11-28,32.21652603149414,32.31858284663208,31.178929185103094,31.383045122477615,21937834
2013-11-29,32.352603912353516,32.52270168347979,31.774271951943906,32.0974572556641,19972565
2013-12-02,31.842300415039062,32.21651631467307,31.332007264864284,31.332007264864284,12138526
2013-12-03,31.893327713012695,31.97837656845728,31.706222076712898,31.808278857568112,10819239
2013-12-04,32.52269744873047,32.624756559536955,31.740247342011937,31.84230645281842,21813713
2013-12-05,32.760833740234375,32.87990308701071,32.36960984156648,32.828872378207265,14177075
2013-12-06,33.662349700927734,33.98553492811101,32.64176331586594,32.64176331586594,25973812
2013-12-09,34.46180725097656,34.64891521414884,33.50925950790704,33.84945496563915,30640399
2013-12-10,33.4752311706543,34.529837691885746,32.99895629034763,34.46179677534379,28724268
2013-12-11,33.33915328979492,33.50925097534851,33.04998860861234,33.16905560424134,7491141
2013-12-12,33.3221549987793,33.4072038661397,33.13504702916677,33.23710613141889,9916532
2013-12-13,33.16905975341797,33.39018815655748,33.01597227868926,33.067002974997365,12252500
2013-12-16,33.679359436035156,33.815439012272854,32.93092984157169,32.998968476141414,21800566
2013-12-17,33.57729721069336,33.764402848744,33.28813017663675,33.47523812178527,18137305
2013-12-18,34.019554138183594,34.59788594023044,32.2335257233215,32.31857458559598,156704650
2013-12-19,33.7643928527832,34.359736977312245,32.743806880042904,33.169051035351366,508752991
2013-12-20,33.815433502197266,34.10460053587292,33.42420737974798,33.61131532465,55032517
2013-12-23,33.9174919128418,33.985530534964596,33.52626579821449,33.67935327476525,27772323
2013-12-24,33.52626419067383,33.91749028654235,33.492246034792466,33.849449360584195,16656973
2013-12-26,33.679359436035156,33.88347764684258,33.118037816962115,33.37318442692227,58569185
2013-12-27,33.951507568359375,34.05356664757144,33.40719632439117,33.67935079282645,17259233
2013-12-30,33.679359436035156,34.08759585765001,33.54328216689571,33.815439012272854,10546799
2013-12-31,33.985530853271484,34.019551318200435,33.628325199908915,33.713374055133436,12881038
2014-01-01,33.84945297241211,33.98553253175076,33.730385953476,33.96852229844619,3186233
2014-01-02,34.66591262817383,34.83601029413371,34.01954242036518,34.0535605692988,29730385
2014-01-03,34.257686614990234,34.95508766815198,34.07057867773741,34.66592064629781,10720086
2014-01-06,33.985530853271484,34.35974673909852,33.713374055133436,34.35974673909852,6603244
2014-01-07,33.61131286621094,34.01954919144576,33.5262640163033,33.98552872864362,12753362
2014-01-08,33.594303131103516,33.84944968459575,33.50925427993944,33.526264511591805,10653844
2014-01-09,33.628318786621094,33.849444845194554,33.50924948917544,33.594298328180216,12969982
2014-01-10,33.15205383300781,33.84945262750774,32.84587655793907,33.84945262750774,21668655
2014-01-13,33.33915328979492,33.4752328224963,32.93091930588583,32.93091930588583,11775173
2014-01-14,33.15205383300781,33.50925719327443,33.04999474131823,33.305141316993215,6262293
2014-01-15,33.16905975341797,33.8494505807436,33.03298251079196,33.18606998552067,8229009
2014-01-16,33.42420959472656,33.56028915780852,33.22009371075068,33.30514257251514,15169976
2014-01-17,33.084014892578125,33.42421034729569,32.896909238161925,33.3391614836163,11229974
2014-01-20,33.509254455566406,33.64533400240079,32.998961345907425,32.998961345907425,13050752
2014-01-21,33.28813934326172,33.59431438720017,33.23711093830481,33.39019846027404,11629511
2014-01-22,33.3731803894043,33.64533720185566,33.28813152970687,33.30514176306595,12315468
2014-01-23,33.35617446899414,33.49225404636388,33.20308696316417,33.33916423343564,5617086
2014-01-24,33.3731803894043,33.57729857551732,33.254111062988706,33.271121296347786,11973294
2014-01-27,32.84587478637695,33.645334936545034,32.607738456677254,33.13504181271804,12637443
2014-01-28,32.86288833618164,32.99896559343372,32.76082923969356,32.845878102250616,7516995
2014-01-29,32.55670928955078,32.98195354925009,32.45465020580339,32.89690469731023,5177129
2014-01-30,32.52269744873047,32.760833835880014,32.3185792271175,32.556717921365426,28308126
2014-01-31,32.48867416381836,32.65877189807241,32.38661736894447,32.65877189807241,15088682
2014-02-03,32.38661575317383,32.87989869648102,32.3015668902899,32.36960551917743,4482727
2014-02-04,32.43763732910156,32.72680432495815,32.25052940867069,32.33557825367585,8237100
2014-02-05,32.91392135620117,32.947941828844044,32.2165224309077,32.2165224309077,8121381
2014-02-06,32.72681427001953,32.8288710693608,32.403626715111244,32.65877332766098,8396200
2014-02-07,33.16905975341797,33.28812907103907,32.59072801161074,32.726807561334546,6497909
2014-02-10,32.99895477294922,33.3391501116261,32.89689801702399,33.11802406432505,3792896
2014-02-11,32.52269744873047,33.13504980647099,32.48867697609552,33.03299069566451,5013980
2014-02-12,32.55670928955078,32.77783538175532,32.437639973995864,32.624747909683116,5538187
2014-02-13,32.318572998046875,32.62475027145382,32.28455483906695,32.505680947279245,6549052
2014-02-14,32.40361404418945,32.43763450206556,32.30155728475586,32.386606122348766,14754417
2014-02-17,32.505680084228516,32.60773917265442,32.3525926051386,32.3525926051386,4752663
2014-02-18,32.57372283935547,32.69279217547224,32.48867397272868,32.539704676963645,4866082
2014-02-19,32.284549713134766,32.60773486116946,32.165480407865246,32.50567578623809,2804777
2014-02-20,32.352603912353516,32.53971192201215,32.063436778599375,32.182506141227236,5141168
2014-02-21,32.420631408691406,32.55671096304868,32.35259278506171,32.40362117600951,4456386
2014-02-24,32.33557891845703,32.40361753444044,31.99538353144236,32.40361753444044,5118446
2014-02-25,32.420631408691406,32.52269049768489,32.28455416143201,32.35259278506171,4052135
2014-02-26,32.38661575317383,32.726811204709556,32.2675464222971,32.4886725429561,21051173
2014-02-28,32.148475646972656,32.45465292385695,31.723231351659447,32.33558359833006,27401493
2014-03-03,32.21652603149414,32.42064196886866,31.92735890300694,32.01240778702098,15373777
2014-03-04,33.154422760009766,33.30959115819125,32.37857843064409,32.482024808917835,9410466
2014-03-05,33.223384857177734,33.32683123116855,32.895806621588626,33.17166283941141,5385763
2014-03-06,33.654422760009766,33.895796169023626,33.15443448309696,33.2233979801782,7952223
2014-03-07,34.13716506958008,34.29233584059349,33.53373045751082,33.53373045751082,13092149
2014-03-10,34.10268020629883,34.24060716490066,33.688896992034834,34.05095584297927,11546535
2014-03-11,34.0854377746582,34.17164270592755,33.84406443479572,33.93026936606506,7773473
2014-03-12,33.96474838256836,34.05095330989626,33.7233750537419,33.91302636155494,15253272
2014-03-13,34.06819534301758,34.48198087200229,33.82682201008207,33.98199041422215,12326297
2014-03-14,33.91303634643555,34.481990437389584,33.79234847725951,33.89579488820197,11859122
2014-03-18,34.98196792602539,35.15437777836587,33.96474792644992,33.96474792644992,15512927
2014-03-19,35.27506637573242,35.67161047408185,34.947488095154014,34.947488095154014,12921191
2014-03-20,34.2406120300293,35.24059080658079,34.13716562715034,35.06818091460214,6054665
2014-03-21,34.77507781982422,35.46471728177891,34.32681170186197,34.41301663460631,21508819
2014-03-24,35.58540725708008,35.93022700873645,34.826804271127784,34.826804271127784,9956813
2014-03-25,36.412967681884766,36.533655510316294,35.37850859861412,35.37850859861412,14139614
2014-03-26,35.86125564575195,36.72330483546156,35.72332637232356,36.55089499751964,6805235
2014-03-27,36.37849426269531,36.68883111326421,35.86126461944137,35.86126461944137,20892387
2014-03-28,37.050880432128906,37.32673662096327,36.13710695276872,36.32675822874596,6967406
2014-03-31,36.20607376098633,37.34397911004563,36.0509030427607,36.96467654753987,6602071
2014-04-01,37.24052810668945,37.740516085216846,36.24054981117696,36.37847906148439,13292951
2014-04-02,37.37846374511719,37.619839404893625,36.98192202712717,37.29225882047081,8823613
2014-04-03,37.481910705566406,37.79224984219687,36.86123477076376,37.27502028627104,6355761
2014-04-04,36.75778579711914,37.49914951135421,36.67158087721679,37.49914951135421,7240495
2014-04-07,36.861244201660156,37.32675185647618,36.48194149488719,36.792280710917495,6247841
2014-04-09,36.809505462646484,37.033637290455204,36.395720029064506,36.91295182104198,6654828
2014-04-10,37.17157745361328,37.30950441296861,36.61986493927496,36.86123828737604,9464658
2014-04-11,37.119850158691406,37.22329653926809,36.94744030388304,36.964681757055544,6290384
2014-04-15,37.18881607055664,37.30950156616935,36.82675490680186,36.981923308851535,9004170
2014-04-16,37.137088775634766,37.30949861727587,36.44744940907035,37.154330227490505,10220793
2014-04-17,36.964683532714844,37.068129918260745,36.60262235253341,37.05088846426003,10918544
2014-04-21,36.53365707397461,37.30950141963412,36.46469359982987,36.826754762162636,4950498
2014-04-22,36.53365707397461,36.72330838171637,35.98194460390008,36.619862001270114,8749084
2014-04-23,36.412967681884766,36.87847520473984,36.27504073949863,36.516414057903475,11101407
2014-04-24,36.412967681884766,36.412967681884766,36.412967681884766,36.412967681884766,0
2014-04-25,36.37849426269531,36.65434820166381,36.06815507366775,36.34401135109491,5635586
2014-04-28,36.585384368896484,36.72331367552733,36.137118214648886,36.29228897691591,4189566
2014-04-29,36.412967681884766,37.0336435995388,36.25779928708581,36.826753185959596,8984063
2014-04-30,36.48194122314453,37.20606371669594,36.1716043478847,36.46470210443143,9560866
2014-05-02,36.050907135009766,36.70606596839263,35.895738737628484,36.41296828787158,2642603
2014-05-05,36.24055862426758,36.41296847523575,35.84401690242409,35.96470239502685,1955739
2014-05-06,35.344032287597656,36.25780365245303,35.17162241962808,36.17159871846824,4306301
2014-05-07,35.344032287597656,35.74057404854429,35.17162241962808,35.41299576709379,6851875
2014-05-08,35.706085205078125,36.10262923857611,35.344026413284375,35.65436318866705,6511390
2014-05-09,36.8440055847168,36.98193256808101,35.70609744889702,35.79230239811437,19808139
2014-05-12,38.44741439819336,38.96464406246724,36.70607406077955,36.70607406077955,8560913
2014-05-13,38.91291427612305,39.75771975325107,38.654299495527745,38.75774353699922,14210275
2014-05-14,38.61982345581055,39.30946299334583,38.44741357142673,38.94740176844807,8786547
2014-05-15,39.46463394165039,39.86117574217434,37.326749494686815,38.46465520454772,17562208
2014-05-16,41.20596694946289,43.32660734640687,40.36115674305353,40.36115674305353,35379329
2014-05-19,42.15422821044922,43.17144845035339,41.481827756693214,41.481827756693214,25035487
2014-05-20,43.0679931640625,43.99900831595941,42.39559748939648,42.74041722314838,22538200
2014-05-21,42.91282272338867,43.39556936613558,42.412832289558644,42.75765198822308,10213784
2014-05-22,43.24040985107422,43.77488332884019,42.46456532776162,42.79214599726068,17055437
2014-05-23,45.11967086791992,45.516212612441095,41.395615067883774,43.44729428250439,22941667
2014-05-26,44.18865203857422,46.48170181698225,42.41282706756408,45.41275994735054,23747350
2014-05-27,43.75764083862305,44.309353451487105,42.75766435857324,43.309376971437295,11091241
2014-05-28,43.050743103027344,43.79210440672867,42.861094168446456,43.79210440672867,13246147
2014-05-29,43.119712829589844,43.792108394537564,42.89557629769107,43.395566700812054,14803509
2014-05-30,42.068016052246094,43.61970482390884,41.43009862184581,43.27488509687268,69911271
2014-06-02,43.17143630981445,43.56797801698708,42.136977242277354,42.171460146578525,13367356
2014-06-03,43.18867492675781,43.63694332368446,42.60248426804554,43.10247000545457,18372713
2014-06-04,42.8438606262207,43.41281224294548,42.68869455452316,43.1886803547711,23251745
2014-06-05,43.75764083862305,44.309353451487105,43.274894056211195,43.34385988666339,19424103
2014-06-06,44.171417236328125,44.27486596038716,43.464538668050544,44.10245142028876,14951210
2014-06-09,47.36099624633789,49.17129967753475,44.18865780162855,44.43002878630489,41900147
2014-06-10,46.878257751464844,48.61959567445046,46.37826722704619,48.067887798161735,22963428
2014-06-11,46.11963653564453,47.29202706161199,45.36103612833611,46.87824161986868,14529763
2014-06-12,47.0506706237793,47.42997332053398,45.58518654575437,46.06793330666141,15766959
2014-06-13,45.99896240234375,47.75753918154195,44.82657164698943,47.343758335755105,10439654
2014-06-16,45.44723892211914,45.86101966767368,44.70587766069953,45.86101966767368,11540459
2014-06-17,46.03343963623047,46.481708055617226,45.18863417128022,45.18863417128022,16756330
2014-06-18,46.18860626220703,47.067894554530554,45.343796195530615,46.205845375030584,13262126
2014-06-19,45.2403678894043,46.55068122691652,45.06795799357807,46.20586143526406,4904553
2014-06-20,45.619659423828125,45.98171824563168,45.05070784231542,45.48173247632756,9100975
2014-06-23,45.309329986572266,46.033447747865836,45.08519339892512,45.51621810298908,9955400
2014-06-24,45.654144287109375,46.05068603201683,45.48173442611337,45.84379326343826,10866416
2014-06-25,45.654144287109375,45.94723730926914,45.309324565117365,45.516212656779125,14393130
2014-06-26,45.70585632324219,46.03343218140881,45.37827578815978,45.878266146566446,19577916
2014-06-27,47.08514404296875,47.37824173485548,45.343801683475085,45.86103125377518,21315448
2014-06-30,47.99892807006836,48.34374787499268,47.34377137609574,47.516181278557895,33365772
2014-07-01,48.274776458740234,48.843732812581955,47.740307693702874,48.274776458740234,17681327
2014-07-02,48.72304153442383,49.22303202934449,48.48166584509998,48.48166584509998,15633096
2014-07-03,48.44718551635742,48.96441515510321,47.981682583020046,48.87821021531225,10773481
2014-07-04,49.72300338745117,50.44712556792441,48.11959299442052,48.41269062424489,11771805
2014-07-07,50.360923767089844,50.671260527334155,49.67128444347316,50.17127482386165,13259170
2014-07-08,47.49893569946289,50.48163064164811,46.895501063493036,50.343703660238546,14948074
2014-07-09,46.964454650878906,48.06787956837161,46.136888301217645,47.58512824389572,8629784
2014-07-10,47.429962158203125,48.1885626962632,44.82657060260528,47.2403085160007,17933570
2014-07-11,45.75758361816406,47.87822375452476,45.0679442452392,47.34375511127452,11319671
2014-07-14,46.18860626220703,47.136860359657,45.430001113480614,45.75758167245705,7915363
2014-07-15,46.60240173339844,46.86101654271048,45.89551844846191,46.36102604060701,9737615
2014-07-16,46.98169708251953,47.309277693412895,45.96448169564489,46.67136026409874,6411041
2014-07-17,47.82650375366211,48.06787941513055,46.79204465065427,46.91273248138849,8924449
2014-07-18,47.27478790283203,47.636851369042255,46.861007097484,47.53340266001811,5148178
2014-07-21,47.20583724975586,47.58513523627049,47.03342737337022,47.27479839415979,4656631
2014-07-22,46.80928421020508,47.51616741013448,46.42998627702739,47.240308840558406,6944595
2014-07-23,46.99892807006836,47.65408443643995,46.61962553893252,47.05065007956061,7269605
2014-07-24,46.429988861083984,47.06790160797664,46.2058522992927,46.964457561701295,5942240
2014-07-25,46.48170852661133,46.75756242063181,45.5506934496882,46.37825980866621,8230977
2014-07-28,45.929996490478516,46.75756285718309,45.58517678127522,46.55067009627779,5386124
2014-07-30,46.44723129272461,46.87825597784083,45.8610358501997,45.8610358501997,8577572
2014-07-31,45.89551544189453,46.42998881894357,45.654144441832194,46.27481807275457,19081582
2014-08-01,44.75761413574219,45.86103449078169,44.56796047376249,45.86103449078169,10682255
2014-08-04,45.67137908935547,46.447223390568766,44.25761742731685,45.17138866891813,23311942
2014-08-05,45.67137908935547,46.22309152782375,45.17138866891813,45.8610280477744,16126934
2014-08-06,46.22309112548828,46.51618879433428,45.29207610136953,45.464485944582904,9867110
2014-08-07,46.378265380859375,47.01618284895653,46.15413348042446,46.46447031771258,11406313
2014-08-08,45.48173522949219,46.257579617678545,44.98174475300533,46.11964798491191,5755079
2014-08-11,45.49897766113281,46.136895139961375,44.82657727159945,46.136895139961375,7165189
2014-08-12,45.6024169921875,45.82655355009087,45.205875252454724,45.550694969947,4457748
2014-08-13,45.619659423828125,46.292055046737104,45.1196689776074,45.51621070551525,7838517
2014-08-14,45.929996490478516,46.2058503870745,45.7058646148797,46.03344053247285,4598772
2014-08-18,46.48170852661133,46.654118379603275,45.63689837618416,45.72310330268014,5649943
2014-08-19,47.08514404296875,47.55065159162218,45.99896288072189,46.58515358757865,7522151
2014-08-20,47.27478790283203,47.447197740956085,46.99893403260001,47.13686096771602,11632976
2014-08-21,47.0506706237793,47.27480254738782,46.75757287279079,47.136875569545474,5097954
2014-08-22,46.25758743286133,47.205841845295936,46.171382486276364,47.06791018922585,3969492
2014-08-25,45.67137908935547,46.37825758191659,45.51620835834626,46.2748135458547,7109144
2014-08-26,45.17139434814453,45.86103381370652,44.964506250009485,45.49897496505326,7855848
2014-08-27,44.65415954589844,45.585174586692624,44.085207988487056,45.067945047788385,14179712
2014-08-28,44.55071258544922,44.93001515780562,43.94727816299187,44.6714004053239,24486863
2014-09-01,45.654144287109375,45.792071240522816,43.861079861984194,44.13693376881108,7250215
2014-09-02,45.68862533569336,45.94724014313785,45.25760065661922,45.4472543215621,8985537
2014-09-03,45.77481460571289,46.03342932465007,45.30931185315834,45.912746197345115,8220774
2014-09-04,46.71861267089844,46.84049864090594,45.46488859535342,46.00468416505263,8542895
2014-09-05,46.82309341430664,47.188760815944775,46.318119646777184,46.89274659725231,5566453
2014-09-08,46.352935791015625,47.258403347577676,45.88278872092287,47.014621985743034,6820385
2014-09-09,46.68376922607422,47.01460987646041,46.49222542724481,46.52705200189819,6490318
2014-09-10,47.41511535644531,47.57182788008589,46.57929633624598,46.57929633624598,5594235
2014-09-11,48.00714874267578,48.12903941115976,47.11909693027513,47.55441737233998,6309287
2014-09-12,47.06686782836914,48.02457297196392,46.89273962044282,47.815618177746344,7528757
2014-09-15,47.62406539916992,47.81560922614778,46.61412292697538,46.683776086518066,3929071
2014-09-16,47.34547424316406,47.98974960035544,46.840500516939144,47.449949285506335,6434969
2014-09-17,47.41511535644531,47.57182788008589,46.59671198789209,47.53700130032274,5122756
2014-09-18,47.554420471191406,48.02456752396408,47.06686248901321,47.29322818893208,16935401
2014-09-19,47.658897399902344,48.45988993163586,47.275814425901935,47.275814425901935,17128011
2014-09-22,47.711124420166016,47.8504307244578,47.17132902338533,47.64147599154869,7010679
2014-09-23,47.5369987487793,48.19868955817576,47.27580649986874,47.885255080660045,10349414
2014-09-24,47.310646057128906,47.85044635375203,47.13651784341759,47.397710163984556,6457902
2014-09-25,47.36286926269531,47.72854123509502,47.10167702106496,47.36286926269531,16106351
2014-09-26,47.711124420166016,47.8504307244578,47.032027442622116,47.380283756294446,5236288
2014-09-29,48.59919357299805,48.79073270623393,47.537008704196886,47.711136906603976,8073293
2014-09-30,47.10167694091797,48.42505379704382,46.70118311580529,48.390227220179966,12952693
2014-10-01,47.34547424316406,48.05939805407353,46.9101536941875,47.36288517571102,7924373
2014-10-07,47.79819869995117,47.97232689395078,46.99721089696481,47.34546728496402,8847590
2014-10-08,48.024566650390625,48.3379964386946,47.64148369867272,47.71113213855732,4593053
2014-10-09,48.076812744140625,48.37283165620282,47.81562042000284,48.11163933206503,9248781
2014-10-10,47.380287170410156,48.007146690778995,47.25839650713596,47.8852560275048,11619666
2014-10-13,46.962379455566406,47.484763983528616,46.8579044393856,46.96237945556641,10406480
2014-10-14,47.380287170410156,47.58924191837607,46.78824950509489,47.06685741022574,14165351
2014-10-15,47.380287170410156,47.380287170410156,47.380287170410156,47.380287170410156,0
2014-10-16,46.64895248413086,47.41511839388492,46.143978854038956,47.362876159128994,11263977
2014-10-17,46.70118713378906,47.188745081244576,46.492232378156956,46.99720597730711,5532569
2014-10-20,47.04944610595703,47.537004080569226,46.492234967744814,46.492234967744814,7878465
2014-10-21,48.73848342895508,49.05191317294701,47.06685497864569,47.27580499228787,6706899
2014-10-22,48.68624496459961,49.27827786411497,48.39022615307765,49.10414970716424,11612786
2014-10-27,49.469825744628906,50.63648543697686,48.80813963843317,49.06933189536798,11023074
2014-10-28,49.626548767089844,49.765850375637285,48.68625464321802,49.36535175621034,7011349
2014-10-29,49.643951416015625,50.14892497673907,48.755894953039444,49.93997023700769,13392055
2014-10-30,50.30563735961914,50.566829602729996,49.31310589109216,49.45240747604554,15543181
2014-10-31,50.775779724121094,50.96731879557139,50.096678064382296,50.30563278457333,12145111
2014-11-03,50.44495391845703,52.238478299024,50.340478879612206,51.01958080269388,13632949
2014-11-05,49.609134674072266,50.81062112308205,49.46983306114366,50.392711560766564,5298871
2014-11-07,50.46235656738281,50.67131131474492,49.48723598753598,49.48723598753598,4488647
2014-11-10,51.576786041259766,52.029522220039084,49.71361797859293,50.497194921275984,10354057
2014-11-11,51.42005920410156,52.551892251370234,51.15886696242418,51.89020618382659,8362310
2014-11-12,49.78325653076172,51.40264761231305,49.46982676070808,51.176281929692585,6309241
2014-11-13,50.37530517578125,50.6190818395196,49.80068301839719,50.13152378851282,10971261
2014-11-14,50.183753967285156,50.810618275628585,49.80067573408179,50.09668987364268,6123081
2014-11-17,51.10664367675781,51.21111871308244,50.04445876431742,50.288240147114884,4923950
2014-11-18,51.66383743286133,52.16881100551918,50.84543882849207,51.176279510984436,6475424
2014-11-19,51.07182312011719,52.23848320662811,50.58426502048695,51.80316263132781,5431984
2014-11-20,50.89767837524414,51.19369721510532,50.23599226019086,50.91508930319461,3590544
2014-11-21,51.03697967529297,51.1936969200601,50.65389675082921,50.65389675082921,5424821
2014-11-24,49.609134674072266,50.67131951015344,49.17381418146433,50.42753814488113,6633290
2014-11-25,48.44247055053711,49.10415669642558,47.31063736925737,49.10415669642558,55543705
2014-11-26,48.45988082885742,48.93002308858292,48.07679792681589,48.23351043888149,5741991
2014-11-27,49.017093658447266,49.55689386753931,48.52953568382138,48.52953568382138,4482174
2014-11-28,49.696189880371094,50.00961963426037,48.56435680211124,49.069330372592546,4619433
2014-12-01,48.181278228759766,49.76584751505171,47.98973911845807,49.435002080680526,2477146
2014-12-02,48.076812744140625,48.47730669644587,47.97233298036741,48.05939708841334,2350906
2014-12-03,47.78078842163086,48.42506369292239,47.67631339321802,48.05939164641819,8617759
2014-12-04,47.5369987487793,47.954908236447714,47.258395572686226,47.74595349261351,4516507
2014-12-05,47.62406539916992,48.12903899703173,47.36287313617845,47.46735287549248,5700055
2014-12-08,47.310646057128906,48.16387619372636,47.17134443086588,47.62407589710324,3081176
2014-12-09,46.99721145629883,47.65889765666643,46.87532077434251,47.15392872217546,4817465
2014-12-10,47.79819869995117,47.98974254746848,46.77084518947123,46.87532021645917,3714413
2014-12-11,47.34547424316406,48.05939805407353,46.92756462673446,48.024576188979616,3222482
2014-12-12,46.94497299194336,47.48476849942835,46.50965251057498,47.39770440315467,4812683
2014-12-15,46.82309341430664,47.08428576505692,46.30070871280609,46.579311997527455,2791969
2014-12-16,46.335514068603516,46.96237353370075,46.022084336054895,46.50964222263369,4811157
2014-12-17,45.62158966064453,46.788249336003105,45.13403173283869,46.17880074536358,6760384
2014-12-18,45.8305549621582,46.44000369314747,45.11663119526849,45.98727223953886,5750448
2014-12-19,47.29323959350586,47.415130299326215,45.44747751965756,46.196232688183784,4845177
2014-12-22,47.658897399902344,47.79819901130351,46.92755803563422,47.32805666326577,3767407
2014-12-23,48.42506790161133,48.6688445636048,47.519600257062635,47.64149094982439,6644017
2014-12-24,47.467350006103516,48.39022833484648,46.701184191564764,48.39022833484648,8715919
2014-12-26,47.74595260620117,48.66883092384598,47.536997866246246,48.23351051707685,2310253
2014-12-29,47.711124420166016,48.494701125928756,47.606649415475744,48.059380733838346,1421574
2014-12-30,47.937503814697266,48.233517958143906,47.79819748421715,48.059389768573205,2146065
2014-12-31,48.059383392333984,48.80813828697113,47.86784429863028,48.16386312633231,3960548
2015-01-01,47.74595260620117,48.12903550886375,47.676304175235344,48.059382354369205,778837
2015-01-02,48.320594787597656,48.529549614857466,47.763388212945756,47.763388212945756,3612848
2015-01-05,48.37282180786133,48.79072660728143,47.415116814337615,48.23351548452543,7291352
2015-01-06,47.29323959350586,48.16388074432189,46.71861737867339,48.076816629240284,8288963
2015-01-07,47.972328186035156,48.23352048406951,46.49223849717384,47.014623093242534,3256180
2015-01-08,48.181278228759766,48.37282206259069,47.44993892151189,48.05938755696358,2436600
2015-01-09,48.216102600097656,48.58176987519894,47.693718079364956,48.163865092730184,2079643
2015-01-12,47.5369987487793,48.477292734268836,47.188742416898556,47.92008165855388,3660975
2015-01-13,47.310646057128906,47.98974798001505,47.101691255969314,47.55442744573678,2850708
2015-01-14,47.380287170410156,47.67630600306779,46.94496674695155,47.29322308571844,3939014
2015-01-15,49.78325653076172,50.04444879306126,47.53700118557407,47.53700118557407,6425406
2015-01-16,51.315574645996094,51.87278565386275,49.034497839342016,49.73101041829327,8222495
2015-01-19,51.489715576171875,51.85538760503844,50.28823391325736,51.24593894712358,5082702
2015-01-20,51.3330078125,52.23847541884235,51.12405302280102,51.89021901052067,6145107
2015-01-21,51.158878326416016,51.55937224124454,50.862859442054166,51.29817994154815,2865190
2015-01-22,51.66383743286133,52.72602208346227,51.07180450041397,51.22851701626967,7016755
2015-01-23,52.081764221191406,52.23848151262968,51.26336062146006,51.82057188448122,4549463
2015-01-27,52.221046447753906,52.586718417361915,51.26334156908746,51.62901353869547,6048058
2015-01-28,52.04692077636719,52.83049753273902,51.89020825921014,52.395177112532444,5448999
2015-01-29,51.82054901123047,52.221042806038014,51.4026395675445,52.186220955337774,6923717
2015-01-30,51.54195785522461,52.412598795843465,50.84544510272952,51.716086043348376,3094145
2015-02-02,51.489715576171875,51.78573444043641,50.84544505948541,51.28076552942459,2427202
2015-02-03,51.26335144042969,52.029517380308285,51.01957480394435,51.85538918702038,1320013
2015-02-04,50.932518005371094,51.97728731480249,50.81062730789805,51.367838550967505,1740828
2015-02-05,50.027042388916016,51.158875627898674,49.69619693734006,50.93250992480804,2453418
2015-02-06,49.95737838745117,50.497178495385064,49.313103277222176,49.59171115588987,2422833
2015-02-09,49.26087188720703,49.95738458499052,48.75589829190238,49.800672062106656,2511094
2015-02-10,50.53200912475586,50.915092072261785,48.75590071252239,48.82555387517048,3982617
2015-02-11,50.75837707519531,51.8379679790773,50.497184813250506,50.845441162510255,5670681
2015-02-12,52.32553482055664,52.93498348037325,50.86285614758503,51.82056118443969,7776840
2015-02-13,52.76087188720703,53.178776836982465,52.012121385769845,52.84793600885161,8270115
2015-02-16,53.19615936279297,53.770781263044135,52.9349671605399,52.9349671605399,3789682
2015-02-18,53.89269256591797,53.97975666671818,52.673795154715066,52.96981404214173,4034642
2015-02-19,53.735965728759766,53.997157984661825,52.63895919867688,53.91009389936114,2708022
2015-02-20,53.37029266357422,53.910088044401896,53.03944728595183,53.59665831606556,4586215
2015-02-23,54.29317092895508,54.85038195913171,53.109100442035,53.28322859374467,5857600
2015-02-24,54.589195251464844,54.92003593904979,54.17128575569249,54.29317641892017,3786009
2015-02-25,53.82304000854492,54.937462400885195,53.143942848690855,54.88522488451639,3842514
2015-02-26,53.19615936279297,54.48470472645802,52.5170577475238,53.66630627155409,7368101
2015-02-27,54.711097717285156,54.85039933808392,52.969815648475816,53.26582982134947,4870174
2015-03-02,54.571781158447266,55.372773594291225,54.1190497947091,54.937453158570285,3288237
2015-03-03,54.171302795410156,54.467321721068316,53.68374471266574,54.39766854202038,3773373
2015-03-04,53.7882080078125,54.79815526573532,53.31806568429664,54.38024572979971,4927543
2015-03-05,54.0319938659668,54.38025026712751,52.795685531258194,53.631499949337936,2511965
2015-03-09,52.559261322021484,53.993491309625085,52.366861896885226,53.626185904162256,2904210
2015-03-10,51.94710922241211,52.594262533148,51.31744461819742,52.559280375475495,4007085
2015-03-11,51.73722457885742,52.47183096197671,51.579807230821004,52.26194274613828,3350372
2015-03-12,52.34938049316406,53.31136351904149,51.789680329182296,51.789680329182296,4034334
2015-03-13,51.28246307373047,52.611751868769595,51.072579614446006,52.55928100394848,3743353
2015-03-16,51.334930419921875,51.667249006716524,50.91515407966303,50.91515407966303,1546607
2015-03-17,51.6497688293457,52.12201610393996,51.09006853147954,51.45736933136943,4288235
2015-03-18,51.299964904785156,51.859665291772785,51.03760579319386,51.597306180181484,3493449
2015-03-19,51.1075553894043,52.20946723847131,50.72276589663232,51.29995488042028,2641643
2015-03-20,51.842159271240234,52.41935297253658,50.58283489193058,51.07257557722806,3763675
2015-03-23,52.19196319580078,53.13645751914479,51.96458633858953,52.29690964541069,4249360
2015-03-24,51.75470733642578,52.76916613890908,51.59729475111725,52.12201285807211,5170910
2015-03-25,51.247493743896484,51.96460674703735,51.142547253070155,51.68475892742894,6008163
2015-03-26,50.75774383544922,52.296920801022026,50.3904430450371,51.387408433537196,11848617
2015-03-27,50.635318756103516,51.055090454587045,50.09310712169528,50.757749202767116,3479176
2015-03-30,50.7227668762207,50.932650332829716,50.233026158452745,50.74025558272809,4359504
2015-03-31,50.81023406982422,51.23000584475356,50.54787493125659,50.89768711601342,4797950
2015-04-01,51.229984283447266,51.36990814953357,50.757737083855254,50.757737083855254,2808077
2015-04-06,51.75470733642578,52.279425443380646,51.02010103776301,51.21250052375772,5315447
2015-04-07,51.75470733642578,51.8421603542516,51.072576644162396,51.492348282948356,2457023
2015-04-08,51.527339935302734,52.40187027473354,51.42239819242334,51.61479296924582,4009038
2015-04-09,52.8216438293457,53.03153204818751,51.56231926092533,51.61479012947816,2422269
2015-04-10,53.41631317138672,53.538748341822135,52.576765172819144,52.9965415444178,2200148
2015-04-13,53.993507385253906,54.465749877034966,52.73418300303492,53.45129583803043,2208671
2015-04-15,53.0140380859375,54.57070388736636,52.82164332154986,54.203398321766635,2330815
2015-04-16,52.716697692871094,53.25890932381612,51.59730175943424,52.87411504419106,2492100
2015-04-17,52.50679397583008,53.031511951776295,52.15697724723724,52.716677370505614,3666806
2015-04-20,52.4018669128418,53.38134367694347,51.99958393143863,52.54179080924762,2278982
2015-04-21,52.069541931152344,53.171453850490046,51.80718285409675,52.471829645008484,2312891
2015-04-22,51.439876556396484,52.3144067199524,51.282459229104504,52.12201198182202,4849646
2015-04-23,51.299964904785156,52.1045309491461,51.03760579319386,51.772212254575685,3515131
2015-04-24,51.02010726928711,51.75471365767367,50.39044736188745,51.07258288209579,2613457
2015-04-27,50.70528030395508,51.684757127740454,50.547867690143114,51.10756330987107,2052351
2015-04-28,50.53035354614258,51.247470975308346,50.19803500108128,50.47788269635698,3429520
2015-04-29,50.04063415527344,50.65280534145771,49.848239394610516,50.495387995729615,2061972
2015-04-30,49.7432861328125,50.652798434332134,49.113626325022594,49.70830397801757,4099911
2015-05-04,50.425418853759766,50.58283142499083,49.32350713199508,50.02313595666334,3652050
2015-05-05,50.07560729980469,51.29994945175682,49.51590708141496,50.0406251465373,7999174
2015-05-06,49.18359375,49.935693592079886,48.99119898482589,49.935693592079886,6031578
2015-05-07,49.078651428222656,49.34101051103903,48.29157417977353,48.97370494831787,5448071
2015-05-08,48.97370529174805,49.743293837925016,48.86876355573774,49.323517404622955,2987105
2015-05-11,50.02314758300781,50.14557802976624,48.90374689692362,49.23606556540166,3927933
2015-05-12,48.72882843017578,50.040623551159435,48.48395810974043,49.98815269524596,4551824
2015-05-13,49.271026611328125,49.498403443819136,48.2915549892306,48.79877950099847,4097879
2015-05-14,48.763797760009766,49.25353352747634,48.36151023298513,49.25353352747634,3467677
2015-05-15,48.991180419921875,49.56836924135254,48.728821433396234,49.04365126830127,6305129
2015-05-18,48.991180419921875,49.30601025482691,48.53642199650024,48.79878098302588,14967798
2015-05-19,48.536434173583984,50.337970128742064,48.309057277141946,48.973699260830145,6595326
2015-05-20,49.25354766845703,49.463435841810856,48.64137659720891,48.65886530139279,5168468
2015-05-21,48.798789978027344,49.30601934332514,48.518942238667584,49.148602024541816,2628801
2015-05-22,49.30601119995117,49.655823188690746,48.06418053777721,48.72882236745664,5380668
2015-05-25,50.058135986328125,50.16308249253714,49.34102287807535,49.585888569966535,5557091
2015-05-26,50.04063415527344,50.23302891593635,49.51591599568691,50.163069341436355,2220470
2015-05-27,50.09310531616211,50.23302921061326,49.60336931326787,50.04063444882172,1137269
2015-05-28,50.09310531616211,50.46041087680557,49.16610417771402,50.46041087680557,3848527
2015-05-29,50.26799774169922,50.53035675190063,49.41095641052299,49.848226172154426,3473570
2015-06-01,50.058135986328125,51.38742518588784,49.76079941364823,51.29997213636279,15815832
2015-06-02,49.84823226928711,49.98815614291668,49.445944608736305,49.84823226928712,4635659
2015-06-03,50.09310531616211,50.28550482258402,49.2360637526244,49.725804500149025,6029264
2015-06-04,50.495384216308594,50.775236727253535,49.81325350667967,50.02314170373088,8566490
2015-06-05,50.687782287597656,51.17751823724785,50.02314030274167,50.372952373153225,8696044
2015-06-08,51.12504959106445,51.31744434027609,50.35546110495775,50.88017923331321,4215142
2015-06-09,51.54481506347656,51.82466754513877,50.827702271936786,51.07257260031254,2699663
2015-06-10,51.474857330322266,51.84215809130579,51.14253397923839,51.61478120380981,2875048
2015-06-11,51.07257843017578,51.544820947245626,50.67029073840512,51.282461884593474,2113307
2015-06-12,50.86269760131836,51.05509237728996,49.76079032743495,50.897679763667036,2614529
2015-06-15,49.393470764160156,50.722759344881055,49.20107604262539,50.722759344881055,3574132
2015-06-16,50.40792465209961,50.60032411801431,49.14860037791284,49.25354683512887,2705206
2015-06-17,49.60336685180664,50.495385786219806,49.131119579916664,50.26800887594097,3030212
2015-06-18,49.655845642089844,49.918204752278164,49.27105133155413,49.428468695519484,4549773
2015-06-19,48.97370529174805,49.81325815835218,48.518951442862836,49.65584080970629,9119658
2015-06-22,49.4284553527832,49.7432852510977,49.1136254544687,49.27103803131114,1849073
2015-06-23,48.763797760009766,49.603345467756476,48.676344774939736,49.32349306875551,4200054
2015-06-24,48.92122268676758,49.166093004883926,48.64137496145972,48.64137496145972,3101425
2015-06-25,49.4284553527832,49.63834353320274,48.57141392633243,49.043661146118986,11124905
2015-06-26,48.65886688232422,49.410961845367375,48.58890731868626,49.148602806308396,4184617
2015-06-29,48.798789978027344,49.043660308439286,48.16913019215312,48.20411234573047,3452315
2015-06-30,48.65886688232422,49.11362539680422,48.15164225358796,48.79879075422975,2588831
2015-07-01,49.79576873779297,50.058127843691835,48.41401362683742,48.67637273273629,1988394
2015-07-02,49.4984245300293,50.02314745530402,49.18359457056889,50.00565400250422,2965570
2015-07-03,49.4984245300293,50.00565400250422,49.148612409599835,49.148612409599835,3051297
2015-07-06,48.97370529174805,49.743293837925016,48.86876355573774,49.1486113481855,2083899
2015-07-07,48.483970642089844,49.49842484894524,48.36153545022458,49.3235187876036,3234495
2015-07-08,48.274078369140625,48.69385477899166,47.71438281551282,48.30906052739991,2440394
2015-07-09,47.92427444458008,48.46648612844438,47.88929702498901,48.309068761760656,2478234
2015-07-10,48.50144958496094,48.676355593976446,47.87178510572764,47.95923811023539,2901055
2015-07-13,48.97370529174805,49.113633932602355,47.941762405545326,48.41400970685254,1612390
2015-07-14,49.043663024902344,49.306022074319905,48.553927081582174,49.00868086938737,2264950
2015-07-15,48.88625717163086,49.21858061007894,48.79880413463199,48.991203662808054,1504877
2015-07-16,48.83376693725586,49.026166389151406,48.65886093260303,48.868749087112235,1827243
2015-07-17,49.393470764160156,49.58586548569493,48.79878840638642,48.85126400737716,1696436
2015-07-20,49.043663024902344,49.58586982918006,48.99119216394479,49.58586982918006,1668294
2015-07-21,48.97370529174805,49.28853998903981,48.85127484794618,49.02618090438363,1315889
2015-07-22,49.953163146972656,50.11058043603505,48.55391522509763,48.86874505859379,1890132
2015-07-23,49.76079177856445,50.128092632359945,49.23606881729381,50.0581283056223,1225377
2015-07-24,49.69081497192383,50.00564487391164,49.393473774912685,49.74328583148352,1692284
2015-07-27,49.11362075805664,50.005639508754776,48.991185602467105,49.44593932936632,1296310
2015-07-28,49.445945739746094,49.56838091120863,48.78130376633059,49.32351056828355,1547151
2015-07-29,48.97370529174805,49.42846388526369,48.79879923531059,49.21857566861266,1900932
2015-07-30,49.813255310058594,50.110596537926554,48.93872507787646,49.043666807886254,2942993
2015-07-31,49.67333221435547,49.97067347536844,49.113636599073054,49.97067347536844,1956499
2015-08-03,49.18359375,49.98816446034279,49.078652013474205,49.341011099419156,1508372
2015-08-04,49.32352066040039,49.84824360897942,48.956219815488886,49.14861459241763,1001510
2015-08-05,49.236045837402344,49.48091612206518,49.00866899857465,49.323498832692124,1107859
2015-08-06,49.340999603271484,49.63834078032319,49.04365842621977,49.07864057845456,1295185
2015-08-07,48.83376693725586,49.778261260232796,48.74631393492945,49.16609024394786,2213871
2015-08-10,48.291568756103516,49.49841755473832,48.064191858792306,49.00868160407652,2570753
2015-08-11,48.256587982177734,49.25355336238998,47.43452864254202,48.97370085068952,3873211
2015-08-12,47.574459075927734,48.23910591732833,47.46951733498588,47.92427120524145,1472522
2015-08-13,48.20410919189453,48.48395691294478,44.07632446631343,47.50448514463969,2470225
2015-08-14,48.396514892578125,48.64138526255221,48.16913797453379,48.204120133762984,1304682
2015-08-17,48.309059143066406,48.78130640445866,47.906776196187835,48.44898302746373,813782
2015-08-18,48.06418991088867,48.51894368708122,47.80183086817074,48.309055503980936,1461999
2015-08-19,47.731868743896484,48.41400418404035,47.609433569430934,48.099169522663246,2417706
2015-08-20,47.609439849853516,47.90678110002809,46.99726864140079,47.25962773073767,2256015
2015-08-21,46.6649284362793,47.29458806220889,46.542493302174,47.22462377282634,4024183
2015-08-24,45.860374450683594,46.35011041722286,44.67101431919395,45.7729214300648,7651174
2015-08-25,44.985836029052734,46.75238956971737,43.778982667060355,45.82538392474654,12357515
2015-08-26,45.80790710449219,46.455060455687466,44.775959484102664,44.98584769862956,2616303
2015-08-27,47.17216491699219,48.4314892335392,45.56302855388376,46.33261695417069,5402025
2015-08-28,47.27711868286133,48.09917332359852,46.769889239119834,47.43453128135918,2205183
2015-08-31,45.70295333862305,47.382049123569516,45.51055388235828,47.04972580933073,2305711
2015-09-01,45.16075897216797,45.86038327168741,44.77596465850609,45.2482120096079,3973158
2015-09-02,43.796478271484375,45.475574145557495,43.28924892169698,45.23070856726275,4507483
2015-09-03,44.49611282348633,44.79345407289134,43.76150642631822,43.86644816392916,3114461
2015-09-04,43.236785888671875,44.39116391789584,42.83450292361687,44.39116391789584,3868544
2015-09-07,43.24031448364258,44.15956481931626,42.62158091854703,43.417094132111345,3112256
2015-09-08,44.56616973876953,45.07882793283563,42.81604899084195,43.13425145534086,2951677
2015-09-09,44.548492431640625,46.139509675952354,44.05351024805709,45.750598185929924,3201416
2015-09-10,43.6115608215332,44.10654300293766,42.674629407543314,44.10654300293766,3984541
2015-09-11,43.94743728637695,44.47777628257398,43.523164171237205,43.84136660986435,1783681
2015-09-14,45.096519470214844,45.23794228847205,43.6646008472864,44.12423100094339,2400945
2015-09-15,45.37934875488281,46.01575840090375,44.54848340325987,45.07882237721641,3189547
2015-09-16,46.35163879394531,46.493061567101215,45.25560390994025,45.43238357524896,2668351
2015-09-18,47.20017623901367,47.69516309640641,46.49305763754395,46.66983728791138,2710372
2015-09-21,48.278533935546875,48.43763274015106,46.563770405114155,46.952686586571296,3040868
2015-09-22,46.316287994384766,48.437644257139254,45.69755908441471,48.33157836218391,2618545
2015-09-23,45.18489074707031,46.66983692121622,44.47777215115658,46.33395846543013,5775906
2015-09-24,44.33634948730469,45.98040424055901,44.03582788724827,45.2556047225063,9733917
2015-09-28,44.83134460449219,45.60917241097135,44.08886890181857,44.707597854803865,2407051
2015-09-29,45.37934875488281,46.139500325129504,44.336346854586225,44.49545046495524,2414852
2015-09-30,46.79359817504883,46.917344926877284,45.37936054376678,45.397041391431635,3047665
2015-10-01,46.15718078613281,47.34160544392265,46.05111011494643,47.023398225818596,2020545
2015-10-05,46.84662628173828,47.430003080667994,46.298611174480776,46.316287224861,1811432
2015-10-06,46.758235931396484,47.553744508077706,46.56378019750119,46.970372510935974,1868486
2015-10-07,46.864295959472656,47.094108536928964,46.563769606435294,46.88197200564055,1403044
2015-10-08,46.82894515991211,47.02340087485908,46.52841876780332,46.98804877792716,1318938
2015-10-09,46.864295959472656,47.2001744048458,46.63448338201635,47.02339476134791,1421375
2015-10-12,47.129478454589844,47.27090124939631,46.59913937747351,46.846628069520825,1574616
2015-10-13,47.04108428955078,47.27089690944416,46.82894771908935,47.02340344466322,715400
2015-10-14,47.02340316772461,47.20018284282541,46.740557605745565,46.98805106906892,1722301
2015-10-15,47.74820327758789,47.889626060249896,47.094117512888495,47.200183401021086,2959602
2015-10-16,47.73052215576172,48.084081508093945,47.235540021587724,47.87194973305911,3651488
2015-10-19,47.30624771118164,47.85426271846039,46.97036445158822,47.730516002007285,1640198
2015-10-20,48.04873275756836,48.47300113265939,47.20018641647438,47.376966104959635,3296804
2015-10-21,48.04873275756836,48.508358029447635,47.69517338059786,48.084084858900646,3504240
2015-10-23,48.207828521728516,48.6321016651845,47.90730211140184,48.2608614657966,2367650
2015-10-26,47.995697021484375,48.38461331150473,47.818917325607494,48.260866565299686,1788557
2015-10-27,47.341609954833984,48.17247058329227,47.182506330621884,47.92498191785244,1680870
2015-10-28,46.333961486816406,47.35928255866039,46.12182493511811,47.076437020032806,4725765
2015-10-29,45.30864334106445,46.1748608562124,44.61920070238371,46.1748608562124,6657486
2015-10-30,45.520774841308594,46.61680975982674,45.34399517043326,45.43238500587093,3034065
2015-11-02,45.591487884521484,45.75059150389746,44.95507820247297,45.520774099142066,1507300
2015-11-03,46.546112060546875,46.72289177430786,46.03344897245735,46.12183882933785,2879807
2015-11-04,46.38698959350586,47.34160157897371,46.104144084343744,47.09410816186583,10212719
2015-11-05,46.29862594604492,46.84664122814655,46.10417014799786,46.599152466582794,9402139
2015-11-06,46.422359466552734,46.84662784897477,45.62685085462336,46.81127574703163,4219805
2015-11-09,45.980403900146484,46.28093029343339,44.77829832699885,45.60916372180782,5260832
2015-11-10,45.3616828918457,45.94505493508524,45.149546295543274,45.67988538857125,1531108
2015-11-13,46.03343963623047,46.45771278139096,45.07882745734721,45.2556071352548,1386876
2015-11-16,45.60915756225586,46.21021026765705,45.45005876055888,45.78593720555565,1462412
2015-11-17,46.2278938293457,46.599134017902806,45.679878764204204,45.69755481322599,1602664
2015-11-18,46.28093719482422,46.52842588850001,45.8743400633281,46.19254734805656,1327429
2015-11-19,46.61681365966797,46.917340084388385,46.121831498899226,46.56378071305987,2523368
2015-11-20,46.28093719482422,46.91734217336894,46.104157501288896,46.669848684237046,2168468
2015-11-23,46.45771789550781,46.59914069431073,46.139510603881,46.139510603881,2177227
2015-11-24,46.61681365966797,46.88198318816436,46.298611184563484,46.31628723494755,1241516
2015-11-26,47.30624771118164,47.536060301477406,46.45770633407536,46.49305842838624,4171542
2015-11-27,47.20017623901367,47.3769558893811,46.84661693827881,47.253213970487835,1605635
2015-11-30,48.1547966003418,48.402290071856505,47.129475409912985,47.21786525038884,2006989
2015-12-01,48.08407974243164,48.791198421130474,47.85426713094561,48.119436635457674,2520479
2015-12-02,47.8719482421875,48.278540525615966,47.58909789185712,48.084080010615935,1390936
2015-12-03,47.30624771118164,48.08407530875615,47.12946805780721,47.730516002007285,1173194
2015-12-04,46.2278938293457,47.27089581256334,46.121827944303966,47.27089581256334,1376556
2015-12-07,46.36932373046875,46.616812406471965,45.85666073764193,46.316285989830575,1525844
2015-12-08,46.03343963623047,46.386998992045655,45.73291322469643,46.31628520270035,1469647
2015-12-09,46.015750885009766,46.56376581707384,45.62683474187347,45.85664730062763,2198948
2015-12-10,46.2278938293457,46.31628366536565,45.69755481322599,45.96272432128585,1086874
2015-12-11,45.25560760498047,46.31628568343521,45.043471030198376,46.31628568343521,1514970
2015-12-14,45.30864334106445,45.750592520871216,44.81365642331647,45.008116939704756,1552518
2015-12-15,45.78594970703125,45.89202039924569,44.990441094975125,45.30864837616241,1842404
2015-12-16,47.147151947021484,47.412321471189195,45.856661221829796,45.96272711331456,2623492
2015-12-17,47.5714225769043,47.78355914406105,46.58145352865798,47.12947339343422,1092627
2015-12-18,47.8719482421875,48.260859681276614,47.04108283099121,47.37696132797321,28017527
2015-12-21,49.30385971069336,49.4629633261915,47.871946353031205,47.871946353031205,6238035
2015-12-22,48.96796798706055,49.710443405587675,48.77351230872332,49.339208094051344,9652753
2015-12-23,49.51599884033203,49.67509766864576,49.07404965814578,49.07404965814578,3720080
2015-12-24,49.53367233276367,49.79884182838873,49.268502837138605,49.4983154409226,2224191
2015-12-28,50.25849151611328,50.47062815479177,49.374592851167215,49.65743850576709,5761043
2015-12-29,49.83420181274414,50.41757378022999,49.63974608873406,50.27615099954488,8576492
2015-12-30,49.851871490478516,50.08168887460646,49.58670201228932,49.58670201228932,8189382
2015-12-31,49.90491485595703,50.205436462131615,49.35689499523026,49.851877117968094,7159928
2016-01-01,49.851871490478516,50.15239785818393,49.76348166441545,49.9932990485434,3229824
2016-01-04,49.83420181274414,51.03630264175102,49.46296641401376,49.675098187313644,6809859
2016-01-05,49.197792053222656,50.1877562159077,48.86190878617499,49.86955379186287,4259054
2016-01-06,49.321537017822266,49.48064063738156,48.79119801323182,49.00333457415908,5320149
2016-01-07,48.82656478881836,50.11705566876888,48.614428184953084,49.3215470008664,6787347
2016-01-08,50.08169937133789,50.20544131739754,49.10941108086018,49.49832256068648,10345830
2016-01-11,50.647403717041016,51.44291244998348,49.144771314915126,49.67511047021011,8283638
2016-01-12,50.470611572265625,51.884848971520235,50.223118109213836,50.73578108462586,6611338
2016-01-13,50.52366256713867,51.05400178134292,49.53369315668302,50.61205243617271,7462021
2016-01-14,50.5059700012207,51.08934683789723,49.99331175700849,49.99331175700849,10278564
2016-01-15,49.180110931396484,50.64738591501282,48.89726539950579,50.25846971207181,7430643
2016-01-18,48.84423828125,49.8695594508344,48.57906876521322,49.49831925110952,7411237
2016-01-19,48.0664176940918,49.42762250616023,47.65982529450171,48.95031629992106,7282040
2016-01-20,47.60676574707031,49.60437452141329,46.157171884071765,47.58908490755504,15997901
2016-01-21,46.740562438964844,48.56139232169535,46.66984864343011,47.65981780363596,10416175
2016-01-22,47.058753967285156,48.0133660073805,46.7051946628728,47.09411085681738,8099084
2016-01-25,47.02340316772461,47.53606614369917,46.4046743048718,47.376962517926216,8893503
2016-01-27,48.87958526611328,49.23314458383627,47.16482641152092,47.306249179519085,14527719
2016-01-28,50.80648422241211,51.08933454694092,49.67509251520696,49.851872169741824,22594616
2016-01-29,52.27375030517578,52.46821078721926,51.089330548845304,51.19539641508381,11216960
2016-02-01,51.88485336303711,52.46822538051494,51.67271677610263,52.29144569064553,12278379
2016-02-02,51.70807647705078,53.157670971675685,51.26612722841248,51.79646632677844,18267134
2016-02-03,50.92597198486328,51.97470608779958,50.28606177214871,51.139270567268966,12098041
2016-02-04,52.18800354003906,52.43685828690735,50.78376070897018,51.49476876078593,8726120
2016-02-05,51.6369743347168,52.40130702762286,51.31701685327671,52.27687965393305,6170693
2016-02-08,50.641563415527344,51.92137895788795,50.35716210470599,51.56587490844513,3820374
2016-02-09,50.463809967041016,51.72585220005566,50.12607920086602,50.41048532549553,7297377
2016-02-10,50.96150207519531,51.38810874589212,50.12606682448212,50.12606682448212,8119293
2016-02-11,48.597408294677734,51.13926092624642,47.673096931789594,50.78375692681495,7247688
2016-02-12,49.183982849121094,50.05496946878719,48.455201669113045,49.0595555003358,16065640
2016-02-15,49.30842590332031,50.00166076604971,49.095122497724155,49.45062656644025,8464543
2016-02-16,49.5217170715332,49.96609704761694,48.98846110023272,49.45061434662727,6766384
2016-02-17,49.62836456298828,49.71724055502796,48.82848063463112,49.71724055502796,7804863
2016-02-18,49.71724319458008,50.39269980557631,49.415063841235835,49.806119191338304,8779283
2016-02-19,50.126075744628906,50.48157975952937,49.43284580867208,49.69947381984743,6323086
2016-02-22,49.646148681640625,50.3038272451129,49.18399057382861,50.12607523945407,2293985
2016-02-23,48.73960494995117,49.87721958396558,48.59740432615717,49.77056549974668,3873885
2016-02-24,49.66392135620117,50.12607463662344,48.9351400704972,49.05956261549664,11387961
2016-02-25,46.83765411376953,49.85943762797004,46.58880424687504,49.806113000909136,19051305
2016-02-26,47.51313018798828,48.31301430729565,46.926544643030354,47.4598007225686,12511003
2016-02-29,46.23330307006836,47.76196818703543,45.931123736203396,47.76196818703543,11485783
2016-03-01,47.54867172241211,47.7619750961037,46.30440766801495,46.57103567967149,14281573
2016-03-02,48.13525390625,49.13066315280796,47.655322553797184,47.99304845231474,13550709
2016-03-03,48.22412109375,48.66850100153312,47.65531384742149,48.52629557357805,7057560
2016-03-04,49.29063415527344,49.468386123012884,48.15301963300872,48.490750300445946,29228314
2016-03-08,48.95292282104492,49.66393097280449,48.384115335270735,49.592828228895485,20131612
2016-03-09,49.68169403076172,49.84167276074085,48.56185738640276,48.66851148033272,7284193
2016-03-10,49.646148681640625,50.090528695787704,49.09511457099919,49.80612259363452,3713460
2016-03-11,49.13066482543945,49.91277556138409,48.935139552369115,49.646147558925456,4685588
2016-03-14,49.27286148071289,49.4150621061668,48.952908867983794,49.2728614807129,4423191
2016-03-15,49.39728546142578,49.77056268046947,49.11288422994782,49.11288422994782,11655129
2016-03-16,49.3261833190918,49.77056326211369,48.88180337606991,49.55726474692797,6170234
2016-03-17,49.05956268310547,49.85944670005289,48.66851213228542,49.5039426925207,7509036
2016-03-18,48.65074157714844,49.45062571803637,48.52631419086605,49.23732231609977,9195901
2016-03-21,49.05956268310547,49.21954141522763,48.43743066992414,48.54408476528282,4674151
2016-03-22,49.13066482543945,49.53949346484302,48.881810094412074,49.05956209605116,6628643
2016-03-23,48.86403274536133,49.46839142923419,48.68628075855534,48.81070811368578,11545428
2016-03-28,49.450618743896484,49.770571390761475,48.52630734708403,49.02401682202042,8691695
2016-03-29,49.11288833618164,50.126070821676436,48.89958498382383,49.77056684169052,11478000
2016-03-30,49.68169403076172,49.89499739679001,49.18398939125014,49.379519485872585,5797932
2016-03-31,49.450618743896484,49.93055012510985,49.23731537204257,49.23731537204257,15715729
2016-04-01,49.16621780395508,49.77057173626617,49.09511507223293,49.69947382637582,3935188
2016-04-04,49.27286148071289,49.80611744253848,49.16621221708028,49.3261861125292,5649881
2016-04-05,49.432830810546875,50.05496264786532,49.30840347871712,49.69945874082621,7744995
2016-04-06,49.66392135620117,50.232728731835145,49.53949398937004,49.71724599289117,10418272
2016-04-07,49.8416633605957,50.09051804433328,49.62836003479645,50.001642060402816,12408704
2016-04-08,50.09052276611328,50.17939875842163,49.859441328646625,49.859441328646625,4133630
2016-04-11,50.57048034667969,50.81933036125487,49.966121356448824,50.00167273619776,12360599
2016-04-12,50.89039611816406,51.63695526273116,50.481562781065996,50.481562781065996,8901453
2016-04-13,51.54808807373047,51.67251060083728,51.1570327578535,51.31700664491839,10239725
2016-04-18,51.885833740234375,52.170239906607584,50.74822354024005,51.54810774632179,7347390
2016-04-20,52.6146125793457,53.29006929346788,51.60142509724637,51.79695039123389,7716065
2016-04-21,51.9569206237793,53.16563320178056,51.583638548478746,52.739026493388884,6315086
2016-04-22,51.92136764526367,52.36574761024572,51.299235694288804,52.01024363826008,4320738
2016-04-25,51.12149429321289,51.93915166934672,50.67711423622011,51.93915166934672,3605005
2016-04-26,51.60142135620117,51.992476737657306,50.854861959208904,51.35256661659315,8964411
2016-04-27,51.31700897216797,51.90359438350083,51.0681590848379,51.654739674339545,3177289
2016-04-28,50.42825698852539,51.708072453912465,50.250504974494746,51.26369241883584,9408511
2016-04-29,50.97929000854492,51.13926392456949,49.94832449228232,50.5704613495952,4383214
2016-05-02,50.783756256103516,51.19258970751543,50.339376262683196,50.83708571277917,3383764
2016-05-03,51.61919021606445,52.18799755666951,50.83708434183497,50.83708434183497,4572397
2016-05-04,50.74821472167969,51.58364533428085,50.48158187748595,51.47699605406896,4435593
2016-05-05,50.92597198486328,51.299249325905734,50.51713845097654,50.837095968250075,2770226
2016-05-06,50.641563415527344,50.96151609565943,49.94832859038093,50.89041817887022,3714029
2016-05-09,51.014835357666016,51.245911979222484,50.35715203336583,50.659331379323355,5027038
2016-05-10,50.42825698852539,51.10371849930744,50.1260776003069,50.890415118104265,7758595
2016-05-11,50.28605270385742,50.552680705614904,49.59281797055531,50.0549760667006,4574270
2016-05-12,51.15704345703125,51.3170173775537,50.19718064656853,50.44603539649057,4877581
2016-05-13,51.4592170715332,51.61919097410077,50.62378172979771,50.9437343567643,6719824
2016-05-16,51.352561950683594,51.868044655106814,50.837084068091734,51.53031394230106,4500368
2016-05-17,51.51253890991211,51.903594242460976,50.69487688334061,51.903594242460976,4754541
2016-05-18,50.8548583984375,51.51254174549586,50.73043103734568,51.19258911828223,2573082
2016-05-19,51.33479309082031,51.76139501425607,50.943737711297025,50.943737711297025,6035130
2016-05-20,51.47697830200195,51.60140563389451,51.08592303969551,51.40587559182612,3055890
2016-05-23,52.66792678833008,52.93455476649682,51.54809024439603,51.76138876946445,10093334
2016-05-24,52.15243911743164,53.05897704965651,51.97468714897548,52.97010106542843,3545037
2016-05-25,53.21895217895508,53.32560625563387,52.27686768836209,52.61459836509866,7201959
2016-05-26,53.53890609741211,53.82330730635614,52.82789343139094,53.32560277978881,11348343
2016-05-27,53.62778854370117,54.178817760652876,52.89900252243959,53.823313795695356,7635493
2016-05-30,53.94773864746094,54.37434049253942,53.09453013547309,53.71666204531457,6049447
2016-05-31,53.32560729980469,54.16104255190843,53.16562859256937,54.036615204262176,4297008
2016-06-01,52.93456268310547,53.538921452733874,52.756810671077346,53.538921452733874,5018958
2016-06-02,53.396705627441406,53.538911066943605,52.65014635737881,52.93455241455222,3951078
2016-06-03,53.46780776977539,53.627786476572204,53.05897919019912,53.538910488758624,3453446
2016-06-06,53.058990478515625,53.57446842440391,52.810135730961306,53.396716410959954,2395810
2016-06-07,53.290069580078125,53.66334689672815,53.0589929163504,53.112317558467225,3771426
2016-06-08,54.23215103149414,54.35657840341972,53.076762961301576,53.32561770515273,3804592
2016-06-09,54.32102584838867,54.907606506824564,54.16105193526895,54.28547448264037,4520638
2016-06-10,54.889835357666016,55.156463378342195,54.33880604366803,54.35657931631365,8988984
2016-06-13,53.96551513671875,54.65874980635977,53.80554124345395,54.65874980635977,7199310
2016-06-14,53.52113723754883,54.178820571204085,53.43226124169897,53.94774394636072,2914984
2016-06-15,54.889835357666016,55.01426273168129,53.73444726806923,53.73444726806923,5287666
2016-06-16,54.960941314697266,55.56529530390204,53.983305181558244,54.88983857628153,5385026
2016-06-17,55.8319206237793,56.15187328741872,54.35657985900774,55.10313928872106,8985642
2016-06-20,55.68971252441406,55.9918918747988,55.19200791180874,55.81413988302323,5237563
2016-06-21,55.458641052246094,55.920794345069616,55.12091030776072,55.65416633263332,5276594
2016-06-22,55.316436767578125,55.707487302603205,54.96093277440513,55.476410671407066,4797461
2016-06-23,55.68971252441406,56.11631923340798,54.338799315652274,55.28088390769652,5027803
2016-06-24,55.387535095214844,55.511962458139934,53.53891720972612,54.55209974052527,6010853
2016-06-27,54.74761962890625,55.814131417803935,54.39211569927369,54.409888967023065,5121198
2016-06-28,55.263099670410156,55.458629732720034,54.623194499905246,54.9431470851577,5842035
2016-06-29,56.614036560058594,57.00509199415204,55.298669596789495,55.38754561263653,9838712
2016-06-30,57.98271179199219,58.24933976422762,56.63179383956732,56.88064854238617,18696297
2016-07-01,58.71149826049805,59.15587825413542,57.947165635808076,58.30266963071797,9960809
2016-07-04,58.80038833618164,59.47584512385014,58.53376027616781,59.26254653330522,5753019
2016-07-05,57.32503128051758,58.9425724619144,57.16505256067336,58.764820471790294,5510329
2016-07-07,58.07158660888672,58.3559878447899,56.95174529066933,57.2361513484035,5911690
2016-07-08,58.46263885498047,58.80036470215395,57.44945166979855,58.124908185976246,7803900
2016-07-11,59.22698211669922,60.84452339580038,58.99590547994642,59.049230115838355,11133401
2016-07-12,59.22698211669922,60.080190756465015,59.0314520226533,59.369182753021576,9182267
2016-07-13,57.53833770751953,59.88466506689695,57.129504250923546,59.315857703740065,11106820
2016-07-14,58.675968170166016,58.871498331356676,57.55613114455867,57.78720786066284,7428442
2016-07-15,58.39154052734375,59.155873085248324,57.982711933286055,59.03144573353569,6629943
2016-07-18,58.01825714111328,58.94256839027524,57.804958625163664,58.51596653654503,3891623
2016-07-19,59.1558837890625,59.3691871703325,57.94717105764181,58.05382033736082,5987973
2016-07-20,59.849117279052734,60.43569794849191,59.33363452061207,59.369185887027264,7071425
2016-07-21,57.7694091796875,59.84910835376472,57.520554473724665,59.831330262292425,4189305
2016-07-22,59.13810348510742,59.74245736804657,57.89383953444097,58.12491616091275,7206087
2016-07-25,60.06241226196289,60.29348887862079,59.066998250606325,59.20919887456263,3967394
2016-07-26,60.93340301513672,61.50221041603993,59.4402890123267,60.16907033040675,8278821
2016-07-27,61.30668258666992,61.751062596763006,60.98672994376924,61.50220786237819,8851677
2016-07-28,62.63981628417969,63.58190084596768,61.200022303939576,61.466650283039826,31420184
2016-07-29,62.5687255859375,63.10198164662308,62.10657226207619,62.959780994806685,12377513
2016-08-01,62.99532699584961,63.955184930201916,62.44429288699146,62.568720254916315,11965659
2016-08-02,63.59966278076172,64.0618207552659,62.58648049822062,63.10195827284444,6487056
2016-08-03,62.533172607421875,63.670787436326,61.7510666316533,63.63523606882924,10713465
2016-08-04,63.3508186340332,63.759647201517666,62.69313537929867,62.853114081363834,9047354
2016-08-05,62.746463775634766,64.41733432622367,62.58648988578972,63.635223680877566,8816394
2016-08-08,63.45746612548828,63.990722021790766,62.3909543328833,62.92421022918579,9540514
2016-08-09,62.604278564453125,63.86631601180082,62.39097517032657,63.45748731912708,6314021
2016-08-10,61.99991989135742,62.7464793615695,61.715518579768194,62.60427870577489,3789657
2016-08-11,61.87548828125,62.764248277266326,61.30668091943324,61.8932615524377,5017074
2016-08-12,63.29750442504883,63.63523033123734,61.92881306357017,61.92881306357017,4369997
2016-08-16,63.10197067260742,65.09279391731079,62.657590699317886,63.56412873792732,22372774
2016-08-17,62.08880615234375,63.56415206250146,61.946605473077476,63.261972605414954,11599079
2016-08-18,64.70175170898438,65.12835849866336,62.65760341695112,62.92423145504242,20664320
2016-08-19,64.3284683227539,65.05724962946455,63.74188765859268,65.05724962946455,16563739
2016-08-22,64.68397521972656,64.98615461224176,64.25736845125427,64.50622320316845,11335483
2016-08-23,64.75506591796875,65.19944590984935,63.99073329630043,64.50621601561453,7423678
2016-08-24,64.80838775634766,65.05723762945001,64.38178108555654,64.80838775634766,5319170
2016-08-25,64.79061889648438,65.76825490298764,64.16848689234592,64.87949489707557,12995397
2016-08-26,64.275146484375,65.19945311212523,64.0618431003434,64.93282508754373,7097916
2016-08-29,64.07960510253906,64.47066043417715,63.137520545750405,64.41733580300632,2956326
2016-08-30,65.16389465332031,65.3416466372121,63.88407940493323,64.31068127317482,5212793
2016-08-31,65.30608367919922,65.59048487419045,64.64840049122289,65.09278037204064,6435761
2016-09-01,65.51940155029297,65.76825144576816,64.79061549065597,65.23499547025241,6116318
2016-09-02,65.34164428710938,65.76824614000763,64.80838835461331,65.6082722533574,3858397
2016-09-06,66.3370590209961,66.72811436880423,65.34164979187668,65.67937568447762,9001076
2016-09-07,65.67938232421875,66.47926637121267,65.37720294209912,66.15931371678148,5024999
2016-09-08,66.8120346069336,67.26007656061508,65.10947032137766,65.9159458380043,5980354
2016-09-09,65.8801040649414,66.90164065589127,65.73672675552895,66.6686549588791,5051740
2016-09-12,64.60767364501953,65.73673855919712,64.42845683764001,65.4499936120167,4144478
2016-09-14,64.21337890625,64.89440648547384,63.98039808988879,64.50012864001945,6680869
2016-09-15,62.65420150756836,64.66142548120568,62.385376347359845,64.66142548120568,8920122
2016-09-16,63.102237701416016,64.69726392329524,62.06277662057381,63.19184608000133,21690721
2016-09-19,63.58612823486328,63.87287800466659,62.45706347402659,62.97679408946821,4266806
2016-09-20,63.837039947509766,64.30300168456547,63.44276201377278,63.67574288230063,4769662
2016-09-21,62.83342361450195,64.55390284124864,62.56459843147487,63.837035686509765,4957941
2016-09-22,63.99834060668945,64.62559944417941,63.15602062403236,63.47860991099949,4676363
2016-09-23,63.0664176940918,64.30301087842112,62.9768092809563,63.890813150311345,7599534
2016-09-26,62.97679901123047,63.908727328182124,62.672129483939216,62.976799011230476,6333433
2016-09-27,63.156009674072266,63.85495219772419,63.030556956011786,63.317301858807504,6069513
2016-09-28,63.96249008178711,64.19547094085007,63.15601451163841,63.15601451163841,4515648
2016-09-29,62.15238571166992,65.27075926681403,61.543051647243814,64.0700060076923,13380901
2016-09-30,63.28145980834961,63.69365741237578,61.48929208513489,62.40329567934796,11831869
2016-10-03,64.94818115234375,65.5575153207191,62.94095213428597,63.49652223803505,9403402
2016-10-04,64.87649536132812,65.48583441822151,64.6793588284568,65.05571215905361,7967290
2016-10-05,65.01985931396484,65.7367264110054,64.66142576544456,64.93025092683477,5347763
2016-10-06,63.76533889770508,65.32452573281277,63.621966457347504,64.98401679465927,5654229
2016-10-07,63.424835205078125,64.37468317026554,63.19185436253273,63.765344171393295,3980080
2016-10-10,63.819129943847656,64.15963900006123,63.514460363975175,63.514460363975175,4458994
2016-10-13,62.72587585449219,63.747412281770515,62.259914258257005,63.639884178505596,14897308
2016-10-14,63.69366455078125,63.980409474005825,61.84773256130227,63.0126417119479,4958871
2016-10-17,63.102237701416016,63.6757274351095,62.65419580848944,63.19184608000133,4534814
2016-10-18,63.22768783569336,63.729498663226266,62.725881869726294,63.35314054257658,7289895
2016-10-19,63.99834060668945,64.78689165687942,63.12017628957665,63.424845840099486,9020687
2016-10-20,64.03416442871094,64.6076590551306,63.74741954628407,64.2850698470089,4037879
2016-10-21,63.424835205078125,64.28507477993529,63.120165705642,64.28507477993529,10350237
2016-10-24,63.12017059326172,63.92664616868227,62.779656739013035,63.29938738779962,2945373
2016-10-25,63.926639556884766,64.14170066040028,62.94094728887439,63.28146110790445,3002870
2016-10-26,62.905094146728516,63.90871086864611,62.65419361242325,63.80117790117342,3927291
2016-10-27,62.905094146728516,63.38898034644186,62.25991578815439,62.761721718330435,7017500
2016-10-28,63.0484619140625,63.44273970918307,61.66849692348819,63.012622455786655,4282450
2016-11-01,63.40690231323242,64.35675501569722,62.42121014857819,62.81548798675301,5277438
2016-11-02,62.76172637939453,63.26353234683771,62.5287455582494,63.06639585084549,4859666
2016-11-03,62.70795822143555,62.97678335015281,62.474977415527036,62.77964200548749,4078615
2016-11-04,62.20616149902344,63.03055673788287,61.38176139859773,62.72588724123786,4179894
2016-11-07,62.36744689941406,62.58250798315728,62.206154732780966,62.474979872068545,7660803
2016-11-08,63.442752838134766,63.65781394012066,62.33160786251276,62.45706057713505,3265787
2016-11-09,64.58975219726562,64.98403013536553,59.84050692756429,60.933727478981986,13247214
2016-11-10,67.54682159423828,68.1023916732287,64.93025366284444,66.3102238551095,18046820
2016-11-11,65.62921142578125,67.56475200284707,65.05571666105917,66.66866795220854,8770575
2016-11-15,66.29230499267578,66.88371940811338,65.43206540098777,65.43206540098777,11489252
2016-11-16,67.56474304199219,68.28161018742766,65.71881111480916,66.8658004921325,10203154
2016-11-17,69.141845703125,70.39636304528214,66.02347207942236,67.36759780316214,9392264
2016-11-18,68.80133819580078,70.0020915910507,68.60420168293022,69.44652151909457,12168642
2016-11-21,66.32815551757812,69.41068546550383,66.05933031621659,69.41068546550383,12187225
2016-11-22,65.8621826171875,66.91956358600912,64.78688191461627,66.63281867661668,11976002
2016-11-23,65.1094741821289,67.22423621815611,64.37468727914766,66.02348273877624,13625626
2016-11-24,66.32815551757812,66.99125865324997,64.62559590895503,65.21701037963706,18404432
2016-11-25,67.61851501464844,68.1740851327733,66.31022852601244,66.70450644608493,14716858
2016-11-28,68.28160858154297,69.82287582492073,67.00917137294748,67.02709110653534,10318399
2016-11-29,67.9052505493164,68.65796195415525,67.56473674235697,68.33537274110033,12406804
2016-11-30,68.78341674804688,69.07016164354171,67.24214956545522,68.38913887056687,7446808
2016-12-01,66.059326171875,68.99848346699501,65.7725763914723,68.99848346699501,11056167
2016-12-02,65.8801040649414,66.63281549309217,65.41413753248324,66.31022140848029,9676372
2016-12-05,66.3460464477539,66.68656016626532,64.82270430142395,65.84424059539346,12282830
2016-12-06,65.55751037597656,66.88371646508247,65.414137927265,66.45359911894778,4550359
2016-12-07,65.39622497558594,66.4894454796361,65.2349279155807,66.20270055247869,4265108
2016-12-08,66.54319763183594,66.65072573702051,65.07361931210923,65.93385873828215,5413273
2016-12-09,66.11308288574219,66.66865292730417,65.86217746348231,66.66865292730417,3451184
2016-12-12,66.22061920166016,66.47152465498435,65.73673289114441,66.04140240973334,3689403
2016-12-13,66.39984130859375,66.86580792184198,65.39622913809559,66.48944971172992,4417447
2016-12-14,65.21700286865234,66.45360059712431,65.03778608838489,66.3102232836573,7312670
2016-12-15,65.71880340576172,66.57904290706186,64.69726687103272,64.87648363636883,5253972
2016-12-16,65.8801040649414,66.75826334647881,65.12739263679065,65.7904956773417,26025533
2016-12-19,65.98761749267578,66.310206643894,65.53957565443795,66.00553722157926,3627943
2016-12-20,65.21700286865234,66.11308676998962,65.14531421191884,65.95178972312239,5757036
2016-12-21,65.68296813964844,65.84426519532406,65.14531776948515,65.25285076045775,5279390
2016-12-22,65.14531707763672,65.75465610197718,64.91233622535354,65.59335904801455,2653684
2016-12-23,65.34245300292969,65.48582544916016,64.15961938300448,65.09154757585176,4805945
2016-12-26,64.08792877197266,65.36036578153934,63.89078742551045,65.36036578153934,5932940
2016-12-27,64.89442443847656,65.1274053192918,63.28147314758588,64.05210445869801,4555998
2016-12-28,64.51805877685547,65.5933595133914,64.19546952820801,64.89441695158298,3739977
2016-12-29,64.53596496582031,65.03777086076559,64.15960689843747,64.23129553838615,14737238
2016-12-30,65.77257537841797,66.34607006882364,64.60766626354285,64.6614303273007,4872601
2017-01-02,65.82633209228516,66.38190698659388,65.44997882643565,65.77256803453037,1811713
2017-01-03,67.40345001220703,67.56474220098245,66.13100792795787,66.27438524451345,7819727
2017-01-04,66.93748474121094,67.6901962213083,66.68658415555615,67.40345130582668,7829503
2017-01-05,68.40706634521484,68.55043880918802,66.70450678931253,67.04502064511968,6362320
2017-01-06,67.67227935791016,69.12393345416214,67.4751379662829,68.51459926752347,6298387
2017-01-09,66.86581420898438,67.8156623992249,66.34608347729952,67.8156623992249,2956484
2017-01-10,66.86581420898438,67.49307308991628,66.32816373961417,66.88373394666972,4626997
2017-01-11,68.03070068359375,68.60419529706145,66.63281090559273,67.13461686928979,21835704
2017-01-12,70.96985626220703,71.5971149209338,68.10238324646173,68.10238324646173,26857806
2017-01-13,70.6651840209961,71.6508761602524,70.27090619298046,71.6508761602524,23933005
2017-01-16,71.47166442871094,72.06307878149984,70.52181654555714,70.61142492814837,8473484
2017-01-17,70.8802490234375,71.91970527374788,69.93039629282195,71.47166336744462,10193606
2017-01-18,71.13115692138672,71.56127914049284,70.62935090680715,70.96986473539667,21229809
2017-01-19,72.33191680908203,73.01293966572874,70.7010459001465,71.29246035824582,8756982
2017-01-20,71.47166442871094,72.61864880893907,70.77271709987303,72.61864880893907,12987134
2017-01-23,71.75841522216797,72.47528234197658,71.34621760059127,71.6329625038882,7334154
2017-01-24,72.8874740600586,73.37136029905048,71.90178185015753,72.04515915175949,7122776
2017-01-25,72.79786682128906,73.13838062559573,72.36774949442199,72.99500818330671,10336365
2017-01-27,73.31759643554688,74.1778359396032,72.60072937190562,72.94124317176158,11095330
2017-01-30,73.72980499267578,73.99863018153097,72.58282043716697,73.22799894579276,5832917
2017-01-31,74.26744079589844,75.002232418178,73.28174863019824,73.65810673767771,7593736
2017-02-01,73.76563262939453,74.76924935759587,73.38927939479748,74.76924935759587,7325455
2017-02-02,73.1025390625,73.837330757047,72.85163849440306,73.80148642972853,7773806
2017-02-03,72.29605865478516,73.76563708230105,72.08099756707647,72.83370894327396,4479429
2017-02-06,72.08102416992188,73.19216948186747,71.59714262094911,72.49322676581367,6337200
2017-02-07,71.65088653564453,72.9770877799267,71.39998110105712,72.2781452605468,6562928
2017-02-08,72.08102416992188,72.65451899494872,71.07741187230062,72.0451846933814,9024346
2017-02-09,72.45736694335938,73.69395988206846,71.97348063622687,72.54697533869626,12790725
2017-02-10,71.65088653564453,73.76564355014463,71.41790569585123,73.55058244357917,16817238
2017-02-13,72.77994537353516,73.10253457647295,71.50750829356048,72.29605913834554,9508762
2017-02-14,71.99140167236328,73.1025467669449,71.72257648149193,73.08462703218015,9403263
2017-02-15,72.20646667480469,72.61866435062879,71.59713245971551,72.18854693907765,7302351
2017-02-16,72.4586181640625,72.9269044497412,71.72016070025249,72.04436415968215,6272531
2017-02-17,72.96293640136719,73.21509359227244,71.88227110175109,72.76481638409906,4966775
2017-02-20,74.3677749633789,74.70998747926618,72.69274529711849,73.44921172615122,9917513
2017-02-21,74.25972747802734,74.85409234953984,73.68337173851043,74.36779204164058,7428835
2017-02-22,72.6207046508789,75.25032578583605,72.36855241217503,75.16027036790915,26345564
2017-02-23,71.73815155029297,72.76478410669299,71.52201760907955,72.76478410669299,13404307
2017-02-27,69.4327392578125,72.04434609532431,69.12654989280257,72.04434609532431,14798634
2017-02-28,69.21660614013672,70.18920162888945,69.00047218069656,69.12655073085487,10051421
2017-03-01,69.39674377441406,70.1351964615445,69.10856342186472,69.70293326145126,10348326
2017-03-02,68.35208129882812,69.88302838873621,68.08191502751836,69.88302838873621,10629352
2017-03-03,68.74832916259766,68.8924168697994,67.72169630932827,68.08191802024245,8454072
2017-03-06,69.82898712158203,70.67550903242838,68.83837751833651,69.10854377376711,14858083
2017-03-07,70.08113861083984,70.58544793658358,69.72091696590594,70.08113861083984,11746802
2017-03-08,70.45936584472656,71.17980909840864,69.93704741729816,70.35130131100165,7938282
2017-03-09,70.0451431274414,70.53144351728814,69.34271357394786,70.53144351728814,9777769
2017-03-10,69.3607177734375,70.49541534512373,68.46016336958806,70.2432630435381,16388459
2017-03-14,69.75694274902344,71.57606017049604,69.37870707602906,71.48600475585245,11886293
2017-03-15,69.50479888916016,69.90104376632469,69.34270204337912,69.88303463428898,7772586
2017-03-16,70.2792739868164,70.40535256738,69.43275684407476,69.93706628050931,5161993
2017-03-17,69.88300323486328,70.96366793112503,69.55879991733062,70.89162166371383,9522200
2017-03-20,69.73893737792969,70.04512680283023,69.43275283884869,69.88302996787314,9378518
2017-03-21,69.61286163330078,70.08114787931987,69.48678306373583,69.88302790273165,8126819
2017-03-22,69.19860076904297,70.45937665644783,68.96445765283163,69.00048079820705,8203222
2017-03-23,69.54082489013672,69.70292662838358,69.01850140984796,69.52281575736265,5875356
2017-03-24,69.79297637939453,70.29728580001415,69.61286552304327,69.82899464200905,6164329
2017-03-27,70.18921661376953,70.6394937563096,69.75695348842287,69.88303206549803,7104197
2017-03-28,70.85562896728516,70.96369841482506,70.1171763952848,70.1171763952848,6020578
2017-03-29,70.90966033935547,71.12579434584549,70.51342036091341,71.07176206567792,6451066
2017-03-30,70.40534210205078,71.2338548755868,69.97307902899725,71.0717531695548,13016042
2017-03-31,71.0717544555664,72.008331792858,70.4773896657261,70.4773896657261,8522874
2017-04-03,70.67552185058594,71.82823337048048,70.60348043423004,71.82823337048048,9945512
2017-04-05,70.2432632446289,71.28790537892077,69.95508290307988,70.909669596729,7061975
2017-04-06,71.03572845458984,71.3058947014565,69.55881866122168,70.74755307892634,7466431
2017-04-07,70.2432632446289,70.69354044784268,70.0631523633434,70.62149414100033,9205565
2017-04-10,70.3512954711914,70.47737400728379,70.00908299977182,70.26124007195658,5763232
2017-04-11,71.73815155029297,72.62069155533855,70.06312205607095,70.36930651315353,10668096
2017-04-12,71.17982482910156,72.58469339291142,70.60347400743755,72.04436083323672,6620702
2017-04-13,72.04435729980469,72.42258811869871,70.89164594137252,71.25186763015515,5910355
2017-04-17,72.87287139892578,73.17906083747619,71.68414167963572,72.02634938145812,11138596
2017-04-18,72.89087677001953,73.5933110407003,72.63872451102554,72.9449139337792,7675098
2017-04-19,76.07884216308594,76.90735503192616,72.7467913280977,73.07098989163532,29099215
2017-04-20,75.25032806396484,76.51110395311028,74.00756130462236,76.36701625722894,11822555
2017-04-21,74.06159973144531,75.80867601439519,73.41320260321346,75.43044517056322,7938078
2017-04-24,73.79141998291016,74.54788641836734,73.52125374780536,74.38578960879573,7520828
2017-04-25,75.14226531982422,75.61055156415034,73.77341996149819,74.2056879453526,6293621
2017-04-26,74.09760284423828,75.10622629809622,73.57528443378928,75.10622629809622,5977354
2017-04-27,74.83607482910156,75.70060589856095,73.89949746809586,74.20568687843878,13646716
2017-04-28,74.92613220214844,75.17828445748951,74.18767479493232,74.56591050667309,5477289
2017-05-02,74.20569610595703,75.23232901614834,73.66536350962686,75.23232901614834,5123042
2017-05-03,76.0248031616211,77.01541278173409,74.31375018142592,74.52988416661442,10859280
2017-05-04,75.88072967529297,76.63719632219006,75.2863647690953,76.00680826407917,12952295
2017-05-05,75.2863540649414,76.3670191537691,74.76403065101357,76.3670191537691,4993008
2017-05-08,75.6465835571289,75.82669442382856,74.45784890541931,75.32238497423354,6855459
2017-05-09,75.05221557617188,76.18691301237747,74.83608156788992,75.66458956618105,4729357
2017-05-10,75.82669830322266,75.98879516005344,75.2863656754796,75.53851797026758,4623710
2017-05-11,74.9981689453125,76.18690339794058,74.2777255991691,76.00679256140474,4946190
2017-05-12,74.2957534790039,75.50249728615422,74.06160543915651,74.92614152451914,5386419
2017-05-15,74.45783233642578,75.28634507036837,74.33175866644699,75.25032192788062,5353854
2017-05-16,74.70999908447266,74.90811906498139,74.29574510697834,74.47585595682973,4077710
2017-05-17,75.21432495117188,75.53852357470697,74.25973821516608,74.78206174839859,3694898
2017-05-18,75.01618194580078,75.43043588706628,74.6019280045353,74.92612652875094,5797418
2017-05-19,74.11563873291016,76.27696906164788,73.52126898385144,75.53851160117061,17793954
2017-05-22,72.94490051269531,74.81805008017199,71.7561661876284,74.56589786757134,7423973
2017-05-23,72.54866027832031,73.30512673510495,71.08975963613163,73.10700189228433,6465473
2017-05-24,72.0083236694336,73.44921021477272,71.50401435572863,72.90887776027056,6650433
2017-05-25,71.6661376953125,72.38658123472966,70.47740780960234,72.29652579230252,9992276
2017-05-26,72.83684539794922,73.44922425107268,71.43198172493493,72.04436057805839,6466364
2017-05-29,75.32237243652344,75.91673722053388,73.16103751007064,73.17905152523407,14504778
2017-05-30,73.52125549316406,75.25032237037323,72.78280305400797,75.25032237037323,10884114
2017-05-31,74.90812683105469,75.39442715323437,73.82746161990875,73.82746161990875,7781359
2017-06-01,74.80004119873047,75.53849359738578,74.33175502677616,74.76401805800661,6369921
2017-06-02,74.24170684814453,75.05221054633866,73.95353144696129,74.96215512274146,6713770
2017-06-05,73.95352172851562,74.69197903646142,73.55727693959578,74.47584507106707,5093948
2017-06-06,73.28712463378906,74.07961436225509,72.87287063810807,74.04359121353941,5324457
2017-06-07,73.86348724365234,74.09763040340884,72.83685428152906,73.4492332093416,7605903
2017-06-08,74.69200134277344,74.8180750482374,73.34116487709436,73.84547924223118,7487370
2017-06-09,74.63795471191406,75.10624586507652,74.38580244712162,74.71000100803741,6432439
2017-06-12,74.27772521972656,74.89010401514781,73.8454621457402,74.34977150830052,3684911
2017-06-13,75.73664093017578,76.78128300662411,74.20569852401975,74.36779537670893,15775215
2017-06-14,75.82669830322266,76.72725268279441,75.46647655139395,76.00680917913701,13639132
2017-06-15,75.77265930175781,76.45707959240701,75.41243758185615,75.64658072262827,5595511
2017-06-16,75.6285629272461,76.18690949669428,74.78204583641931,75.64657694383318,6127735
2017-06-19,76.51110076904297,76.7092207319075,75.62855572904125,75.64656974391379,6393073
2017-06-20,75.03418731689453,77.4476743272818,74.06158690713994,76.45706478934683,12876594
2017-06-21,74.09760284423828,74.92611549053069,73.7553952413548,74.92611549053069,13855413
2017-06-22,72.87287139892578,75.17828942514214,72.04436339891389,74.15165654803539,33713902
2017-06-23,74.20569610595703,74.56591783684381,72.90889689760063,73.12503091329668,9034020
2017-06-27,74.11563873291016,74.45784643680174,72.58469641672093,74.20569416327422,6947747
2017-06-28,74.78202819824219,75.26832347246338,73.26909545274536,74.20567263396633,7103873
2017-06-29,74.92613220214844,75.82668644083678,74.52988735996168,74.92613220214844,7577681
2017-06-30,75.8447036743164,76.0248145412966,74.85409390592528,74.89011705648531,7751039
2017-07-03,76.16889953613281,76.60116755576797,75.46647011150043,75.64658097204511,8768284
2017-07-04,75.89874267578125,76.7272556687219,75.55653492971871,76.7272556687219,4530105
2017-07-05,75.66458892822266,76.1688983527487,75.46646893902948,76.1688983527487,6062229
2017-07-06,75.59254455566406,76.00679853509061,75.28635513232462,76.00679853509061,5577232
2017-07-07,75.44844818115234,75.79066073462495,74.99817107701432,75.53850360197994,7641379
2017-07-10,76.13288116455078,76.36702430576236,75.64658086460686,75.64658086460686,2844699
2017-07-11,76.3490219116211,76.85333630586263,75.97079100176047,76.54714681959327,13833624
2017-07-12,77.08746337890625,77.44768507907273,76.34900596207325,76.34900596207325,9211263
2017-07-13,77.48370361328125,78.16812382568689,77.24956049927658,78.15011469607853,9596900
2017-07-14,77.51972961425781,77.89796043652153,77.26757247553574,77.89796043652153,4889330
2017-07-17,78.06005859375,78.33022485042792,77.53773520984498,77.53773520984498,6302565
2017-07-18,77.5917739868164,79.24879481047627,77.35763085523632,78.15012056223614,7549621
2017-07-19,78.76248931884766,79.0686787256471,77.82591196868078,78.31221221644236,8521832
2017-07-20,78.780517578125,79.248803894966,78.40228181222714,78.88858214791289,10233967
2017-07-21,77.55575561523438,79.05067969485673,76.90735845926363,79.05067969485673,4948380
2017-07-24,78.07807159423828,78.2581824409533,76.81729566723315,76.81729566723315,6137724
2017-07-25,78.16812133789062,78.7444769826645,77.9159642164836,78.34823217151877,6113154
2017-07-26,78.27619171142578,78.51033972123001,77.64580374679471,78.47431657465863,5258903
2017-07-27,78.04203796386719,78.92458294854087,77.7178394604956,78.42027362264966,21380991
2017-07-28,77.32160949707031,78.09608520521527,76.38503206325376,77.84393293683908,8260545
2017-07-31,80.43750762939453,80.76171100529703,77.32159150467793,77.32159150467793,17403810
2017-08-01,80.83378601074219,81.26605410113793,79.48295433553122,80.61765196554431,15263765
2017-08-02,79.8971939086914,81.41012706474565,79.50095393118073,80.9238267727411,12014487
2017-08-03,80.31146240234375,80.88781330619067,78.97863994410213,79.60902802027744,5285543
2017-08-04,80.90581512451172,81.10393510710394,79.82515001403884,80.8337688294857,7975937
2017-08-07,81.3921127319336,81.50017728510882,80.32945678715986,81.04990017051307,4619568
2017-08-08,80.29344177246094,81.62626412097228,79.77112319812424,81.59024097099254,3229672
2017-08-09,79.93321990966797,81.12195454207797,79.53697503219796,80.18537707328157,4573769
2017-08-10,78.31222534179688,79.89720003074599,77.5737727244131,79.89720003074599,6813656
2017-08-11,78.85254669189453,79.42890237440902,76.36701800223389,76.54712884765596,8860877
2017-08-14,80.2394027709961,80.67167076291429,78.8885714035261,78.97862682802409,4990789
2017-08-16,79.50094604492188,80.92381874533747,79.12271035051832,80.58161108181336,5221989
2017-08-17,79.05066680908203,79.82514242075247,78.79850968629674,79.4288976074409,2837686
2017-08-18,80.31146240234375,80.61764698782983,78.78051993163228,78.88858450464852,7721084
2017-08-21,79.35685729980469,81.03189209659223,79.08669102752535,80.6896795307106,5203218
2017-08-22,79.06868743896484,80.09532032274706,78.5463639882873,79.95123261126284,6646897
2017-08-23,79.15874481201172,79.53697567466746,78.40227820088033,79.1047125296066,5312780
2017-08-24,79.59101104736328,80.04128820028112,78.90658586627232,79.06868759565067,5492256
2017-08-28,78.20415496826172,79.57299553305734,78.04205324193238,79.57299553305734,9753985
2017-08-29,77.55575561523438,78.72647623105146,77.0154230233188,78.27619907112182,12235532
2017-08-30,77.66381072998047,78.33022178083466,77.1775105098534,78.11408780679831,9313551
2017-08-31,78.97863006591797,79.24879635048799,77.46569691799792,77.89796492763783,8143692
2017-09-01,77.98800659179688,78.78049617433108,77.73584948303996,78.78049617433108,8803556
2017-09-04,78.38426208496094,78.97862691010153,76.65519500131074,78.02404038659458,6239751
2017-09-05,77.87996673583984,78.38427622737846,77.77189727533991,78.34825307387848,3937595
2017-09-06,77.19552612304688,77.82591408354463,76.72723987814771,77.44768326157373,4800221
2017-09-07,77.77188110351562,77.86193652562935,76.92535915848286,77.62779340529755,5008597
2017-09-08,76.76326751708984,78.04205264318476,76.51111036380536,77.87995580391875,8588797
2017-09-11,78.90421295166016,79.05060192568646,77.09263512700865,77.22072734072636,6205180
2017-09-12,78.79443359375,79.16040858550048,78.42845860199952,78.90422906958726,4307268
2017-09-13,78.2271728515625,79.08721505855985,77.95269161297952,78.79443209242595,3679773
2017-09-14,78.30035400390625,79.05060058547937,77.82458364157124,78.06246634081253,6793237
2017-09-15,77.76969909667969,78.11737729529953,76.15941026045466,77.8428911105949,9054445
2017-09-18,78.81273651123047,79.5446865057793,77.76970677622766,77.76970677622766,10470233
2017-09-19,78.99571228027344,79.19699651334547,77.87948572601603,79.19699651334547,5530915
2017-09-20,77.91609954833984,79.12382007603117,77.76971053512527,79.01402459322986,5687495
2017-09-21,77.4220199584961,77.91608714280366,76.98285298877506,77.91608714280366,5113744
2017-09-22,76.6900634765625,77.34882132050065,76.15940281311933,76.87305093923655,5195124
2017-09-25,76.90965270996094,78.26376197713465,75.99471535750651,76.48878252060247,13057600
2017-09-26,77.1292495727539,78.13568080275478,76.90966358434665,78.13568080275478,6570371
2017-09-27,76.1777114868164,77.97098790869119,75.68364426756177,77.58671616252279,7885119
2017-09-28,76.48878479003906,77.18413620576509,75.02488498267778,75.3908599345181,11633088
2017-09-29,77.22073364257812,77.82459131212426,75.42745243188863,77.22073364257812,13782560
2017-10-03,75.44574737548828,77.67819534341461,75.20786467418479,77.64159685924812,12296210
2017-10-04,76.50707244873047,77.09263329477136,75.04317281555446,75.04317281555446,12075908
2017-10-05,75.00658416748047,76.63517470848493,74.71380618799458,76.48878571874198,17352392
2017-10-06,74.93340301513672,75.33597155431353,74.49423101840271,75.02489676746849,13466622
2017-10-09,73.54268646240234,74.96998784028449,73.06692099105935,74.96998784028449,21446056
2017-10-10,74.93340301513672,75.39087177679559,73.56099673016014,73.579293495085,14560236
2017-10-11,74.23804473876953,75.4274634904428,73.70738396633517,75.17128396839459,11830976
2017-10-12,74.03675079345703,74.73210221074483,73.74397281686836,74.31123200795376,5518551
2017-10-13,75.26276397705078,75.79342961644986,73.26819860287105,74.0733454425415,11394674
2017-10-16,75.29937744140625,76.34240720268284,75.07979144473954,75.64705071926264,11521216
2017-10-17,74.98829650878906,75.72024651021556,74.64061827257001,75.11638875180942,4936452
2017-10-18,78.15396118164062,78.41014560838153,75.39085255138262,75.4640445562711,18484486
2017-10-19,77.0926513671875,77.95269359606397,76.69007788092047,77.89779833972155,559370
2017-10-23,78.15396118164062,78.39184884812254,77.22072713138196,77.93437523927021,14162373
2017-10-24,78.70291900634766,79.0139986597366,77.36711163293279,78.0624629403684,7050716
2017-10-25,79.08720397949219,80.14853029389795,78.24545865410968,79.05060549337074,16306452
2017-10-26,77.58670043945312,78.9591063460105,77.129231803934,78.46503922687937,23524154
2017-10-27,77.49523162841797,78.15398468982515,77.00116435043559,77.71481763683836,9985329
2017-10-30,77.73309326171875,78.50164160024288,77.53180903765767,77.5684025592305,4118717
2017-10-31,77.53182220458984,80.11194388939379,77.11094699650039,77.84289697390332,16442260
2017-11-01,76.98285675048828,78.0990784374073,76.36069730816581,77.89779418693116,12417385
2017-11-02,78.7578353881836,79.16040388411753,77.51351651905,77.58671349859429,16259892
2017-11-03,76.8730697631836,80.69751065510498,76.70838398476184,80.69751065510498,26293141
2017-11-06,77.11095428466797,78.06249033799722,76.67178723503028,77.12925601414491,7985183
2017-11-07,75.99470520019531,77.6598889735559,75.57383506708956,77.44030800939788,9702210
2017-11-08,76.1777114868164,76.83646446992032,75.81173650423571,76.12281623219998,12777065
2017-11-09,76.12281036376953,76.78156329608912,75.02488550066822,76.78156329608912,9492091
2017-11-10,77.34883117675781,77.58671391577602,75.57385156987037,75.75683905586179,8999608
2017-11-13,77.22073364257812,78.08077576046644,76.59857424737733,77.5501101019803,7885278
2017-11-14,75.738525390625,77.23902353200849,75.42744572070303,77.22072677183468,4927717
2017-11-15,75.7568359375,75.95812017826384,74.80530005674181,75.64704047211268,8653007
2017-11-16,76.23258209228516,76.43387124593147,75.07976226268096,75.79341523350116,18027175
2017-11-17,76.34239959716797,76.8364618356306,76.03131987986887,76.59857909787948,9193722
2017-11-20,76.41559600830078,76.96455849492742,75.26277577915553,76.96455849492742,8277194
2017-11-21,75.61044311523438,76.4704802493195,75.31766018622743,76.4704802493195,15596732
2017-11-22,75.7751235961914,76.17769699320702,75.06147053039768,76.17769699320702,8665005
2017-11-23,76.50707244873047,76.78155362995098,75.59213517799546,76.08620229696284,6824919
2017-11-24,77.29391479492188,77.5318024480424,76.12279810781162,76.30578555553373,7734712
2017-11-27,76.90965270996094,77.53181209517109,76.12280757962068,77.5135103698103,14811199
2017-11-28,76.25090026855469,76.85475793210097,75.4640501695444,76.85475793210097,21546865
2017-11-29,76.39727783203125,76.76325272054201,75.95810598027748,76.34238259152505,7324543
2017-11-30,75.40914916992188,76.30578969797745,75.0797727389115,76.30578969797745,19256592
2017-12-01,74.27462768554688,75.88492132185276,74.000146492611,75.75682910571216,8172074
2017-12-04,74.2014389038086,74.64060585328028,73.52438427237202,74.4759201086732,7124561
2017-12-05,73.30479431152344,74.09163939638427,72.042178852574,73.92695366077295,17485101
2017-12-06,73.28650665283203,73.50608766091781,72.7009457156126,73.08521744361586,5557173
2017-12-07,74.03675079345703,74.29293524586184,72.99372118559883,73.28650412604048,11119755
2017-12-08,74.32952880859375,74.58571326113142,73.15841193777877,74.29293528439092,14615599
2017-12-11,74.76869201660156,75.17126541055366,74.1465326837799,74.585704561519,8231500
2017-12-12,74.25633239746094,74.84189328010685,73.89035746628883,74.84189328010685,8310332
2017-12-13,73.37799835205078,74.0916465361751,73.14011066015632,73.56098582959851,12105970
2017-12-14,73.23160552978516,73.78056797090551,72.64604956367258,73.67077746822267,12838407
2017-12-15,72.77413940429688,73.98185979581422,72.28007716088638,73.70737856554027,22654959
2017-12-18,73.15840911865234,73.23160112809056,70.77957201678103,72.81073094129927,16832008
2017-12-19,74.14654541015625,74.29293937043101,72.9022314947936,73.45119395426417,20133065
2017-12-20,74.27462768554688,74.42101666234215,73.17670291380337,74.32952293136353,14097971
2017-12-21,74.32952880859375,74.95168821398353,73.96355385574164,74.95168821398353,7881749
2017-12-22,74.31122589111328,74.51251011296789,73.87205399852722,74.29292913052744,7399925
2017-12-26,74.09164428710938,74.65890842859973,73.63417560712661,74.25633499744431,7946762
2017-12-27,73.63417053222656,74.84189074245619,73.48778155749184,74.10994090493006,7831439
2017-12-28,72.88391876220703,73.94524495853402,72.64603607466253,73.72565903008825,15796200
2017-12-29,73.32308959960938,73.81715672422729,72.99371317114826,73.0303116551667,8561565
2018-01-01,73.2682113647461,73.83547558909146,72.84734111045991,72.84734111045991,6388017
2018-01-02,73.46949005126953,73.85376175791095,72.9388243955715,73.65247752373742,4383705
2018-01-03,73.79888916015625,74.09166722042657,73.41461237171524,73.74399389433736,8187397
2018-01-04,73.32308959960938,74.2380268808083,73.19500235132348,73.92695217628261,4204055
2018-01-05,73.65247344970703,73.94525140391971,73.41458577757504,73.67077021040059,4923559
2018-01-08,73.39629364013672,74.38442798458946,73.2133061662642,73.92695929990818,11797863
2018-01-09,73.56097412109375,73.70736308706098,73.30478970776191,73.5975676396964,7380366
2018-01-10,73.14010620117188,73.8903577916903,72.64604401299592,73.8903577916903,8710385
2018-01-11,72.40814208984375,73.30478248429786,72.20685790195489,72.86561066581997,12305664
2018-01-12,71.85919952392578,72.57285268388623,71.62131679189,72.49965570609687,9411915
2018-01-15,72.93882751464844,73.28650571274632,71.42003242098741,72.38986507376953,9962401
2018-01-16,71.8042984008789,72.93882168072243,71.12724378517773,72.86562470891857,13205546
2018-01-17,72.24347686767578,72.71924233606838,70.99916298092708,71.7311129100561,13012437
2018-01-18,72.09708404541016,73.12181190622431,71.63961536400153,72.68263998653089,24603506
2018-01-19,71.7677001953125,72.46305653860715,71.10894730191544,72.09708160586374,8082214
2018-01-22,71.47490692138672,72.07876443826825,71.36511645062703,71.78598654034134,9833311
2018-01-23,71.67621612548828,71.8592036165303,71.01746314327838,71.47493187088342,16134097
2018-01-24,71.71281433105469,72.07878931168216,71.42003633209406,71.4749315864175,11061376
2018-01-25,71.10894775390625,72.04218185279281,70.68807757134668,71.9872866053029,13143678
2018-01-29,71.05406188964844,71.73111660170812,70.9991666349092,71.18215412660892,11002896
2018-01-30,71.3468246459961,71.785996517778,69.79143129889265,70.92595449778563,22826262
2018-01-31,70.92595672607422,71.47491910112225,70.26720386155759,71.3468268875072,14372442
2018-02-01,71.31024169921875,71.42003717301176,69.16928704456922,71.18215442557369,17028230
2018-02-02,70.5965805053711,71.18214136661423,69.90122419047785,71.18214136661423,22083930
2018-02-05,71.9140853881836,72.07877110956571,69.53524365098268,69.53524365098268,21997294
2018-02-06,71.3468246459961,71.58470734160615,69.53524687971114,69.53524687971114,13495253
2018-02-07,71.54810333251953,72.04216541102444,70.779555151504,71.65789380244249,14316750
2018-02-08,71.60371398925781,72.14111434628148,71.2886863671008,71.90021264469648,33536651
2018-02-09,71.60371398925781,72.01139649870515,70.78834897036313,71.15897354637382,15183068
2018-02-12,73.56797790527344,73.77181658364684,71.64075483383412,71.9743113197396,11747845
2018-02-14,72.43761444091797,73.54947318765058,71.78903017199063,73.54947318765058,13853923
2018-02-15,73.34561920166016,73.49386599841195,72.15963477394828,72.64144314695257,8833619
2018-02-16,72.47467041015625,73.47534519638279,72.1781767837147,73.41974824293186,6252218
2018-02-19,71.95579528808594,72.99352788111143,71.75195154623717,72.49319054892644,4332550
2018-02-20,72.27082824707031,72.77116058963495,71.80755383591855,72.23376528880836,8479558
2018-02-21,71.88167572021484,72.60438582235129,71.6407740284524,72.49319694602691,9258406
2018-02-22,70.51036834716797,72.08550610139147,70.13974888190319,71.64076073233446,25535938
2018-02-23,71.62225341796875,71.84462114286072,70.5474526223588,70.64010751668037,11567495
2018-02-26,72.69703674316406,73.08618522196413,71.529586279915,72.2708253076095,8362326
2018-02-27,73.2900161743164,73.47532589888512,72.47465137547489,73.1047064497477,17333449
2018-02-28,73.27147674560547,73.45678645641559,72.41905408661793,72.93792027151676,5795018
2018-03-01,73.16030883789062,73.56799129568921,72.47466175343602,73.04911997111898,8106682
2018-03-05,72.9935302734375,73.03059323015641,71.99286060311977,72.93793835178354,6992551
2018-03-06,71.58516693115234,73.1973625679313,71.19601348677227,73.04911076425427,9525018
2018-03-07,71.65929412841797,71.90020081722353,70.88099219783876,71.43692645697979,9481007
2018-03-08,72.41907501220703,72.60438477656267,71.30721642607325,71.84461172659513,10429826
2018-03-09,71.49250793457031,72.51171137826917,71.08482555172122,72.45611946852789,9887071
2018-03-12,72.27082824707031,72.51172993549942,71.52958918922751,71.7148989536882,14242997
2018-03-13,72.28935241699219,73.0120624611829,71.62223931993059,72.23376049671184,10581316
2018-03-14,72.0299072265625,72.71555422426655,71.71488471102244,72.14109607926612,8577503
2018-03-15,72.19670104980469,72.5487916067737,71.82608152745793,71.88167345044015,6132848
2018-03-16,71.2516098022461,73.06764411289618,70.91804827374364,72.04844061921166,10373796
2018-03-19,71.97432708740234,72.3078836463812,71.34427692640871,71.67783348538757,13496140
2018-03-20,72.2337646484375,72.67850506309101,71.45546263923258,71.93726601181946,9661410
2018-03-21,71.97432708740234,72.4561354742375,71.75195437246681,72.4561354742375,9675146
2018-03-22,71.41840362548828,72.15964271769586,71.25162784585116,71.97433294464396,11371840
2018-03-23,71.99286651611328,72.36348606004489,70.78834797148625,70.78834797148625,9062739
2018-03-26,72.2337646484375,72.45613736918877,71.99286296214406,72.04845488561962,15451169
2018-03-27,72.62288665771484,72.77113340854125,72.30785917042927,72.30785917042927,7563470
2018-03-28,71.62225341796875,72.56733132930881,71.2701628088069,72.45614746686283,14095921
2018-04-02,72.2337646484375,72.34494849538862,71.49252559716597,71.49252559716597,6821616
2018-04-03,73.5865249633789,73.93861552372007,72.10404685979347,72.19670174126756,6269850
2018-04-04,72.65996551513672,74.08685148638834,72.14109926018565,73.73476097757424,9689298
2018-04-05,72.73409271240234,73.54945254842589,72.64143784284182,73.34561384613211,8673501
2018-04-06,72.62288665771484,73.34559647990842,72.54876579572526,73.19734972908203,7948746
2018-04-09,72.58584594726562,72.82675264635441,72.34494427502558,72.64144289434688,4610445
2018-04-10,72.9935302734375,73.6235854571126,72.75262859503779,72.95646731671857,7562115
2018-04-11,73.01206970214844,73.45681013534701,72.56732424210061,73.38268924323854,5790314
2018-04-12,72.77116394042969,73.34562725281884,72.67850905393298,73.08619155988835,3537785
2018-04-13,73.19737243652344,73.3826821892554,72.78968997514335,72.82675293105949,3438013
2018-04-16,73.82742309570312,74.45747827013496,72.93793728174255,73.1047180711065,9628436
2018-04-17,75.93995666503906,76.7738505621439,74.93928197777375,75.30990148759811,23457958
2018-04-18,75.97701263427734,76.27350620413071,75.73610595356708,76.01407056037274,8814122
2018-04-19,77.12593841552734,77.42243200229971,75.95848297884562,76.1623267182442,10627620
2018-04-20,76.79236602783203,77.6818567165291,76.42174658315757,77.38535814468077,5446620
2018-04-23,76.64413452148438,77.051816997199,76.05114228652211,77.051816997199,4139986
2018-04-24,76.51439666748047,77.16298065516924,75.90287562731486,77.16298065516924,3594644
2018-04-25,76.84796905517578,77.83010965601491,75.5693298589948,76.49587854409745,5924775
2018-04-26,76.71825408935547,77.34830420256681,76.4217554829779,76.92209279692561,7950190
2018-04-27,77.05181884765625,77.34831245883343,76.75532523647907,76.90357204206767,7371596
2018-04-30,77.03327941894531,77.45949081219055,76.73678082119113,76.92209055971935,5644871
2018-05-02,76.03260803222656,77.49655703918485,75.865827249766,76.7182550991165,7210903
2018-05-03,76.51439666748047,76.92207903654007,75.32841753467243,75.97700152236119,3782713
2018-05-04,76.86650085449219,77.01474764420921,75.79170534548312,76.71825406477517,22466426
2018-05-07,77.5706787109375,77.83011436921636,76.71825587976177,76.71825587976177,6003886
2018-05-08,78.84931945800781,79.31259383727111,77.40390440007607,77.64480607192324,19748071
2018-05-09,78.51576232910156,79.20140941070554,78.25632666789508,78.5713542488319,13934330
2018-05-10,77.0888900756836,78.49724242013357,75.86584248796161,78.27486967447052,13973187
2018-05-11,76.66265869140625,77.45948954871042,76.32909714601763,77.3853636437689,10688957
2018-05-14,77.47803497314453,77.7559996354615,76.34764735712855,76.34764735712855,13962128
2018-05-15,79.25698852539062,80.0538193177164,77.32976542255105,77.45948323219662,56040833
2018-05-16,79.10875701904297,79.68321525237187,78.7751954364919,79.46084253962077,18183776
2018-05-17,79.10875701904297,80.05383476467408,78.68254055841633,78.75666647161633,17900935
2018-05-18,78.92342376708984,79.68319660562346,78.60840127683079,79.2013933631174,18414996
2018-05-21,78.812255859375,79.47937397618128,78.42310739470786,79.47937397618128,16669979
2018-05-22,78.10807800292969,79.31259135125941,77.6448036381875,79.21993647831098,9411261
2018-05-23,78.31192779541016,78.73813926592088,77.71893551924994,78.20074394287668,18219990
2018-05-24,78.47870635986328,78.71960805137233,78.34898851771251,78.71960805137233,17260447
2018-05-25,78.58987426757812,78.96049372605925,77.92276125305133,77.92276125305133,30090956
2018-05-28,76.69972229003906,78.75666352239897,76.45882062143349,78.66400864779307,17488299
2018-05-29,76.71825408935547,77.71892369040238,76.25497972956101,77.18152844914992,15749359
2018-05-30,77.64480590820312,78.55282067353532,76.71825715163024,76.71825715163024,36016623
2018-05-31,77.62627410888672,78.83078752644317,74.71690992572671,77.7930549005187,274352477
2018-06-01,76.3291015625,77.0518115835277,74.25363139937936,76.68119209107218,17096388
2018-06-04,74.75398254394531,76.69973523916816,74.3463000214811,76.69973523916816,14456405
2018-06-05,73.69770812988281,74.55013604768254,72.3078849206051,74.42041820944682,13788817
2018-06-06,74.53160095214844,75.32843693515119,73.19737471247176,73.19737471247176,8130515
2018-06-07,75.14312744140625,75.58786784724911,73.47533960908542,74.66131905151532,7683528
2018-06-08,73.34561920166016,74.56866155842341,72.91940777593047,74.45747771757175,12429285
2018-06-11,72.53025817871094,73.84596050938528,72.08551776454489,73.60505379650685,19668041
2018-06-12,72.28935241699219,72.80821871768997,71.67783124021092,72.80821871768997,13416832
2018-06-13,73.43827819824219,73.88301861344974,72.30788562753544,72.75263106959204,10866676
2018-06-14,73.69770812988281,73.88301789111985,72.86381420431618,73.45680644564447,7205187
2018-06-15,73.32708740234375,73.75330386766363,72.73410019760968,73.69770691872701,9527937
2018-06-18,73.62358093261719,73.93860850509489,72.7340951602702,73.32708232393581,4303444
2018-06-19,73.6421127319336,74.01273223691923,72.93793667783062,73.21590130656985,8099053
2018-06-20,73.80888366699219,74.01272235678388,72.93792694117226,73.6421029012731,8160216
2018-06-21,72.43761444091797,73.62359911483934,71.82609313558501,73.41975532849514,10942576
2018-06-22,73.27147674560547,73.53091235147869,71.93724582240304,72.71554761317509,7677797
2018-06-25,71.97432708740234,73.49386810813812,70.9736523836169,73.27149539320258,8701812
2018-06-26,70.69568634033203,72.15963540992426,70.047102200334,71.86314181380753,9869227
2018-06-27,69.37998962402344,71.34427605051472,68.8240603569342,71.14043230313936,13094540
2018-06-28,68.4905014038086,69.95444540643994,67.87897520994436,69.82473260347352,22542641
2018-06-29,69.25028991699219,70.54745854642088,68.23108599386964,68.65729753816905,8435793
2018-07-02,68.58314514160156,69.43556783879748,68.00868199623227,69.3058500300465,13100144
2018-07-03,68.39785766601562,68.73141426353071,67.1562811387961,68.2125478866351,9990760
2018-07-04,67.8233871459961,70.1397591427669,67.50835954906547,68.65728106483358,10626271
2018-07-05,67.32305908203125,68.1013611857463,66.91538157580639,67.87898843799205,7739370
2018-07-06,67.3786392211914,67.78631662565874,67.02654870622592,67.32304227799278,7229617
2018-07-09,68.37931060791016,68.56462035188675,67.45276188802717,67.52688779635722,10238815
2018-07-10,68.21256256103516,68.69436608033396,67.97165577453518,68.5646482014918,7258266
2018-07-11,67.78631591796875,68.47196295072588,67.601006180837,68.11987746628456,3825437
2018-07-12,67.67513275146484,68.04575222937038,67.30451327355931,67.89750544357784,11523981
2018-07-13,67.36011505126953,67.95310730810101,67.17480528518776,67.52689585148276,4793733
2018-07-16,67.21187591552734,67.63808742079456,66.93391123467701,67.10069205392709,12191173
2018-07-17,67.24893188476562,67.54542550276547,66.71153154693562,66.97096723282235,4698206
2018-07-18,66.15560913085938,68.11989589188036,65.988833338439,67.67515039172663,5845129
2018-07-19,65.7664566040039,67.00803310876854,65.63673875541369,66.37797785952995,5980121
2018-07-20,65.15493774414062,65.95176880499417,64.52488247173572,65.78498798969595,5273662
2018-07-23,65.61820983886719,65.97029539748277,65.09933844410841,65.21052732592075,6336970
2018-07-24,65.87763214111328,66.13706780553716,65.32170288321821,66.04441292922131,6260188
2018-07-25,65.09935760498047,66.34093447613387,64.74727194273456,66.21121658926396,7757736
2018-07-26,67.39717102050781,68.11988104401851,64.5619328988518,65.3217008502565,33869484
2018-07-27,66.67446899414062,68.49050875271236,66.04441879534055,67.91604545242056,19690254
2018-07-30,67.89750671386719,68.10134541978948,66.73005634199271,67.04507888262742,10288607
2018-07-31,67.56394958496094,68.78699186336809,67.39716880751976,68.0642818635876,11713824
2018-08-01,68.45344543457031,68.84259393688126,66.76712352857484,67.8233902122249,10299992
2018-08-02,69.93592834472656,70.51038665429851,68.4719790660955,68.99085047366314,12305598
2018-08-03,70.49185180664062,70.76981645457184,70.04710635921106,70.34360499978047,7491196
2018-08-06,70.21389770507812,71.10338370669201,69.91740404682345,71.10338370669201,4944677
2018-08-07,70.08417510986328,70.65863844584139,69.54677976222513,70.36213978076734,3270258
2018-08-08,70.232421875,70.67716735884451,69.62090060485093,70.08417505600167,6225545
2018-08-09,71.3813247680664,71.52957657497,69.62088231614418,70.23240342565278,6328977
2018-08-10,70.62157440185547,71.84461692434661,70.08417403560513,71.78902499638782,4909902
2018-08-13,69.67647552490234,70.41771446579976,69.36145299649957,69.89884821254122,2537940
2018-08-14,69.63943481445312,70.04711231124742,69.13909740029251,69.5097169623597,2304692
2018-08-16,69.5652847290039,70.41770741494437,69.34291206363098,69.45410090974133,3661689
2018-08-17,69.34293365478516,70.04710979201735,68.84259625861907,69.86180001764839,4022502
2018-08-20,69.54678344726562,69.99152392816767,68.78701029042709,69.49118648865931,2487784
2018-08-21,69.50971221923828,69.78767687182125,68.87965699597721,69.54677517828584,3655095
2018-08-23,70.49185180664062,70.78834542036094,69.50971105598686,69.50971105598686,9442607
2018-08-24,70.76981353759766,72.1225737630686,70.25094722154907,70.60303274497362,8393334
2018-08-27,73.30855560302734,73.49386535405458,70.75128204422133,70.84393691973493,14042229
2018-08-28,73.06764221191406,74.29068436177668,72.5487759976344,73.23441794497829,8224129
2018-08-29,71.54810333251953,73.77182004536698,71.19601284224613,73.01205217921665,6955827
2018-08-30,72.9935302734375,73.45680466530187,71.30721349779071,71.62224108962826,22347117
2018-08-31,74.67984008789062,74.95780467838875,72.21521669732873,72.21521669732873,11854651
2018-09-03,72.08551025390625,75.97701486335806,71.90020051059902,75.18017894565817,8999761
2018-09-04,72.06697082519531,72.80820974248934,71.02923835172292,72.08550481423653,5387824
2018-09-05,72.51172637939453,73.0120637242708,71.43693080360218,71.95579711327619,7334087
2018-09-06,73.86449432373047,74.77251423088931,72.4561420461467,72.64145182092611,16457730
2018-09-07,72.53025817871094,74.45748172064425,71.4739915264369,74.45748172064425,4580610
2018-09-10,72.54905700683594,73.31985836326972,71.49626137343262,72.62425888057122,6293799
2018-09-11,70.2742919921875,73.26348351374406,70.01109042936595,72.58668678051313,9560546
2018-09-12,72.86864471435547,73.41384545507985,70.34944867763586,70.34944867763586,13582243
2018-09-14,75.2562484741211,75.93304489720133,72.90625381090523,73.4138536781228,22816500
2018-09-17,75.91425323486328,76.53465085710768,74.22225693793388,74.22225693793388,15162744
2018-09-18,74.78624725341797,76.66624292647282,74.50424790245974,75.76384602336942,4937349
2018-09-19,74.5606460571289,75.19984661993045,73.77104686184893,74.8238474888271,6025625
2018-09-21,75.3502426147461,75.91424129165816,73.35744422976816,74.82384486959106,11174973
2018-09-24,74.29745483398438,75.33145258659107,73.15065936647397,75.19985695247519,3992299
2018-09-25,72.41746520996094,74.67346050250146,72.06026901519814,74.07186583767658,10770907
2018-09-26,72.51143646240234,72.94383946973296,70.76304181907786,72.73703692278924,7286693
2018-09-27,73.1506576538086,73.6582575586215,72.24826065626078,72.56786097409224,8101331
2018-09-28,70.83827209472656,74.4290625889421,70.44346985569061,73.13186834592169,10284429
2018-10-01,72.34225463867188,72.90625335431149,69.8982602042335,70.80065712929394,4684738
2018-10-03,71.04505157470703,72.30464965573572,70.8194510811204,71.62784817497585,10349581
2018-10-04,71.1578598022461,71.79706044536776,69.39066672388869,70.68786082930818,11239097
2018-10-05,70.42466735839844,72.02266393205576,70.06746608436062,71.0638629279721,7035573
2018-10-08,70.18026733398438,71.08266435897843,68.61986663472709,70.12386337632229,4680183
2018-10-09,70.14264678955078,71.23304310246196,69.67264793917407,70.33064632970147,5552286
2018-10-10,70.3682632446289,71.0450597030069,70.01106199726465,70.01106199726465,3526073
2018-10-11,69.82305908203125,70.87585465588803,69.20266150815797,69.91705886897613,10016561
2018-10-12,70.8570556640625,71.34585250883863,69.97345666021508,70.02985551156391,6856067
2018-10-15,70.72545623779297,71.43985360084399,69.9734579398835,70.85705695989009,6926558
2018-10-16,70.3870620727539,70.98866176565183,69.59746279456382,70.66906145069213,6530627
2018-10-17,71.10145568847656,71.4774548390269,70.68785560290821,70.70665862032465,4151254
2018-10-19,71.1202621459961,71.9850581941663,70.33066287168431,71.06385819083337,9497796
2018-10-22,71.1202621459961,71.81585652830839,70.78185881428026,71.21426193818047,4377225
2018-10-23,71.79705047607422,72.43625103044046,69.8606559964088,70.68785101403121,4599675
2018-10-24,71.59024810791016,72.28584746373403,71.21424900744474,72.00384303857078,4510189
2018-10-25,71.92865753173828,72.24825783709879,70.19906037903581,71.32705785690938,7455415
2018-10-26,70.83827209472656,71.81586598228428,70.61267154382256,71.57146751039485,6390862
2018-10-29,71.27066040039062,71.62785654883184,70.46226321202722,71.21426154535412,8374975
2018-10-30,69.99224853515625,71.27064439475261,69.78544598004508,71.06384183964144,5105532
2018-10-31,69.91704559326172,70.21784281444462,67.22865321706774,69.59744535837122,9622136
2018-11-01,70.8570556640625,71.17665595479217,69.76665917199782,69.97345666021508,5603131
2018-11-02,71.38346099853516,72.30466103405705,70.95106295934102,71.08266369296061,6034462
2018-11-05,69.95465850830078,71.25185248422994,69.55985635055428,71.08265593075122,4872816
2018-11-06,70.72545623779297,71.06385445188926,69.55985785607032,70.34945708883824,7337064
2018-11-07,71.0826644897461,71.43986065664288,70.72546322303397,71.43986065664288,223308
2018-11-09,72.07905578613281,72.26705536476287,70.98865925004151,71.06385602160455,9231137
2018-11-12,69.91704559326172,72.53024121406689,69.27784512348073,72.00383842727602,3906667
2018-11-13,69.20266723632812,70.6878609331036,68.7514661817191,70.31186175420116,7750412
2018-11-14,69.91704559326172,70.31184258354101,69.22144628198566,69.29664813718831,9918943
2018-11-15,70.34945678710938,70.87585457342531,69.76666014865509,69.93585670507014,8814911
2018-11-16,70.72545623779297,71.43985360084399,70.01105887474193,70.31185615397979,5537047
2018-11-19,71.32704162597656,71.62783884503516,70.55624556475529,70.76304301538134,5155461
2018-11-20,70.83827209472656,71.85346692407091,70.49986871846266,71.85346692407091,2673334
2018-11-21,68.46945190429688,70.63144671271603,68.16865466652943,70.49984600876247,6426666
2018-11-22,67.60466003417969,69.07105558002273,66.85266179530485,69.07105558002273,6231287
2018-11-26,68.60105895996094,68.75145759276994,67.24746106505074,67.69866206329235,5022526
2018-11-27,68.638671875,69.54106892919519,67.79267368047661,68.41307133649734,6727512
2018-11-28,69.29666900634766,69.55986537919259,68.24386821552172,68.39426687140673,9281286
2018-11-29,67.86786651611328,70.87585992183817,67.41667056514368,69.54106488797383,16395530
2018-11-30,67.73625946044922,69.01466061837645,67.04066513017172,68.05585974993103,10573839
2018-12-03,69.10865020751953,70.87584284777527,68.09345063772392,68.09345063772392,11107638
2018-12-04,70.4058609008789,70.76306215747448,68.48826408616388,68.95826305546584,6304336
2018-12-05,68.9958724975586,70.57507126899482,68.61987327577052,69.59747227238267,5774768
2018-12-06,68.9958724975586,69.7102750988086,68.69507516005447,68.9958724975586,8600328
2018-12-07,68.6762466430664,70.3118436705934,67.92424847866906,69.10864966744603,8378029
2018-12-10,67.41667175292969,68.582265138332,66.42026983987596,67.86786771184872,6431248
2018-12-11,67.79265594482422,68.16865504402274,66.60825470249755,66.85265819682792,6514193
2018-12-12,68.638671875,69.10867087195744,67.9430723395399,68.01826911916379,7396629
2018-12-13,68.638671875,68.80786845401538,68.09347099860318,68.56346999556061,4251108
2018-12-14,69.82305908203125,70.02985657338407,67.8678614736517,68.24386062143124,9276710
2018-12-17,72.39865112304688,73.90264764890954,71.32705257840679,71.43985027792066,23727234
2018-12-18,73.82745361328125,74.07185715450855,71.77826118933227,72.53025953202514,15507368
2018-12-19,74.82384490966797,75.01184446873935,73.33864635307827,73.33864635307827,11434466
2018-12-20,74.42904663085938,74.80504576847741,73.28225130105025,74.09064842696608,7938383
2018-12-21,74.03425598144531,74.86145109588192,73.56425701876027,74.44785608857119,8722621
2018-12-24,72.92505645751953,74.37265428390107,72.6430570796458,74.07185698742848,8563441
2018-12-26,73.43264770507812,73.80864683127241,71.94744911668484,72.793447150622,4766041
2018-12-27,73.90267181396484,75.01187165440597,72.75587612793557,73.33867293234725,46486470
2018-12-28,74.09065246582031,74.57944933144334,73.54545164662812,74.25985412689789,5142112
2018-12-31,74.6922607421875,75.19986068407309,73.69586387837687,73.95906025948437,6317785
2019-01-01,75.19984436035156,75.3878439202543,73.73344371325867,74.24104354495894,3961625
2019-01-02,73.41384887695312,75.19984470419539,72.94384997504727,74.8614414149716,7876559
2019-01-03,72.58666229248047,73.31986275597376,72.19186518125511,73.28226181685338,7942863
2019-01-04,73.65824890136719,73.97784918163516,71.96625281739922,72.68065014400055,4017540
2019-01-07,74.61705017089844,74.7862518317576,73.63945134109936,73.73345113050668,3592512
2019-01-08,74.20346069335938,74.63586386634616,73.62066395558298,74.41026331953037,3990870
2019-01-09,74.29745483398438,74.72985797401759,73.54545646845223,74.20345503829286,4087529
2019-01-10,73.56425476074219,74.24105120630867,73.282255391787,74.24105120630867,3589725
2019-01-11,73.07544708251953,73.65824879269294,72.66185212023369,73.28224966347703,2995789
2019-01-14,72.37985229492188,73.07544659952208,71.81584850501125,72.96264890142868,5370460
2019-01-15,72.36105346679688,74.82385094931318,71.59025725231271,74.82385094931318,11498868
2019-01-16,72.19185638427734,73.00025352768829,72.04145264612339,72.379855957155,8515441
2019-01-17,72.90625762939453,73.15065606720647,72.19186023432307,72.19186023432307,5325531
2019-01-18,72.79345703125,73.95905550062785,72.37986201614854,72.94386078199442,4366941
2019-01-21,71.90985870361328,73.20705791867339,71.68426327474654,72.9250585327747,4067143
2019-01-22,71.32704162597656,71.90983815033276,70.87584069757484,71.81583838190022,3577455
2019-01-23,70.04864501953125,72.00383712138775,69.82304455782871,71.27064199562173,6173490
2019-01-24,70.2178726196289,71.10147184415663,69.76667659633664,70.19907469775607,6157088
2019-01-25,69.87945556640625,71.10145275528302,69.65385506541992,70.53745405272451,3868441
2019-01-28,70.61265563964844,70.91345290656098,68.43185760518121,69.93585413937323,7440853
2019-01-29,69.78546142578125,70.61266162968369,69.05226101323977,70.23666246423986,17469350
2019-01-30,70.34945678710938,70.65025916487194,68.95825790201778,69.59745849242523,12711500
2019-01-31,70.9134750366211,72.00387184422894,70.23667842495173,70.87587409156919,25774313
2019-02-01,71.51506042480469,72.1354580435954,69.89826601222097,71.7970598060564,9474849
2019-02-04,69.40946197509766,71.251856858238,69.0898616658208,71.251856858238,3678667
2019-02-05,69.97347259521484,70.29307295872682,68.99587358322,69.22147413980588,5500377
2019-02-06,70.23664855957031,70.96984372714691,69.46584736311608,70.02984599962764,4322649
2019-02-07,69.40946197509766,70.57506040314645,69.18386145679546,70.29306103022247,4309303
2019-02-08,68.05585479736328,70.66905067436386,67.86785524073919,69.4094526250196,7692145
2019-02-11,68.56346130371094,68.8830616010891,66.87146512915999,67.52946364148536,7913450
2019-02-12,68.14987182617188,70.08627182940444,67.84907449935949,68.80787044091267,11930402
2019-02-14,65.78107452392578,67.24747032030888,64.85987448398733,66.73987040237984,36962390
2019-02-15,68.24385070800781,68.50705211314555,66.77745526464608,67.07825249924856,16005610
2019-02-18,67.96186065673828,68.99585830394469,67.51066474330072,68.22506209777129,7973918
2019-02-19,67.47306060791016,68.80785546741772,67.26625802839091,67.7738578692651,10824411
2019-02-20,68.35665893554688,68.65745619408627,67.15345970176031,67.96185679642262,9658184
2019-02-21,68.35665893554688,68.80785482335597,67.99945772869367,68.69505712635731,9197823
2019-02-22,68.39427185058594,68.65747334240763,67.86787396675831,68.31907506707671,12182132
2019-02-25,68.41304779052734,68.61984523808817,67.1158489654603,68.05584663585273,29907322
2019-02-26,68.13105773925781,68.69505641806484,67.24745878916393,67.49185719668408,13683801
2019-02-27,68.22505950927734,69.29665805023357,67.62345988103748,68.16866065971429,13566494
2019-02-28,68.75145721435547,69.46585454112704,67.90545917216987,68.77025513092264,69863939
2019-03-01,68.88307189941406,69.08986942285038,68.46947175272581,68.84547095883957,7227772
2019-03-05,68.80784606933594,69.72904584361252,68.65744745920057,69.18384514458126,15733697
2019-03-06,69.37186431884766,70.08626684388614,68.31906865007824,68.84546648446295,20336766
2019-03-07,70.3682632446289,71.25185720422931,69.40946231214251,70.31185928991817,12295538
2019-03-08,70.31185150146484,70.85705227129937,69.65385303433364,70.68785062553982,6211299
2019-03-11,73.05665588378906,73.69585650215858,70.59385830107358,70.8758576739163,17678891
2019-03-12,73.82745361328125,75.95185301124074,73.1882580818814,73.1882580818814,26457157
2019-03-13,73.2258529663086,74.54184995724403,72.60545030501582,74.48544600635215,6930222
2019-03-14,72.71422576904297,73.5475698627745,72.57856388001832,73.23749005117008,8466765
2019-03-15,74.9041748046875,75.27239388109399,72.52041615793999,72.52041615793999,14301914
2019-03-18,76.3770523071289,76.66775403276162,74.90416566680022,75.25300668612094,14247336
2019-03-19,77.13288879394531,77.59800846032381,75.69875799392659,76.0475990580088,16995997
2019-03-20,76.51272583007812,77.46234845762233,76.16388475756814,77.22979124741131,9060589
2019-03-22,76.9390869140625,77.8499482238264,76.41582269413448,76.70652445440635,8782833
2019-03-25,78.29570007324219,78.87710363050309,75.62123950408716,76.43520553569114,14506515
2019-03-26,78.6251449584961,79.03213053599268,77.28792015093153,78.35382649735779,8371544
2019-03-27,77.5979995727539,79.34220995058779,76.93907880655453,78.68328918438841,11579885
2019-03-28,76.8421859741211,77.52049007830449,76.14449859835935,77.52049007830449,17034861
2019-04-01,75.79566955566406,77.40421849202133,75.62124636977238,76.82281488197455,10617688
2019-04-02,77.44296264648438,77.83056496740825,75.97007592985084,75.97007592985084,17946031
2019-04-03,77.88872528076172,78.50889021301712,77.5786454432312,77.67554604960878,15076661
2019-04-04,77.26854705810547,78.78020046334274,76.93908925884482,78.08251306311166,10130253
2019-04-05,76.08634948730469,77.79179853505217,75.98944891348731,77.79179853505217,9883976
2019-04-08,76.88093566894531,77.63676228278568,75.79565129454188,76.7452790650395,13511642
2019-04-09,76.88093566894531,77.26853798225979,76.3770547645136,77.11349810837257,10655872
2019-04-10,76.9972152709961,77.384817562935,76.64837425968958,76.64837425968958,8637199
2019-04-11,75.9507064819336,77.28793683536377,75.83442786737179,77.19103623749764,13713296
2019-04-12,76.3770523071289,76.60961473907362,75.60184770544167,76.22201243823,11004111
2019-04-15,76.76465606689453,77.84994042700556,76.39643177121788,76.66775548984202,8965316
2019-04-16,76.2995376586914,77.4623446818411,76.16388104507851,77.13288689770326,4918434
2019-04-18,75.3111572265625,76.68714349716615,75.00107744245824,76.49334231780263,11593259
2019-04-22,75.5049819946289,76.24142565484584,74.96233957432143,75.27241945529853,7772049
2019-04-23,74.80728912353516,75.40807077996764,74.43906471656405,75.11736896094656,6686014
2019-04-24,74.40028381347656,75.44681218900473,73.66384045082744,74.84602543372264,7288151
2019-04-25,74.24524688720703,75.89255682631209,73.91578384794738,74.49718735586681,17599280
2019-04-26,73.95453643798828,75.34990574437198,73.7801133032431,74.03205374228081,8664580
2019-04-30,72.24909973144531,74.61347517397881,71.86149737224945,74.30339013230605,14290974
2019-05-02,73.72198486328125,73.9545473247793,72.26847605041011,72.50103851190816,8897549
2019-05-03,73.97393035888672,74.78789640076465,73.7219898656657,73.99331363202292,10782838
2019-05-06,73.81887817382812,74.74912267092458,73.19871342336621,73.64445503060068,5477945
2019-05-07,74.24524688720703,75.11735214908619,73.83826127734753,73.83826127734753,9450289
2019-05-08,73.64446258544922,75.09797666133736,73.21810420438676,74.40028927404785,10180731
2019-05-09,72.83050537109375,73.66384941596466,72.2297185426939,73.6057101118469,7921214
2019-05-10,71.91963958740234,73.04368542315503,71.72583839995555,73.02430740728781,5938686
2019-05-13,70.79557800292969,72.11343008802417,70.5630208182122,71.8808676461138,5504435
2019-05-14,70.4079818725586,71.39637102323388,70.17542466740521,70.50488246043695,11334983
2019-05-15,69.1870346069336,71.5514099715132,68.78005424607353,70.98938446633188,7616268
2019-05-16,70.48551177978516,70.81497486429102,69.32270460425426,69.51650580017606,8660893
2019-05-17,70.6017837524414,71.16380927061844,69.90410161563642,70.42736584683686,10183233
2019-05-20,72.8886489868164,73.21811207256404,71.33823941359825,72.13282221699498,6287120
2019-05-21,71.29947662353516,73.10182666306244,71.22195404362684,72.96616477681978,7748239
2019-05-22,70.58242797851562,71.82275800944183,70.46614933813913,71.2801103351647,6972640
2019-05-23,71.57079315185547,72.90802344638965,70.97001157442341,72.09405740872509,13966122
2019-05-24,71.95840454101562,72.30724564474684,71.4157569827738,71.95840454101562,7240775
2019-05-27,72.6173324584961,73.48943793049938,71.95841147841027,72.26849132113367,6424176
2019-05-28,73.72198486328125,74.14834849982878,72.7917402744824,72.96615817771092,11255911
2019-05-29,73.7026138305664,74.80728168443328,73.3925287667966,74.1871168140875,8310232
2019-05-30,74.1095962524414,75.15612482822984,72.92741104332713,74.96232362954264,34989609
2019-05-31,73.37315368652344,74.57472218517798,73.02431257586736,74.22587581732785,11849847
2019-06-03,74.82665252685547,75.0010756870777,73.64446220609075,73.74136279350458,12106965
2019-06-04,74.78788757324219,75.97007783603844,74.40028524259287,74.63284769242108,11447117
2019-06-06,75.75689697265625,76.80342541764223,75.2530160219257,75.58247906995413,26132949
2019-06-07,74.32275390625,75.98944688574979,74.09019674104802,75.75688446335535,8783688
2019-06-10,75.3111572265625,75.95070006702343,74.57471379641979,74.78789299084228,11231885
2019-06-11,75.05921936035156,75.85380212055277,74.76851758117645,75.6987622230981,6589306
2019-06-12,74.0902099609375,75.03983257413299,73.76074690852543,74.80727536743589,7509749
2019-06-13,75.13673400878906,75.36929647529848,73.50880725760999,74.109588810332,11041648
2019-06-14,75.42742919921875,76.33829571357653,74.94292629341068,75.19487201018526,34979466
2019-06-17,75.21424865722656,76.144493168041,75.03982551142697,76.12511515503788,10860754
2019-06-18,76.66777038574219,77.07475078555848,75.25302273734053,75.46620194539787,17815522
2019-06-19,77.63676452636719,78.10188941866309,76.74528128285853,76.7840373095557,32722391
2019-06-20,77.88872528076172,78.58641280099692,77.24918233010855,77.77244665598637,11459458
2019-06-21,77.48172760009766,78.31507157811846,76.95846339062635,77.98560853828889,16601442
2019-06-24,77.15226745605469,77.81119356044557,76.57086392530745,77.52049179507196,9883389
2019-06-25,78.14064025878906,78.4119639708181,77.13287848769293,77.13287848769293,10375296
2019-06-26,81.26085662841797,81.76473760517997,77.92747520397994,78.08251510012258,31182825
2019-06-27,80.50503540039062,81.35776277316252,79.94301508136756,81.04768295971489,13741562
2019-06-28,80.19493103027344,81.24145928028882,79.32282590765806,80.29183159945292,12067819
2019-07-01,80.25308227539062,81.39651126491849,79.71044005858828,80.33060484515944,11211814
2019-07-02,80.369384765625,81.08644504488522,79.98178234129219,80.3887627839639,12203723
2019-07-03,80.9895248413086,81.26084857556556,80.11741959758801,80.69882309340174,13693989
2019-07-04,81.4740219116211,81.70658434470711,80.5050161547566,81.00890230264176,12324046
2019-07-05,79.7879638671875,82.17172262393402,79.14842101470163,81.41589590732752,12525923
2019-07-08,78.0050048828125,79.98177819589397,77.65615851323795,79.45851389872621,8948141
2019-07-09,79.36160278320312,79.53602068768805,77.36544646005984,78.27631304079235,6875651
2019-07-10,79.57477569580078,80.0205173150168,78.7220484838452,79.34221325097717,12675299
2019-07-11,80.8538818359375,81.06706105072841,79.8848705893413,80.00115446238594,7808266
2019-07-12,80.11741638183594,81.33836787979268,79.22593316024779,80.85386498606155,6349095
2019-07-15,79.43911743164062,80.13680479772981,78.64453473777613,79.71044117242974,6656137
2019-07-16,80.97013854980469,81.16393969526298,79.18716696014992,79.38096810560822,6627472
2019-07-17,80.62129974365234,81.6096835096356,80.02051302199027,80.93137948198637,6388864
2019-07-18,79.59416961669922,80.97016129021483,79.45851298253338,80.97016129021483,8419638
2019-07-19,79.72982788085938,80.4856546289118,78.60578202408927,79.76858917051223,10869152
2019-07-22,79.10965728759766,80.3112256366365,78.5282537565008,79.84610596607504,9061812
2019-07-23,81.57093811035156,81.78412257200796,79.14842325421313,79.34222444270421,14046808
2019-07-24,81.31900024414062,82.5593299934356,80.83449725725882,81.26086093715358,18181391
2019-07-25,82.61746978759766,83.10197277733646,81.33838399756478,81.39652330489466,28085772
2019-07-26,81.99729919433594,82.94692709091544,81.49341822300408,82.61746402941682,10950941
2019-07-29,80.58255767822266,82.36552974180225,80.05929339495994,82.30739043414948,5948953
2019-07-30,80.71820068359375,81.31898215077658,80.11741395921823,80.54377754424767,10050004
2019-07-31,81.70660400390625,82.92755575707947,80.2143337278454,80.42751819996492,26229893
2019-08-01,82.9469223022461,83.81902757264476,81.31899036129128,82.15233434601137,27069006
2019-08-02,81.60970306396484,82.92755541063391,80.75698095063102,82.53994775905353,20863783
2019-08-05,77.96623992919922,81.39652209708832,76.2995465149127,81.39652209708832,18063375
2019-08-06,76.78404235839844,78.5088749187843,76.06698221664956,77.75304823340323,11846580
2019-08-07,77.07474517822266,77.88871117583146,76.39644105641422,77.13288973727525,9432897
2019-08-08,78.56703186035156,80.8732684635552,76.37707914257349,76.76468157960305,6595239
2019-08-09,78.29570007324219,80.95077736950567,78.00499829461174,78.87710363050309,9175926
2019-08-13,78.29570007324219,79.61354708492816,76.26078762282904,77.69491324308974,7558090
2019-08-14,79.51664733886719,79.92362773040652,76.64839081060653,77.92747654732473,8024154
2019-08-16,81.8422622680664,83.04383069388953,78.41198016394965,79.10966234297277,11894601
2019-08-19,81.21466064453125,82.3717899998495,80.86163984262896,82.03837939575916,8100095
2019-08-20,80.82242584228516,82.72482279297415,80.66552827649511,81.19506221619808,8711658
2019-08-21,80.37132263183594,81.43039023829323,80.13597368371394,81.05775396041814,5649369
2019-08-22,79.52799987792969,80.62628795982981,78.76311706791031,80.21443125916319,5059207
2019-08-23,79.03771209716797,80.2536723151188,78.72391162141851,79.25344560159536,7611285
2019-08-26,79.58683013916016,79.8221790886255,78.11590585523095,79.37109138540723,7846961
2019-08-27,81.01853942871094,82.13644309641144,79.64567658210638,79.64567658210638,18828020
2019-08-28,80.70475769042969,82.86211394925495,80.15560820476261,81.56769700184884,15756988
2019-08-29,80.33210754394531,81.11660059464143,79.88102510383183,80.70474387109957,8660979
2019-08-30,78.64544677734375,81.27349521030717,76.09584445451105,80.5478381005411,15630977
2019-09-03,77.29219818115234,79.39071818861682,76.89995164967054,78.99847165713501,9494810
2019-09-04,77.23336029052734,78.05707904961258,76.60576479216793,77.44909374925217,8565768
2019-09-05,78.19436645507812,79.74374244946952,77.40987335820842,78.05708441927337,14199248
2019-09-06,79.82218170166016,80.15558696078504,78.46892918807228,78.58660100656536,13782929
2019-09-09,79.58683013916016,80.35170757469336,79.1553579518376,79.72411746969689,4769289
2019-09-11,78.99846649169922,79.97908275628463,78.3708710183278,79.62606196507062,7723322
2019-09-12,78.31204986572266,79.23383039219486,77.52755670620328,79.23383039219486,11516235
2019-09-13,79.48876953125,79.62605686353288,78.07668113668092,78.25319418107082,7223537
2019-09-16,79.29264831542969,80.0183053872955,78.7827246853856,78.84156591514018,6031015
2019-09-17,78.6258316040039,79.50838625808025,78.19435937575204,79.39071443227694,5823968
2019-09-18,79.25343322753906,79.62606957175299,77.76289849105187,78.64545321348925,7206830
2019-09-19,78.90042877197266,79.52802443550478,78.09631999925841,79.52802443550478,6306748
2019-09-20,76.95879364013672,81.9403271112491,76.64499851825533,78.52777988991265,51859153
2019-09-23,73.86003112792969,77.76288572097347,73.11476388207251,77.2725776223591,24586363
2019-09-24,74.703369140625,75.29173893100567,72.56562344083495,73.70314262505147,18234411
2019-09-25,77.95902252197266,79.78296790207037,75.74282527456495,75.89972814956266,48245282
2019-09-26,78.15514373779297,78.99847272787243,77.31180942752935,78.42971312144127,15826874
2019-09-27,77.70406341552734,78.3512745194542,76.89996006605745,77.58639157127773,10034452
2019-09-30,78.07670593261719,78.4493423357023,76.74306853871985,77.27260251987786,9111327
2019-10-01,77.07646179199219,79.48877680502528,76.88033853369383,78.25320134178237,7634447
2019-10-03,78.09630584716797,78.44933200155917,76.29197595673658,77.15491518255499,9432906
2019-10-04,77.09607696533203,78.3708782265438,76.7234406224426,78.07669332011031,19442087
2019-10-07,77.07646179199219,77.42948259289247,76.25274304310229,77.1549079032012,11655995
2019-10-09,77.54716491699219,78.01786292869798,76.64499993477145,77.46871879516429,8504262
2019-10-10,78.09630584716797,78.29242912397002,77.07646906394478,77.62561317495367,6982965
2019-10-11,78.84158325195312,80.11638462710958,78.01786437627663,78.07670029878538,10517558
2019-10-14,77.82173919677734,79.35149974575604,77.54716447149559,78.841581336158,11162487
2019-10-15,78.93964385986328,79.2338287887296,77.78251434491531,77.82174006613441,5013200
2019-10-16,77.88056945800781,78.93963724120327,77.13530209807006,78.84157560646977,6668842
2019-10-17,77.54716491699219,78.35127357697421,77.076472225471,77.95902700728091,7899823
2019-10-18,79.44953155517578,79.72410617735773,77.27256605138518,77.54713535338456,8795448
2019-10-22,80.43017578125,81.41079217516108,78.84157935118785,78.84157935118785,10675241
2019-10-23,80.90088653564453,81.19507150020782,79.35151026087046,80.41057826137238,5777589
2019-10-24,80.05753326416016,81.29311408157464,79.86141000046693,80.95970346925937,5428181
2019-10-25,79.60643768310547,80.5674436446672,78.9003961784117,80.5674436446672,3993616
2019-10-27,79.37109375,80.13597652850362,78.84156524815663,80.01830471035697,388417
2019-10-29,78.8611831665039,79.58684030328683,78.25320317957402,79.33188112554797,5943950
2019-10-30,78.42972564697266,79.95948632075782,78.17476642137262,79.95948632075782,6419057
2019-10-31,77.80211639404297,78.80234823950408,77.6059931286801,78.56699925703182,15582577
2019-11-01,77.3902587890625,77.99823877673354,77.17452532767831,77.8413412302556,8803683
2019-11-04,76.39004516601562,77.91980581264656,76.11547042320639,77.62562086828734,15175738
2019-11-05,76.64498901367188,77.0764612428912,76.0566192429684,76.39002984373714,8153818
2019-11-06,76.52731323242188,77.07646261768724,76.37041568813916,76.64499038077184,9183411
2019-11-07,76.1742935180664,77.21374574902455,75.95856005661275,76.88034045772055,15498054
2019-11-08,75.17406463623047,76.64498906395416,74.86026423287244,76.58615315088197,11762251
2019-11-11,75.21329498291016,75.74282891098974,74.66415085460653,75.17407458246204,10089055
2019-11-13,74.23267364501953,76.23313206277253,73.86004262418292,75.31135695005067,9456977
2019-11-14,73.74234771728516,74.58568183128777,73.31088088336547,74.52684060831427,19380370
2019-11-15,73.6050796508789,74.095387800587,73.25205352694194,73.74236167665003,18256039
2019-11-18,74.78182983398438,74.91911187925835,73.21284353202198,73.62470030821324,11766437
2019-11-19,76.66459655761719,76.88033532485117,74.60530243143549,74.91909750354209,22218922
2019-11-20,76.91956329345703,77.33142535136209,76.09584981801527,76.86072737666608,9597590
2019-11-21,76.9980239868164,77.25298320368722,76.09585896706278,76.80190069381041,12107895
2019-11-22,77.95902252197266,78.92002337032008,76.88034451737695,76.88034451737695,16199814
2019-11-25,77.90019226074219,78.60623933716877,77.58639710689818,78.05709515784923,6529113
2019-11-26,76.25274658203125,78.2139792560367,76.05662331463071,78.07669190481948,21594044
2019-11-27,76.52731323242188,76.88033935728788,76.13506671162314,76.46847731833884,12155700
2019-11-28,76.93919372558594,77.56678937343236,76.17431069849415,76.95880392825589,6724188
2019-11-29,75.8212661743164,76.84110811914103,75.35056825511009,76.64498487283566,17547179
2019-12-02,75.07601928710938,76.48810810795652,74.68377268799544,76.48810810795652,19957065
2019-12-03,74.29151916503906,75.35058169183286,74.17384200416119,75.35058169183286,7451455
2019-12-04,73.8992691040039,74.526859318237,73.62469439513873,74.31112584711741,10311154
2019-12-05,73.46778869628906,74.0953841611256,73.15398830377896,73.93848130477872,4569931
2019-12-06,73.19322204589844,73.80120738046895,72.89903713825653,73.52663267192946,5388071
2019-12-09,73.72274780273438,74.07576858888493,72.7813572662717,73.35011149946322,5459781
2019-12-10,71.6830825805664,73.7227670420142,71.46734907722589,73.7227670420142,10563080
2019-12-11,71.29082489013672,71.89881022167424,69.93757751384524,71.78113306709396,39214905
2019-12-12,72.46755981445312,73.87964833653615,71.0162508969048,71.6830667822052,63493233
2019-12-13,72.84019470214844,73.56585180676149,72.56562001818119,72.84019470214844,12987237
2019-12-16,73.33050537109375,73.70314169503972,72.74213558813733,73.03632047961554,8479418
2019-12-17,73.7619857788086,74.07578090306616,72.80097956546994,73.48741105494483,17903634
2019-12-18,73.42855834960938,74.13459987789167,73.01670167814191,73.36972244228306,10099352
2019-12-19,73.11477661132812,73.40896152171423,72.52640679055591,73.3893460022446,5749401
2019-12-20,72.9970932006836,73.52662705804507,72.60484668710973,72.82058546168565,9690984
2019-12-23,72.87942504882812,73.54624096341024,72.46756299670166,72.82058913286266,17045076
2019-12-24,73.4089584350586,73.50702006773072,72.76174740327525,73.134383735503,3748896
2019-12-26,72.50679779052734,73.54625016998365,72.19300265264101,73.46780404560445,3925143
2019-12-27,74.15422058105469,74.33072831538074,72.76174230261388,72.76174230261388,7122947
2019-12-30,74.64454650878906,75.11523923274403,74.01695088999749,74.13462274093999,6925363
2019-12-31,74.62491607666016,75.40941443354427,74.23266955831005,74.33073118789757,11907723
2020-01-01,76.68421173095703,76.84110926630694,74.62491229382368,74.74258943547385,13620373
2020-01-02,76.52731323242188,77.15490872973663,76.23312834182282,76.70382629485488,5673692
2020-01-03,75.7035903930664,76.40963191474542,75.01715374673503,76.19389848317219,7358268
2020-01-06,75.74280548095703,76.07621602292171,73.74234754935186,75.31133864801993,7355290
2020-01-07,75.19368743896484,76.29198105455478,74.97795394814105,75.76244710776898,14023712
2020-01-08,74.74259185791016,74.89948939834518,74.07577066083154,74.6445302301153,9451757
2020-01-09,75.68399047851562,75.86050355541263,74.97794881129629,75.29174392557502,7714854
2020-01-10,75.37019348144531,75.9781734952418,74.91910570068457,75.9781734952418,4118638
2020-01-13,76.40963745117188,76.48808887934648,75.23289794965477,75.46824691399493,27682638
2020-01-14,76.58615112304688,77.01761802094111,76.19390461937307,76.40963806832018,5994314
2020-01-15,76.19390869140625,76.80188867651948,75.66437481910997,76.64499113070161,7114590
2020-01-16,77.05685424804688,77.54716244453084,76.13507377462014,76.13507377462014,8552344
2020-01-17,77.42948150634766,77.60598924422898,75.95855708975097,76.86072193719008,4698386
2020-01-20,80.27326202392578,82.76402822588527,79.72411801818419,80.17520040432251,49337827
2020-01-21,78.68467712402344,80.1359915271117,78.05708688286747,79.88103232661902,17283910
2020-01-22,78.46894073486328,79.37110566322076,75.72321491094227,78.6454538087605,56787054
2020-01-23,79.2142105102539,81.35195638033247,76.05662784509126,77.17453159990129,226059260
2020-01-24,77.25296783447266,77.7236657721172,76.19390545504805,77.05684458048472,16151679
2020-01-27,75.7035903930664,77.0568375296484,75.42901573453385,77.03722733411749,8213919
2020-01-28,74.703369140625,75.70360097638255,74.1738352652456,75.70360097638255,9174575
2020-01-29,75.46824645996094,76.01739049332842,74.23266573465459,74.70336366050306,17600091
2020-01-30,76.25274658203125,76.586157200649,75.07600697762798,75.46825351242907,26386034
2020-01-31,73.29127502441406,76.68421148124867,72.60484365433273,76.60576005373736,63986362
2020-02-03,73.48738861083984,74.13459418207051,69.6041498632729,70.95739690854013,16329297
2020-02-04,76.2331314086914,76.60576774651499,73.7423648373788,73.87965218921822,14207381
2020-02-05,74.27189636230469,76.76266285435572,73.7423624907373,76.13506735176415,14550344
2020-02-06,75.66437530517578,75.99778591729556,73.99732756476094,74.50724592199069,9175642
2020-02-07,74.68375396728516,75.62514450514658,73.95809687678526,75.62514450514658,18058457
2020-02-10,73.19322204589844,74.95833149174995,72.46756487634487,74.80143393837777,30471811
2020-02-11,74.33073425292969,74.99755548969485,73.78159016863233,73.93848771840527,32456571
2020-02-12,74.27189636230469,75.27212819086174,73.95810127110089,74.54647105724598,16386952
2020-02-13,74.74259185791016,74.9779408286546,73.62468823701191,74.05616046334609,18581113
2020-02-14,72.21260833740234,75.0760114023187,71.93803361878555,74.72298524404442,23830630
2020-02-17,72.01647186279297,72.87941626016948,70.82012220842338,72.5656158792219,17670292
2020-02-18,72.56562805175781,73.09516196078457,70.93780592564063,71.62423739136824,30879880
2020-02-19,73.54623413085938,73.72274718254155,71.78112489477196,72.9578643854969,22313738
2020-02-20,74.23267364501953,74.8014332560125,72.91865199235333,73.54624220011694,25907657
2020-02-24,72.9970932006836,74.21305845679933,72.58523648950457,74.13460702601103,14921452
2020-02-25,73.0167236328125,73.624703724964,72.70292316574647,72.99710811101686,17807428
2020-02-26,72.89903259277344,73.89926440849891,72.15376527058717,72.56562198753161,17113656
2020-02-27,73.13439178466797,73.62470000199191,71.11432299333023,72.60485784592117,28472046
2020-02-28,71.19275665283203,72.68329656467046,70.27097630159496,71.9576394660292,28010970
2020-03-02,71.97725677490234,73.42857111558146,71.29082532299438,72.0753184108892,19540018
2020-03-03,75.19368743896484,76.37042717840673,71.40850900779704,72.09494052247148,16039306
2020-03-04,77.29219818115234,77.66483451413369,73.958102663557,74.80143164220607,16939245
2020-03-05,76.86073303222656,78.27282174003462,76.31158890146358,76.8999587530349,9715265
2020-03-06,74.76220703125,75.54670010582147,73.80120620701045,74.7229813134846,14371982
2020-03-09,70.9770278930664,73.97771279202473,69.80028829973497,72.52640381902641,69609292
2020-03-11,71.15354919433594,72.13416570891447,69.52572684417261,70.40828170729328,42604599
2020-03-12,65.15216064453125,69.78066721432253,64.6226268057388,69.11385135674034,58418097
2020-03-13,65.85820770263672,67.70176853344275,58.64087256874244,63.857749322869,44617540
2020-03-16,64.23556518554688,66.24864736749485,63.03585416627557,66.04530595582288,39669086
2020-03-17,65.88262939453125,69.27843183889453,63.34086192359892,63.66620595348289,35460792
2020-03-18,58.62333297729492,67.06199991312553,49.676307095607264,66.69598654681717,119909061
2020-03-19,59.8433723449707,61.77511509234402,56.976256115592875,59.131677648570005,44039786
2020-03-20,63.950862884521484,65.82160416672154,60.290719056037794,60.290719056037794,131485883
2020-03-23,62.22245788574219,63.3815044648393,57.56593964459202,57.56593964459202,39665620
2020-03-24,59.90437316894531,63.93053060200765,59.131677179325166,61.836115900989114,42302851
2020-03-25,61.104087829589844,63.8288584140871,60.331386342357206,60.392393155760544,23309603
2020-03-26,64.39823150634766,65.76061431436493,59.88405185062359,61.24644017462871,25329120
2020-03-27,65.06924438476562,67.61101109714083,63.70685632373515,64.49988974439093,28883749
2020-03-30,63.3001594543457,65.0285604311574,62.242783635922606,63.03581687873632,22364337
2020-03-31,64.7032241821289,65.80126397519983,63.60517887307178,64.41854413430337,24838523
2020-04-01,62.873165130615234,65.86227866073612,62.28347298990459,64.662567966031,14182117
2020-04-03,63.52385330200195,65.25225484022499,61.714118530396135,62.85282792565401,21066826
2020-04-07,64.25587463378906,65.84193585043188,63.605181296811224,65.4759225721276,24741992
2020-04-08,64.39823150634766,66.16729706684478,63.13751387046251,64.21522206133658,21481260
2020-04-09,66.87899017333984,67.7940262675491,64.39822454806396,65.43526324843955,15607786
2020-04-13,65.04889678955078,67.06197791797305,63.95085705076348,66.69596467171063,14901247
2020-04-15,64.88623809814453,66.65530891830286,64.43888603203746,65.65893411270017,25249654
2020-04-16,66.45196533203125,67.79402148512389,64.05253862412164,64.33721319042357,31150756
2020-04-17,68.2210464477539,70.45780152643557,66.79765685222921,68.18037707039852,18536308
2020-04-20,67.30598449707031,68.81071227090696,65.94359673145911,68.81071227090696,24177042
2020-04-21,66.1469497680664,67.50933777555557,65.94360843906763,66.69597245956044,13915863
2020-04-22,65.96394348144531,66.18762226350161,63.68652490187207,65.06924490118064,19702407
2020-04-23,64.25587463378906,65.84193585043188,64.0932026785412,65.67926389518402,32128585
2020-04-24,64.72357177734375,65.10992257636177,63.340851601680015,63.84920501302606,33134279
2020-04-27,64.90656280517578,65.67925866809789,64.11352950197475,65.67925866809789,9762001
2020-04-28,63.9305305480957,65.23191733076987,63.767858579258146,65.08957728954195,26134701
2020-04-29,64.27620697021484,65.31325103401777,63.44250974675348,64.86589901723924,14509262
2020-04-30,65.90293884277344,66.47229345880903,63.93052685509072,64.9065696437078,18702868
2020-05-04,64.6828842163086,65.67925882882135,64.09319773452401,65.43524815677884,12598146
2020-05-05,66.55363464355469,67.44833872735448,65.1505772203202,65.65893055975491,18305545
2020-05-06,67.26532745361328,67.77368077895224,66.16728206448649,66.24862080293536,12853774
2020-05-07,65.78094482421875,67.10266363038775,65.4759327920259,66.55364086924317,8561359
2020-05-08,64.66256713867188,66.12662599109295,64.29655380456342,66.12662599109295,30898767
2020-05-11,64.58122253417969,66.04528125383429,64.39821864171458,64.78456386979875,9453421
2020-05-12,66.41128540039062,67.10264805259033,64.13386165218772,64.45921105392299,19986028
2020-05-13,67.773681640625,69.90876563419403,65.90294027639577,69.72576174433726,27175817
2020-05-14,65.39459991455078,66.69598690846793,65.06925592406537,66.69598690846793,26454121
2020-05-15,64.98789978027344,65.78093312938061,64.35754389887072,64.74388909470305,20009870
2020-05-18,62.832496643066406,65.15058483212829,62.344475173796845,65.00825029324646,32898286
2020-05-19,64.27620697021484,64.78456028110263,62.62914444933304,63.03582709804326,12276533
2020-05-20,64.43888092041016,65.33358498165171,63.34084104450819,63.544182375155216,24677051
2020-05-21,64.62189483642578,65.00824559802561,63.84919882921312,64.07287210214756,17176100
2020-05-22,63.38151550292969,64.25588219172013,62.669820788520965,63.8491994977723,25080927
2020-05-26,63.991519927978516,64.54053698372351,63.23915607160618,63.50349863844366,18512685
2020-05-27,63.91019058227539,64.21520255397844,63.34083600496025,63.991529314457345,22655078
2020-05-28,63.950862884521484,64.398214900089,63.46284150099575,64.398214900089,25797051
2020-05-29,64.0728530883789,64.52020501748204,63.686507957414904,63.950850524071406,63844851
2020-06-01,64.6015625,65.49626110206945,64.13387299702366,64.47955438427213,45314328
2020-06-02,67.12298583984375,68.46504189675052,64.4998860524111,65.00823936578796,43626060
2020-06-03,66.91964721679688,68.11936329120694,66.6349726594022,67.30599795695922,13811685
2020-06-04,68.8310546875,69.11573474735205,67.14332280234223,67.18399217031916,23992166
2020-06-05,69.72576141357422,70.8848081077822,66.9196466225486,67.9160213545489,22851633
2020-06-08,70.0917739868164,71.12881256171525,69.48174999782023,70.53912601527757,11723588
2020-06-09,69.3597412109375,70.78313602063734,69.13606795689145,70.7627985782781,8412588
2020-06-10,69.15641021728516,69.64443168302066,68.56672358850774,69.35975157534372,10101681
2020-06-11,69.54276275634766,72.51154996840337,68.26171327149595,68.34304650717642,22109491
2020-06-12,67.63134765625,68.89206513512704,67.34667307455982,67.52967698079198,20331770
2020-06-15,66.3909683227539,67.50934576459574,66.12662566697055,67.18400180609119,13833335
2020-06-16,66.16728210449219,67.61100885891969,65.65892877884588,67.38733560202995,13972830
2020-06-17,64.86591339111328,65.80128148402382,64.398229344658,65.41493619172932,28371013
2020-06-18,67.28565979003906,67.6313356122476,64.86589593866222,65.35391178436107,19720997
2020-06-19,69.7054214477539,70.07144024445608,67.12298552472582,67.44833495335149,21577413
2020-06-22,72.633544921875,73.10122890468728,69.40041538176132,71.7388408118096,33039735
2020-06-23,76.23267364501953,76.86302948119938,72.81654084007263,73.81290992035645,34298071
2020-06-24,72.59288024902344,76.61904348893097,71.98285618430863,75.94801260495485,32910525
2020-06-25,72.93855285644531,74.54495157279752,70.90513955270157,72.55220212233935,40909792
2020-06-26,72.87754821777344,74.0569267766516,72.45052813398189,73.58924284143964,11954078
2020-06-29,72.49120330810547,73.32490610077356,72.04385126276976,72.38953263943766,7547198
2020-06-30,71.10847473144531,73.18255722503132,70.76279339651663,72.79620652434876,11889584
2020-07-01,70.53912353515625,71.33215138337684,69.9087621257648,71.1694794285613,15209917
2020-07-02,71.21015930175781,71.9015221067022,70.19345253918502,70.55946587051378,15481100
2020-07-03,72.22685241699219,72.95887894133256,71.21014584652715,71.57615910869733,22720042
2020-07-06,72.38954162597656,72.67422173998172,71.49484294022281,72.55221361284201,11724475
2020-07-07,70.39677429199219,72.59285918452309,69.82741976666723,72.59285918452309,20855578
2020-07-08,69.03439331054688,71.0271371035893,68.64804260386103,70.35611186417522,16818545
2020-07-09,69.76642608642578,70.1527712811618,68.93272337275828,69.33940600889278,16110083
2020-07-10,70.19344329833984,70.66112724435611,68.93272597552338,69.7867606468498,23809286
2020-07-13,68.77005767822266,70.8441404144066,68.40404437559884,70.19344703419384,10803798
2020-07-14,66.43162536621094,68.64804239360758,66.28928534228967,68.52603981081005,16288923
2020-07-15,66.5129623413086,67.63133963876683,66.32995845677097,67.12298632174036,15061461
2020-07-16,65.96394348144531,66.89931694861495,64.86590356257682,66.89931694861495,15458966
2020-07-17,66.41128540039062,66.634964148331,65.7402601885415,65.7402601885415,13711930
2020-07-20,66.49263763427734,66.79764965760907,66.02495363503279,66.41129888832737,8390572
2020-07-21,70.62046813964844,70.9458176177171,66.73665045985767,66.73665045985767,33717545
2020-07-22,73.06055450439453,73.77224915151035,70.68146538253946,70.7627986040465,46076322
2020-07-23,73.91458892822266,74.23993836108396,72.16585572204433,72.38952897539743,18738194
2020-07-24,74.01628112792969,74.52463459345142,72.6538927371338,72.99957419688621,14438899
2020-07-27,73.56890869140625,73.8332568333847,72.6945420749779,73.73158616831194,11938756
2020-07-28,73.97559356689453,74.3619443121349,72.67421232458543,73.2842363332891,11893746
2020-07-29,73.91458892822266,75.03296622696116,73.40623561061425,73.73158504347555,13335993
2020-07-30,71.9218521118164,74.52462025118733,71.41349874412727,74.21960823057384,23995122
2020-07-31,72.51153564453125,72.93855021646719,71.65750098467295,71.82017293988729,14354565
2020-08-03,72.61320495605469,72.99955015300772,70.8034650084765,72.7962088337736,12500988
2020-08-04,72.49120330810547,72.81655275743452,71.4134953234241,72.32853134143434,9628257
2020-08-05,71.55583190917969,72.3691972192658,71.23048247555333,72.00318393292436,10577794
2020-08-06,71.53550720214844,72.28787135111718,71.33216583842649,71.84051924773138,8564058
2020-08-07,71.55583190917969,72.3691972192658,71.27115184425493,71.49483061412053,8026904
2020-08-10,72.08451843261719,72.71487986870406,71.67783577036242,71.92184647091261,7766140
2020-08-11,71.9218521118164,74.15860692964857,71.39316681581454,72.45053740781827,21833550
2020-08-12,72.40986633300781,72.97922094486604,70.43745435979667,71.65750232062997,19435650
2020-08-13,72.6945571899414,73.32491875405191,71.73885163634581,73.18257869015677,10641012
2020-08-14,71.33214569091797,73.46722940695174,70.80346050096112,73.46722940695174,17130105
2020-08-17,72.65386962890625,74.21959890791632,71.41348977394262,71.57616172797263,17368089
2020-08-18,72.28785705566406,73.16222364355858,71.7998411888326,73.14189171760216,13890131
2020-08-19,72.12519073486328,72.9588880199915,72.00318813762053,72.59287471227636,12400644
2020-08-20,73.69091796875,76.49702726610083,71.75917530170598,72.06418730176556,44062975
2020-08-21,76.90371704101562,77.47307172388798,74.2602794628344,74.4229514413712,49949864
2020-08-24,75.33798217773438,77.53407303803141,74.9923008003923,77.12739036256704,19724617
2020-08-25,75.1346435546875,75.968346379104,74.42294884691066,75.84633826246434,10109220
2020-08-26,75.3786392211914,77.12737774929472,74.87028595999612,76.049664422772,18000615
2020-08-27,75.31764221191406,76.31401686685619,75.11430089588393,76.009004892811,10363056
2020-08-28,74.13827514648438,75.94800982940855,73.93493379901062,75.84633915567167,12114955
2020-08-31,72.77587127685547,75.37863885845306,72.3895205938119,74.6262749323074,24259718
2020-09-01,73.3655776977539,74.13827927396221,72.63355101248932,72.81656044179915,16505345
2020-09-02,75.37899780273438,76.16939435293904,72.90380281521357,74.02700177342433,30959608
2020-09-03,74.25581359863281,75.48301249524171,73.90221343839418,75.04621030588375,11884498
2020-09-04,72.82061004638672,74.04780311750733,72.25901053950686,73.71500633538695,17373558
2020-09-07,73.27820587158203,73.611008303588,71.98861407988689,72.82061169638436,13069001
2020-09-08,72.75821685791016,73.21581673518018,72.27981929445109,73.15341803426739,9597878
2020-09-09,72.90380859375,74.02700764098832,72.13420966451967,72.79980889094442,20122483
2020-09-10,73.88139343261719,74.23499348603276,72.44619553913088,73.21579432777797,19635358
2020-09-11,72.8622055053711,74.1726062372112,72.42540902298761,74.08940422040253,31182063
2020-09-14,71.34381866455078,73.8398117282539,71.03181953158789,73.8398117282539,14143608
2020-09-15,72.09261322021484,72.34220798934334,71.13581258329101,71.48941269601623,7858789
2020-09-16,71.53102111816406,72.15501939034367,71.05262357129546,71.96781765175159,13201491
2020-09-17,70.01261901855469,71.30221654322231,69.8462206120304,71.28141885828627,10765947
2020-09-18,71.51021575927734,71.96781560768115,69.59661998380847,70.3454212745634,23788415
2020-09-21,70.92781829833984,71.42701915730474,69.74222049005719,71.135817715851,13331596
2020-09-22,70.22061157226562,70.90701410088423,69.26381659653181,70.22061157226562,9039386
2020-09-23,68.18223571777344,70.67822912543191,67.72463579790013,70.67822912543191,8404497
2020-09-24,66.28942108154297,68.66061065031542,65.93582100376669,67.49581636835818,20770480
2020-09-25,66.871826171875,67.59982409522473,66.43502403245814,66.97582587521067,8761400
2020-09-28,69.95023345947266,70.32463135505816,66.97584234128446,66.97584234128446,16915185
2020-09-29,67.9326171875,70.47021093909302,67.59982041189701,70.30381255129154,13468026
2020-09-30,67.57902526855469,67.9118277267938,66.68462888878805,67.78702468907461,14349950
2020-10-01,68.47341918945312,69.05581636953539,67.72461797876616,68.53581787975753,14856837
2020-10-05,67.74541473388672,69.22220804470015,67.45421335091362,68.22381216961894,10360105
2020-10-06,67.89102935791016,68.39023026055642,67.32943539536537,67.84943398464448,8989183
2020-10-07,66.39341735839844,67.89100831752089,66.14381698443002,67.80781195442745,17614061
2020-10-08,65.85261535644531,67.017415216405,65.72781799110936,66.64301183570907,12953710
2020-10-09,65.72782135009766,66.28942080749776,65.18701957386838,66.01901709821097,11980039
2020-10-12,66.47663116455078,67.72462771951547,65.95663259998216,66.22703072508874,20670634
2020-10-13,66.74703216552734,67.39183379878175,66.227033578554,66.5598360596244,11179799
2020-10-14,65.33263397216797,66.89262965750869,65.02063483509983,66.74702893174113,13362234
2020-10-15,64.79183959960938,65.33263586257058,64.3134420373982,65.14543976032047,15536883
2020-10-16,66.12303161621094,67.05902904098481,64.62544025044919,64.93743939204049,18673957
2020-10-19,66.4558334350586,67.5582292627476,66.31023270860635,66.53902981992736,18793008
2020-10-20,65.39502716064453,66.72622562356761,65.27022977327144,66.55982722628849,13701957
2020-10-21,68.11982727050781,69.11822336233999,65.41583479885855,65.5614355219549,36573148
2020-10-22,68.6814193725586,69.0142161528929,67.05901955198067,67.45422066567934,39056262
2020-10-23,70.78221893310547,71.30221748684143,68.51502862422394,68.68142703295037,29149043
2020-10-26,71.57261657714844,71.94701438293247,70.57421490526428,70.74061330312996,36760149
2020-10-27,72.1758041381836,72.94540299772238,71.34380659108099,71.5726093019409,23610507
2020-10-28,71.9054183959961,72.6126186892596,71.36462215456784,72.6126186892596,14060472
2020-10-29,71.38540649414062,72.09260665519076,70.82380703005309,71.15660942915967,17654072
2020-10-30,71.13581848144531,71.55181732094478,70.42861819735806,70.92781906169557,22904945
2020-11-02,71.9886245727539,72.55021853187017,71.53102468851279,71.7806251383121,13423596
2020-11-03,74.85901641845703,75.17101557336596,72.32142216339528,72.38382086590791,27441682
2020-11-04,73.67340850830078,74.8798039485111,72.65420915023711,74.85900626460983,19461431
2020-11-05,74.4845962524414,74.79659531390469,73.46539706139033,74.04779418098632,10248002
2020-11-06,74.2350082397461,74.6510070576546,73.67340870710059,74.15180621922636,8815864
2020-11-09,76.56462097167969,76.83501913920878,74.50542407598425,74.83822095258215,15228920
2020-11-10,77.3342056274414,77.72940113916815,75.5246095489379,76.25260751734255,13815795
2020-11-11,78.8941879272461,79.45578175113252,76.50218936480445,76.50218936480445,15502357
2020-11-12,78.83177947998047,79.43497992004094,77.85418693844981,79.24777822696173,26079694
2020-11-13,78.5614013671875,79.01900123350596,77.45900553629227,78.45740165403993,11968619
2020-11-14,78.20780944824219,78.99821186525892,77.7918105518528,78.62380834463157,1162700
2020-11-17,77.70860290527344,78.72779666843387,77.31340175399275,77.79179928709625,16872514
2020-11-18,77.1261978149414,78.91499037142495,76.85579408508329,77.70859499781898,16685757
2020-11-19,78.95660400390625,82.0349944419114,74.214212482218,74.25581349672056,64832376
2020-11-20,79.80940246582031,80.70380456365413,78.66540555610771,80.49580512552457,27479934
2020-11-23,81.01580047607422,81.49419803614268,79.24779968043748,79.87180361217997,20909280
2020-11-24,80.91179656982422,82.24298946617236,80.39179802226353,81.1197959888485,15308572
2020-11-25,81.24459075927734,82.13898710372533,80.51659281620535,80.91179395652536,19854793
2020-11-26,82.2221908569336,82.84618910699194,80.22539307133971,81.18219377350302,24879552
2020-11-27,80.0381851196289,82.22217867115323,78.49898740733113,82.22217867115323,46793847
2020-12-01,80.01737976074219,81.72297580988422,79.7261840133509,81.05737666359168,18193922
2020-12-02,80.76619720458984,81.20299373493913,78.85260138895663,80.2253953206362,15836732
2020-12-03,80.47499084472656,81.16138776867544,79.45579147965285,81.1197924005868,21308517
2020-12-04,80.8493881225586,81.93098617500158,80.18379452937374,80.78698942849064,14838659
2020-12-07,80.49579620361328,82.05579181667979,80.0797973734622,80.28779678853773,22078115
2020-12-08,79.70538330078125,80.95337962508103,79.49738391339795,80.70378487409666,15896364
2020-12-09,80.16297149658203,81.01577224701605,79.49737242467695,80.24617349644905,18701467
2020-12-10,80.18379211425781,81.28618781740454,79.66378796643382,80.28779181535364,13612880
2020-12-11,80.32938385009766,81.22378575630057,79.93418838773198,80.70378727238942,14876364
2020-12-14,80.8285903930664,81.95178945503628,80.20459216804872,81.53579063835781,20316890
2020-12-15,80.20460510253906,80.99500185322536,79.6014044641399,80.87020444503393,16084083
2020-12-16,81.61900329589844,81.88940145220366,80.10060844063418,80.99500494641892,35024972
2020-12-17,82.51543426513672,83.41187809349967,81.78974026362954,82.51543426513672,23058726
2020-12-18,82.77156829833984,83.15575688593587,81.98184377445565,82.5154406433103,20310375
2020-12-21,79.18579864501953,82.47275791957688,78.73757955753308,82.38738588809694,21609326
2020-12-22,81.23480224609375,81.55496034410662,78.97234821286504,79.16444538763123,23934507
2020-12-23,81.08539581298828,81.8324313919451,80.67985989702464,81.74705358124866,9836093
2020-12-24,81.10674285888672,82.06722302957651,80.8719625484293,81.2134622345304,12945145
2020-12-28,81.76838684082031,82.08854489092681,81.10672339666307,81.19210119264957,6879688
2020-12-29,80.97867584228516,82.23796669626202,80.67985929696637,81.78974187828383,8549660
2020-12-30,81.1921157836914,81.38421296423522,79.74073352035968,81.10673797236163,19132583
2020-12-31,81.04269409179688,81.53360195093,80.27431707662288,81.32016324783774,23272111
2021-01-01,80.89330291748047,81.06405854791551,80.46642542118606,80.67986416933326,3074621
2021-01-04,80.44508361816406,81.27749704937028,80.252986429456,81.10674141945351,7133203
2021-01-05,80.25298309326172,80.89329930914128,79.48460595016478,80.89329930914128,10478882
2021-01-06,83.7320327758789,84.35100159672953,79.82609952512655,80.25297696980803,54265234
2021-01-07,84.11624145507812,86.14390980272785,83.45458357338292,84.52177744056699,40129922
2021-01-08,86.89092254638672,87.08301970767168,84.32965794203116,84.84191317886058,29487917
2021-01-11,86.89092254638672,87.50989714173093,85.99447877688311,87.08301970767168,12726089
2021-01-12,86.95496368408203,87.40318851883659,85.35417310973678,85.82373950285735,31454127
2021-01-13,87.50990295410156,88.19290805194044,86.48539241239519,86.99764768324837,23792586
2021-01-14,87.55259704589844,88.57710771605946,86.91228077199622,87.91544409242239,12024674
2021-01-15,86.6561508178711,87.83006387728138,86.44271207979651,87.06168094627503,13530190
2021-01-18,83.56128692626953,86.22927108229396,83.04903165235437,85.90911298357102,26118654
2021-01-19,85.22610473632812,85.37551300153072,83.34784511778449,83.47590603658902,19382828
2021-01-20,83.7320327758789,85.631633930774,83.30515533119741,85.37551209588183,21158179
2021-01-21,83.30516815185547,84.39370348736041,82.87829064147756,83.86010659938803,12509109
2021-01-22,82.89962768554688,83.79607156649108,82.38737817493337,83.24113314918567,16720401
2021-01-25,81.1921157836914,84.0095082889214,80.93598813959844,83.00634506033013,9393599
2021-01-27,82.10990142822266,82.96365638429808,80.80792743616617,81.10673819685475,18874916
2021-01-28,79.95414733886719,81.51224848578765,79.31383132315511,81.51224848578765,16072463
2021-01-29,78.73756408691406,80.67985413759041,78.11858947829191,80.55179322058383,13415015
2021-02-01,80.63717651367188,80.87195680746264,77.90515605921794,78.73756944610567,9485240
2021-02-02,82.89962768554688,83.51860235783838,80.7652402499161,81.53361741078459,10803602
2021-02-03,88.15021514892578,89.6442861995926,83.02768583235384,83.02768583235384,73411707
2021-02-04,87.6593017578125,88.64112335412322,87.16839385460509,88.15021545091581,23523019
2021-02-05,88.40634155273438,88.91859100338505,85.90910738738796,87.7873669528987,28755118
2021-02-08,90.73282623291016,91.09567323695335,87.8087144331215,88.15021987982527,28436890
2021-02-09,89.96443939208984,92.8245204210151,89.64428132720548,89.64428132720548,27738169
2021-02-10,89.83637237548828,91.35179068453581,88.36364875614949,89.87906127530148,34189378
2021-02-11,91.24508666992188,91.69330571857544,88.93994938132427,89.15338812637769,20504448
2021-02-12,90.77550506591797,93.48617783197795,89.87906132888848,93.48617783197795,25066544
2021-02-15,90.69013977050781,91.97077799276273,90.30595119877951,91.35180333449756,8599603
2021-02-16,96.28224182128906,98.13916591060968,91.05299239997962,91.09568130833699,80200957
2021-02-17,98.20317840576172,98.69409210612648,94.85219504870754,96.26088832046942,39034960
2021-02-18,100.95655059814453,101.72492777220454,97.5415306425062,98.60872437864319,44291912
2021-02-19,99.12096405029297,100.7857906479353,97.64823461080803,99.67590238957663,36335681
2021-02-22,96.0261001586914,99.84665534601749,95.44981448938866,99.2276807771561,25800846
2021-02-23,96.51702117919922,97.79764781117336,95.89804652600333,96.36761290533508,18293559
2021-02-24,95.08698272705078,97.41346733096753,94.59607477839668,96.53836501477018,11421326
2021-02-25,97.13599395751953,99.37709486263977,94.25456527403082,95.49251455652826,30696079
2021-02-26,91.47986602783203,97.00793178352674,90.15654466420162,94.55338624078676,38070699
2021-03-01,97.00791931152344,97.66957701332316,92.80317546004984,92.84586436111015,31441940
2021-03-02,96.06878662109375,97.90435725711555,95.34309846285299,97.75495478828955,18223787
2021-03-03,97.11463928222656,98.2458691129344,95.49250735086159,98.18183286599188,19350542
2021-03-04,96.1114730834961,98.16048817277026,95.21502934380712,95.21502934380712,22865747
2021-03-05,94.01978302001953,96.47432839662567,93.63559446687778,96.47432839662567,17342685
2021-03-08,95.71539306640625,97.34579342964443,94.34585794068458,94.71541653575032,15749448
2021-03-09,93.91109466552734,96.56321405591244,92.71546760319734,95.86757531297644,12585004
2021-03-10,93.54154205322266,95.19368491119384,93.04155370163662,94.78064772245278,10661165
2021-03-12,95.67192077636719,96.04147939550717,93.65022537365046,93.78066094940174,18173078
2021-03-15,97.4544906616211,98.47620944260184,95.54148867209955,96.08495548145181,30092241
2021-03-16,97.5849380493164,98.78056517465393,97.17190086540262,97.88927596120652,14767699
2021-03-17,95.8458480834961,97.8240652335312,95.36759603383027,97.80232891640726,12571132
2021-03-18,96.10670471191406,97.17190216020558,95.71540973598825,96.08496839541549,14232655
2021-03-19,100.0848617553711,100.91092413178899,95.28061218900447,96.4762390285947,70334403
2021-03-22,97.1936264038086,101.91092543343046,96.60668696132304,101.91092543343046,29180881
2021-03-23,95.21540069580078,97.38926775305725,94.99801399007514,97.19361735910745,38455903
2021-03-24,96.10670471191406,97.34581038317337,94.30239584176114,94.36761068824993,24398959
2021-03-25,94.08499145507812,97.12840542608349,93.62848171822411,96.10668669927614,20272124
2021-03-26,93.30240631103516,96.51972863314249,92.23720900917215,95.36758018024496,25184863
2021-03-30,96.23713684082031,97.2588557223766,93.65023221485791,94.30239245027772,53328751
2021-03-31,93.75891876220703,96.12843647053943,93.32414530357667,95.60670596138603,20694060
2021-04-01,95.08497619628906,95.36757774968528,93.36761876897086,94.19368711620297,11229344
2021-04-05,93.10676574707031,95.21541836327353,92.75894931216774,93.56328145199694,14484908
2021-04-06,90.95463562011719,95.21541942881652,90.65029771041985,93.5632824990511,25301732
2021-04-07,91.54158020019531,93.99805515377287,91.10680670710094,91.69375210217693,22841720
2021-04-08,90.86767578125,92.82415633086607,90.65028905351487,92.15025393669177,20468881
2021-04-09,90.56333923339844,91.93287454806278,90.43290954514198,91.0415912519936,11773021
2021-04-12,87.4546890258789,89.84594264951905,86.30254073206878,89.84594264951905,18544315
2021-04-13,90.75897979736328,91.04158135586235,88.01990356877664,89.19379422345553,19831072
2021-04-15,90.34593963623047,91.91112515761836,90.01985956498267,90.38941815846192,10159348
2021-04-16,91.23724365234375,93.38936893702437,90.10683137406056,90.21552474895331,22020846
2021-04-19,87.4764404296875,89.99813004245304,86.95471581452365,89.49813584455637,18404990
2021-04-20,88.5633773803711,89.43292433501611,87.67209411065701,89.12858643908598,14467660
2021-04-22,88.45466613769531,89.08508991122521,87.47642601138502,88.6937950400994,11626459
2021-04-23,91.80242919921875,92.5632826772374,88.69380045414094,88.82423012014739,38318040
2021-04-26,93.82415008544922,94.10675760080386,90.51987003993527,90.51987003993527,19139358
2021-04-27,94.19369506835938,95.86757411408692,93.82413643795314,93.93282980589659,15270611
2021-04-28,96.04147338867188,96.3892956719286,94.04151442516994,95.12844800348707,16383579
2021-04-29,95.71539306640625,97.23710007209522,95.23714111379131,96.99797704428377,14761969
2021-04-30,95.67192077636719,96.65016105803583,94.1936921967997,94.67194418056954,16897105
2021-05-03,95.99799346923828,96.88928252868409,94.23716345678383,94.56324352553406,15528063
2021-05-04,94.80236053466797,96.3892881528119,94.21542116575623,96.25885259539359,20857434
2021-05-05,94.86759185791016,95.80235358735204,94.2589043159552,94.80237112342051,23178237
2021-05-06,93.65022277832031,95.38931656420239,92.86763293347029,94.97628532825075,18823613
2021-05-07,93.28067016601562,94.25891048346095,92.82416037667154,94.06326595816748,12509591
2021-05-10,95.58497619628906,95.71540588401763,93.45458728243449,93.65023181402734,17845577
2021-05-11,97.12840270996094,97.91099839024423,94.9545356486048,95.65017428763713,22995780
2021-05-12,98.23709106445312,102.17178859198076,96.97624328936277,97.12841518259704,55645370
2021-05-14,99.4979248046875,99.9979189993383,97.32406341012845,99.01967871814013,18820793
2021-05-17,99.30229187011719,100.43269820886199,98.737082803752,100.41096189349874,10996347
2021-05-18,101.34571838378906,104.28045120615533,99.34576506722759,100.3892261504683,52885042
2021-05-19,101.62833404541016,103.47612150827264,100.60662098942198,101.82398448851055,28081040
2021-05-20,99.5414047241211,102.15004535598015,99.3022816916642,101.73700823047227,10707136
2021-05-21,99.10663604736328,99.67183918595948,98.25882544247654,99.15010867572263,21702883
2021-05-24,100.43269348144531,101.91092797236318,99.30228719590929,99.56314655596067,22028927
2021-05-25,101.25875854492188,101.9326549919259,100.49790505450162,101.30223116963805,9165363
2021-05-26,98.08492279052734,101.65006182232233,97.80232120523152,101.38920244942945,18322114
2021-05-27,99.25878143310547,99.82398445435767,97.06317827709739,98.56314875986928,51194207
2021-05-28,98.01968383789062,100.43267372258828,97.73707642511356,100.43267372258828,15307498
2021-05-31,98.10664367675781,98.51968078053474,97.2805753661958,98.2588155516752,13102261
2021-06-01,97.56318664550781,99.12837227790529,97.34579991592463,98.38925503852545,15733731
2021-06-02,98.88925170898438,99.1935954968144,97.43275940492802,97.47623793133124,7995532
2021-06-03,98.38925170898438,100.62833966551337,98.1066501494881,99.58487868123133,10291328
2021-06-04,98.32403564453125,99.19358841957747,97.73709032244633,98.25882080807563,6142487
2021-06-07,102.71525573730469,103.38915225610117,98.65012261887432,98.82403082724187,18058790
2021-06-08,101.75874328613281,103.88913782675196,100.88919641959181,103.88913782675196,22511761
2021-06-09,105.25868225097656,106.73690489533963,101.6500532033605,102.60655714617458,39865778
2021-06-10,105.06302642822266,107.82383295862782,104.4543389157947,107.82383295862782,32690784
2021-06-11,107.08472442626953,108.17165807626036,106.08474782707495,108.17165807626036,29142097
2021-06-14,108.12818908691406,108.60643519141145,105.25868887195907,107.80210898094256,18732629
2021-06-15,107.64994049072266,109.3455499261362,107.41080565002373,108.93251277600218,15026686
2021-06-16,105.2804183959961,107.60645161762926,104.75868790129779,107.32385595374008,30706682
2021-06-17,104.28046417236328,106.10650360410538,102.93265912275947,106.10650360410538,22261167
2021-06-18,101.30224609375,106.51952793954118,100.04139826342286,106.0847544523919,49278209
2021-06-21,102.1065673828125,102.36742671474454,99.3022764916162,100.82398344718185,11719831
2021-06-22,101.75874328613281,103.04132727307764,100.88919641959181,100.88919641959181,10961545
2021-06-23,100.97615051269531,102.60655083978995,100.86745715755568,102.49785748465031,10721151
2021-06-24,100.49790954589844,101.28049938365186,99.17184111100063,100.9761556150854,12964208
2021-06-25,100.36746978759766,101.21528037376554,99.73705772038133,100.62834093394873,7736431
2021-06-28,100.80224609375,101.08485356180847,100.30226368854996,100.86746683068195,9989595
2021-06-29,102.60655975341797,103.43263404183544,100.71529992728438,101.12832527750824,61089570
2021-06-30,101.04138946533203,103.30221401875393,100.86747534815113,103.10656358542191,17437744
2021-07-01,100.34574127197266,101.28050897956696,100.0848818993343,101.10659486848435,15924813
2021-07-02,99.10663604736328,100.47616536850197,98.95445826013571,100.34573568943898,9549992
2021-07-05,100.12834167480469,100.3892128079358,99.28053113160064,99.69356824690354,6849185
2021-07-06,99.47618103027344,100.21529821276724,99.25879431742139,99.7370521620863,5343938
2021-07-07,100.41095733642578,100.62834406816351,99.47618967235952,99.47618967235952,7228897
2021-07-08,100.49790954589844,101.36745643095433,99.80226496146305,100.04138799605653,8740010
2021-07-09,100.10662078857422,100.62835134125075,99.99792741484936,100.45443722569662,2990856
2021-07-12,99.56314086914062,100.75876782339051,99.21532447761025,100.30225807238287,5578309
2021-07-13,99.41098022460938,100.82399397373204,99.25880243677443,100.17183378182928,8264289
2021-07-14,99.97618103027344,100.62834120694342,99.32402085360347,99.41097790262306,9228746
2021-07-15,100.17182922363281,100.62833897839485,99.69357136160902,100.43268857092986,5376823
2021-07-16,101.67178344726562,102.82393773137088,100.21529720341985,100.71529135553735,15903784
2021-07-19,101.36746215820312,102.01962235884201,100.6500812199063,101.67179414997986,13725925
2021-07-20,100.5631103515625,102.73697738836302,100.41094437657985,102.12830169444896,14178067
2021-07-22,101.41092681884766,101.95439361000993,99.43271005781384,101.95439361000993,10378326
2021-07-23,101.30224609375,101.71528326533893,100.88920892216106,101.62832620911195,6660369
2021-07-26,101.17180633544922,102.32396067930003,100.88919887933955,101.49788641835215,12963701
2021-07-27,100.80224609375,102.10657827449418,100.2805273742343,101.30224029293501,10832912
2021-07-28,99.17184448242188,101.04137978403587,98.86750660050144,100.86746568351857,13828088
2021-07-29,97.04144287109375,100.60658775767234,96.89651837809451,99.12835321148584,28609665
2021-07-30,99.2153091430664,100.40368289581781,97.50519896563344,97.99793987745647,34142169
2021-08-02,99.12835693359375,99.70805492735747,98.14286916479686,99.41820593047561,9575755
2021-08-03,101.12830352783203,101.56307699406345,99.18631773746209,100.0268868485672,20959435
2021-08-04,101.59207153320312,102.37466145155193,100.78049199810651,101.82395308522868,23323277
2021-08-05,101.56307983398438,101.88191843573019,100.43267350776816,101.59206945013779,6621382
2021-08-06,101.44712829589844,102.31667510986328,101.18626896930238,101.73697723388672,5340311
2021-08-09,102.28770446777344,102.6065430762827,100.89643874260558,102.6065430762827,16415005
2021-08-10,100.05587768554688,102.08482079189221,99.33125514756641,102.08482079189221,11925263
2021-08-11,102.22972869873047,102.60653471608931,100.02688361737474,100.25875335668661,31279965
2021-08-12,108.40351867675781,108.80930253175052,102.20075521338232,102.60653906837504,58107755
2021-08-13,107.09919738769531,108.5774318933198,106.43254237939438,106.78035879425157,26776843
2021-08-16,104.75141143798828,106.83833342525175,104.57750913503939,106.66441932831826,21308655
2021-08-17,106.22965240478516,106.51950138815428,104.92533197962409,104.95432159555513,15962459
2021-08-18,104.69345092773438,107.82382232167691,104.43259155906641,106.49051227429858,25227527
2021-08-20,103.5340576171875,104.37462677065157,102.63553281808744,102.78045731413445,18720467
2021-08-23,101.82395935058594,104.28767593023353,100.98339014702022,104.05579436394001,13112745
2021-08-24,102.3746566772461,103.93984823493567,101.70800166900712,102.7804523228627,11029463
2021-08-25,101.73699188232422,102.86739818564487,101.47613251816875,102.722473695784,12001351
2021-08-26,100.34571075439453,101.67902072999155,99.47616384700119,101.67902072999155,12115246
2021-08-27,101.07032775878906,101.36017671238123,99.56311555890666,100.75150098622817,8051699
2021-08-30,101.73699188232422,102.22973278905411,100.171812109421,101.56307777689712,14512401
2021-08-31,101.65003204345703,102.63552562389033,101.41815050723832,101.73698909378716,43248333
2021-09-01,101.82395935058594,103.07031244967553,101.24426133184532,103.07031244967553,11817591
2021-09-02,101.88191986083984,102.08481179479547,100.98338327534063,101.67902792688423,13545023
2021-09-03,101.76597595214844,102.49059836196442,101.09932097632084,102.02683530208837,12286475
2021-09-06,100.9254150390625,102.22973548217097,100.28774962567323,101.8529294398092,13950485
2021-09-07,100.2877426147461,100.9543975978607,99.96890403334812,100.92540798355738,12485031
2021-09-08,101.96903228759766,102.41147820033133,100.40572699657274,101.02515007418853,25370295
2021-09-09,102.35248565673828,102.7359411734542,101.40860346320831,101.7035673988185,5078350
2021-09-13,102.58845520019531,102.8244287398928,101.88053458110286,102.79492754663832,7522483
2021-09-14,102.70645904541016,103.29638702614442,102.3525046573927,102.5884782501095,8434427
2021-09-15,104.94818115234375,105.59709947495128,102.49997784230607,102.64745982481298,20064238
2021-09-16,105.8625717163086,107.16042047978321,105.18416413775734,105.5676077248983,16214883
2021-09-17,105.47911834716797,106.42300063172337,104.26976129369379,105.92156429325154,21219226
2021-09-20,104.417236328125,105.71507288277037,103.2963709388693,104.53521710505144,7833069
2021-09-21,103.768310546875,105.24313016237318,103.50283581481767,103.85680212422743,9481007
2021-09-22,104.26976776123047,104.6827125356764,103.70934099560881,103.70934099560881,9165634
2021-09-23,105.15464782714844,105.44961177617269,104.41723795458779,104.41723795458779,10295913
2021-09-24,103.91580963134766,105.89206584133402,103.70933725157859,105.184157110093,7093411
2021-09-27,103.82730865478516,104.50572812880449,103.29637115328683,104.12227259982717,5205649
2021-09-28,108.51722717285156,111.43737733834784,103.8862957815182,104.32874168518916,38873626
2021-09-29,115.0654525756836,115.80286252040825,107.63235073116692,108.25177988558164,53686662
2021-09-30,112.02729797363281,116.80571102420033,111.28988818181337,115.00642633131588,23618199
2021-10-01,113.17765045166016,114.1510337601146,111.87981404179575,112.55823343872535,16994903
2021-10-04,113.05967712402344,113.88557853103642,112.11579494548566,113.26614947524841,10757286
2021-10-05,112.0567855834961,115.0949162833624,111.70283128883773,113.05967008749252,17200858
2021-10-06,110.67047119140625,113.35464792638196,110.16903487885963,113.23665514559147,8929507
2021-10-07,111.08343505859375,113.00070084902222,110.6704783024635,112.67623568364235,6733699
2021-10-08,110.72947692871094,112.17480767946032,110.31653214399138,111.49638810275064,8165175
2021-10-11,114.12152862548828,115.09491190031464,111.6733378461011,112.08628250712472,12982042
2021-10-12,114.06256866455078,114.82947981338991,113.05969593340583,114.3870338433939,8539966
2021-10-13,117.6316146850586,120.64024429392212,114.5344934990288,115.09492015089386,33075614
2021-10-14,120.72874450683594,121.49564355887019,116.95320362861676,118.10355820772493,19185455
2021-10-18,120.22730255126953,123.85534928503107,119.25391918279884,123.76686970780803,38546365
2021-10-19,117.1891860961914,120.81724527853717,116.21580260793554,120.34529813207538,16174177
2021-10-20,114.6524887084961,118.13306583257535,114.06256078923231,117.9855838527594,21909934
2021-10-21,114.47550964355469,116.4222644416731,114.15104450947825,115.77334617563362,16946547
2021-10-22,114.71147155761719,116.2157924536751,112.82370714094094,115.56687418557475,7705870
2021-10-25,113.64961242675781,115.03594059244917,112.38126504031572,114.71147544634287,7862419
2021-10-26,112.32228088378906,113.82658991220828,111.90932412927268,113.62011753600736,8525850
2021-10-27,112.23377990722656,113.17766212100393,111.23090730548441,112.17478951926176,9862679
2021-10-28,109.66759490966797,112.73521507411618,109.2841393885836,112.49924152251707,11095238
2021-10-29,109.1661605834961,111.2898985819793,106.95393100130242,110.25752477695558,12988035
2021-11-01,110.75895690917969,111.20140280895005,108.87119253767142,108.90068172972155,5475153
2021-11-02,109.431640625,112.8237265203841,109.22516823179102,111.28991616811177,10946890
2021-11-03,108.51722717285156,110.49349514427246,107.95680049571367,109.43162017461685,13957727
2021-11-04,109.1661605834961,109.6380956930959,108.69421347178266,109.1071581929467,830214
2021-11-08,111.5848617553711,112.29277041593693,108.90068508000803,110.67046873353615,11947323
2021-11-09,110.05104064941406,112.29275918507813,109.31363086752873,112.29275918507813,10381150
2021-11-10,108.78269958496094,110.02154568826681,108.28126330530297,109.69708056501653,13857851
2021-11-11,107.45536041259766,109.28413434946711,106.59995782775786,109.13665238678227,8851354
2021-11-12,107.36687469482422,108.36974729497442,106.364002094674,108.36974729497442,9590673
2021-11-15,111.08343505859375,111.34889782873033,107.36688426399428,107.48486505025174,24821341
2021-11-16,110.67047119140625,112.8827008074476,110.02155290445688,111.49637264848445,23206330
2021-11-17,112.70572662353516,114.32802829855424,110.31651390129802,110.31651390129802,18359498
2021-11-18,113.56111145019531,114.71146596014435,112.70572086609094,113.17765594617468,10742933
2021-11-22,114.56400299072266,116.21580605014941,113.26616630268369,114.68199578189021,25095721
2021-11-23,119.07695770263672,119.40142288523501,113.94458919212971,114.00357958838889,19671538
2021-11-24,119.9323501586914,122.38054140911545,119.16543906682163,119.28341984921043,18120478
2021-11-25,120.49276733398438,120.93521323606755,118.72298372565167,119.51938394897874,18537454
2021-11-26,119.16543579101562,120.90571829503887,118.45752711191453,120.37479278676997,12814537
2021-11-29,118.13304138183594,120.34527062119615,117.10066773680116,117.39563163538253,16066147
2021-11-30,121.96760559082031,123.58990747896907,118.16257505400833,118.16257505400833,37739647
2021-12-01,122.2330322265625,123.14742509397314,120.75821276435924,122.11505147043086,20332817
2021-12-02,126.5395278930664,127.42441969651442,121.82010494134364,123.294924613757,33758843
2021-12-03,121.58413696289062,127.68988828595303,121.23018262572003,125.7431334304579,47614182
2021-12-06,119.16543579101562,122.70500319074876,118.78198025562176,122.32154765535489,11322446
2021-12-07,121.40716552734375,122.08557300454233,119.25392631131498,119.51938906307845,8049102
2021-12-08,120.81723022460938,122.49852222095302,120.07982040146629,121.02370257466684,8788449
2021-12-09,119.87335968017578,121.79062559830236,119.22444130830985,121.23019882308074,5755422
2021-12-10,119.54891204833984,120.49279445145314,119.07696484572523,120.49279445145314,6164402
2021-12-13,120.58126068115234,123.67838204110258,120.16830396522425,121.230178946624,21648126
2021-12-14,125.21219635009766,125.7431338587187,119.87334407236929,120.40428158099034,48042035
2021-12-15,123.79634094238281,127.2179268315679,122.58699620725334,125.71360620740123,15207306
2021-12-16,122.8229751586914,124.94672504786658,121.70212183087594,124.71075150439012,13410737
2021-12-17,123.85535430908203,124.1798194457715,120.96471728234395,122.82298051321457,15209414
2021-12-20,123.79634094238281,125.44814351001243,122.41001307425329,124.3272783392717,22539246
2021-12-21,121.87909698486328,124.91722795176332,120.81723400755669,124.74024478782219,17566511
2021-12-22,123.06980895996094,123.95519826406392,120.90211456297861,122.00122966458107,14750231
2021-12-23,127.22201538085938,127.98528642636853,123.37513676531205,123.64990937248281,15932489
2021-12-24,125.42070007324219,127.43572816977638,125.08485584563752,127.13041975305624,8975969
2021-12-27,125.84809875488281,126.55031044097038,125.17642287285369,125.42067203623569,8648187
2021-12-28,125.54278564453125,127.405171468771,124.13837474865441,126.1839381212113,15736206
2021-12-29,124.93219757080078,125.72600439764767,123.77202314042103,123.95521315370289,17172943
2021-12-30,125.39014434814453,129.08438057295956,123.13086739244183,124.932181795797,87481206
2021-12-31,124.81007385253906,125.90917661624668,124.29105206775793,124.56582465292725,9842223
2022-01-03,125.17645263671875,126.36715050966033,124.65743080551427,125.42070185817718,7410054
2022-01-04,128.5959014892578,130.06138436103058,125.48175815113514,125.97025658273645,14784090
2022-01-05,127.40520477294922,129.05386525390938,127.03883715751711,128.22953501342928,9565107
2022-01-06,125.7564926147461,127.43568838243671,124.96269843292697,126.85560754099092,5615931
2022-01-07,125.29855346679688,127.31359373249428,124.87112670645124,126.36713279069072,11908249
2022-01-10,124.56581115722656,126.55031550164317,124.22996699126755,126.55031550164317,11085710
2022-01-11,124.47420501708984,125.6649149709228,124.26049166835918,124.90164413757905,7208789
2022-01-12,125.14588928222656,126.21446852077263,124.77952174218794,125.7870417945657,11018139
2022-01-13,127.0082778930664,129.1454364153055,126.12288861735037,126.7640287202047,20522807
2022-01-14,126.85562896728516,128.01580326916107,126.12289384137907,126.97774734725968,14183654
2022-01-17,126.00077819824219,127.9547594741355,125.6649464013917,127.71051026176995,7574539
2022-01-18,125.26802062988281,126.9166807788397,124.9321764699333,125.93969652675307,8475422
2022-01-19,124.96270751953125,126.6419034093238,122.76448993022666,125.78703756264193,13724367
2022-01-20,131.06887817382812,131.49630489798938,125.42067365425996,126.45871708323939,30170343
2022-01-21,131.3436737060547,133.8777359590999,130.06138088614952,130.61093850126056,29509593
2022-01-24,130.67198181152344,132.96179457691227,129.14543996793086,132.13746446597816,12850189
2022-01-25,133.63348388671875,134.45781408020852,129.4202254918447,130.36668649887073,27389035
2022-01-27,131.19100952148438,133.90826158050174,129.66446760845096,133.11445481651242,28512473
2022-01-28,128.3516387939453,132.8091461393278,127.77155783749123,132.8091461393278,18932049
2022-01-31,131.52684020996094,132.35117027377316,128.96224260551008,129.450740936747,19907759
2022-02-01,130.0308074951172,132.53434563782986,129.0232999854707,132.50380983685932,8622355
2022-02-02,130.67198181152344,132.99233038299585,130.21401925844566,131.19100355373905,9921099
2022-02-03,129.0233154296875,131.28259228112796,128.84012544799072,130.67197557284365,4594389
2022-02-04,128.04632568359375,130.27507927398284,127.67995812341336,129.4507491578196,7329263
2022-02-07,130.45826721191406,130.85517057212368,128.22951365661,128.87066619410473,7869237
2022-02-08,128.26004028320312,131.52683707938706,127.3135794475948,130.6719712315841,9074237
2022-02-09,127.83263397216797,129.23705768439746,127.43573053844821,128.59590502815539,9833985
2022-02-10,129.48130798339844,131.71004954698577,128.2600742836655,128.2600742836655,19180334
2022-02-11,126.88616180419922,129.4507471078795,126.42819925546853,128.35163202171412,20071130
2022-02-14,123.25300598144531,126.36714936345713,122.8866383640965,126.36714936345713,12109375
2022-02-15,124.2299575805664,124.47420673521336,121.51271834556769,123.34456837087775,19046061
2022-02-16,123.19446563720703,126.14409865774482,122.81790587441472,124.63789791117648,20270061
2022-02-17,123.63380432128906,124.79482987929488,123.00622155823683,124.41828277510434,16405551
2022-02-18,122.81790924072266,125.61065946091036,122.53550217908824,123.50826031263014,14600643
2022-02-21,124.35548400878906,124.88892661910008,122.72377194328496,122.81789911059899,10682638
2022-02-22,124.35548400878906,124.5437511116167,120.37033739644261,121.87652529186205,13606058
2022-02-23,124.2927474975586,125.20273722221891,124.01032764741461,124.48101462945303,6493463
2022-02-24,119.93102264404297,123.00617968993119,119.17792869199673,121.75101459105433,13145037
2022-02-25,123.82205200195312,124.1985990080535,120.58999906054022,120.84103465400737,10920938
2022-02-28,131.2589111328125,131.94924948013846,123.0375811385821,123.9161866161598,31938385
2022-03-02,132.35716247558594,133.76922321444027,129.40751682683708,130.38027488754994,20502615
2022-03-03,136.71890258789062,137.66027673391906,132.2316832715142,132.2316832715142,19805555
2022-03-04,134.96165466308594,136.499227055976,132.38855557068774,135.52646883634236,12794317
2022-03-07,133.54959106445312,135.05577918775475,131.0706319724663,132.10614588338728,17635653
2022-03-08,133.2671661376953,140.20195916133673,131.66683812560956,134.3026800091632,28410490
2022-03-09,130.5999298095703,135.55783464898332,129.65855595784126,135.02439201997686,22830958
2022-03-10,131.07064819335938,132.67098923267247,129.94100696108228,132.4199535916543,16516553
2022-03-11,133.32989501953125,133.67507049663763,130.38026242101628,131.3530203887172,12992850
2022-03-14,133.92613220214844,134.3026792164047,131.54131316485712,133.32992105872512,12598659
2022-03-15,131.57269287109375,134.961641419078,130.7254589261478,133.80060341015894,14528285
2022-03-16,131.3844451904297,132.92203057751846,131.1334095386393,132.57685496028122,11933774
2022-03-17,132.76510620117188,133.51820022559878,130.38028717681854,133.04751326828173,28464621
2022-03-21,128.59169006347656,135.55785506161354,128.34065444490727,135.55785506161354,17797415
2022-03-22,130.97650146484375,131.47857272093978,128.05825218941825,128.65445063385513,13285297
2022-03-23,131.8551025390625,132.16889384104417,130.7254615128489,131.47855553032463,9408783
2022-03-24,132.2630615234375,132.54546864716704,130.53720900059312,131.79237447175268,11188958
2022-03-25,131.57269287109375,132.29441540501085,129.72131656511507,132.2630311681534,9842670
2022-03-28,133.23577880859375,133.51818584528752,130.22337749892907,131.57268251822055,12823578
2022-03-29,132.60821533203125,134.58509040950977,131.60407290564055,134.20854338371393,10470515
2022-03-30,136.2482147216797,137.2523445846235,132.92203375266564,133.73788368021823,54218485
2022-03-31,136.05990600585938,136.34231305450353,134.7733566327026,135.2754277949589,10326026
2022-04-01,141.2374725341797,141.67677525715402,135.6206004721449,135.6206004721449,39663961
2022-04-04,142.7122802734375,143.1515829691647,140.60988119839976,141.83366211378288,9907530
2022-04-05,146.25814819335938,147.23089368319287,142.39851217059476,144.3126316772878,17167487
2022-04-06,148.51744079589844,149.6470819363128,145.06573612515083,145.19124755135175,17153675
2022-04-07,145.1912078857422,150.55704333344397,144.34397406984152,148.0780848134993,11913911
2022-04-08,145.9757080078125,146.91708189363442,144.7205428267166,146.22674359767177,6746769
2022-04-11,144.90884399414062,147.8271060224382,143.33988728733573,145.91297373285528,12413822
2022-04-12,146.28948974609375,146.63466525562524,143.4653682731259,143.87329948397232,14769907
2022-04-13,144.0301971435547,147.70155255631906,142.8064162620332,147.45051697933522,11015439
2022-04-18,145.03436279296875,145.47367835411828,142.8064518170214,144.0302330032317,19069923
2022-04-19,142.9946746826172,146.44637854392687,142.14744083393552,146.0384473521323,15036942
2022-04-20,142.46127319335938,143.71643859594403,140.2333494964905,143.24575156997477,9814641
2022-04-21,142.61814880371094,143.49676701554782,141.36298357771568,141.89642624512348,11134333
2022-04-22,141.48851013183594,144.46952786253368,141.01782312172577,141.23748727433903,12032249
2022-04-25,139.85679626464844,142.39851120012796,139.00956220888932,140.5471346520002,11042683
2022-04-26,145.34814453125,145.72469158145645,140.7981701514337,142.46126678873114,15389155
2022-04-27,143.90469360351562,146.13260414652743,142.74365559253985,145.19123025754203,12680209
2022-04-28,147.85842895507812,148.26636011856777,144.37535387035447,146.4777526136342,18378146
2022-04-29,142.93194580078125,148.32915393380054,142.49264306147327,147.54467563632093,9026331
2022-05-02,145.31674194335938,146.38362715187031,141.7708980460622,141.7708980460622,12634353
2022-05-04,149.11361694335938,150.27464215095438,146.16398395452876,146.22673965825277,23124643
2022-05-05,146.6974334716797,151.0277559866229,146.1326065752609,149.61569512967625,16481935
2022-05-06,149.61569213867188,150.0863790815778,145.25398547348996,145.25398547348996,17715186
2022-05-09,153.8518524169922,154.66770200601124,147.88981866744356,149.99221748864466,54118806
2022-05-10,152.91049194335938,155.86012484195544,152.18876945211147,154.25979698904897,30997494
2022-05-11,150.1177520751953,155.64048403534255,149.80396077673697,153.13015364767574,15412618
2022-05-12,148.0467529296875,151.81224891212193,145.693317940666,149.99225663363822,26538994
2022-05-13,148.2977752685547,150.52568586439475,146.289503263512,150.52568586439475,15074553
2022-05-16,147.60743713378906,149.3019179837021,146.22676038337275,147.79571703984672,7960529
2022-05-17,149.77259826660156,150.18052953263836,146.06985816966997,147.419163387391,15470937
2022-05-18,143.02609252929688,149.52157058666148,142.52402128783208,149.05088358586403,19181550
2022-05-19,143.27713012695312,144.1243641864382,139.103702775324,139.95093683480906,15085602
2022-05-20,143.74781799316406,146.2895201868064,142.30437272156297,144.81470344211976,15148281
2022-05-23,140.95506286621094,145.59917710331925,140.70402724859932,145.59917710331925,11572501
2022-05-24,142.46127319335938,144.1243699054246,140.95507215661723,141.2061077907747,16336858
2022-05-25,141.1119384765625,143.96744428069564,139.66850622478756,143.33986170995868,11062614
2022-05-26,142.58676147460938,143.77917096709453,140.51574655753578,142.46125006201123,14150454
2022-05-27,141.01780700683594,143.49676597105312,140.20195727679805,143.4653817333513,8430491
2022-05-30,143.24574279785156,144.28125674521138,140.7667963868344,140.89230781212564,9305758
2022-05-31,146.16400146484375,147.57606242469868,143.21435535444806,143.24573959416995,26351545
2022-06-01,143.84193420410156,146.22675331392682,143.18298010116132,145.6933106301558,10282009
2022-06-02,141.55125427246094,143.9674446218843,140.9236717002367,143.9674446218843,10071898
2022-06-03,141.8336639404297,143.15158481278476,141.2060813566225,141.8336639404297,16082518
2022-06-06,141.08059692382812,142.74368087436306,140.29611854406528,141.8336910611193,12693293
2022-06-07,141.2061004638672,141.99057879977755,140.39023788723958,140.54713355442163,9103195
2022-06-08,140.92367553710938,142.14745647898602,139.98230165314257,139.98230165314257,11240130
2022-06-09,141.1119384765625,141.6453811080489,138.69574813286528,141.01779853731193,9468041
2022-06-10,140.86090087890625,142.74364856417495,139.35471294525124,139.35471294525124,9019239
2022-06-13,139.54298400878906,141.51987168800434,139.00954136981358,139.2291927190152,10186775
2022-06-14,140.547119140625,142.6495310798138,139.32333816939038,139.54298952727856,17023962
2022-06-15,139.48023986816406,142.02195463333464,139.2605885007521,140.73540513131965,5898563
2022-06-16,135.77749633789062,140.766785793069,135.33819361423008,140.1705746473,11883333
2022-06-17,132.6395721435547,136.1226604756723,131.9492338778575,134.42817989456105,19675226
2022-06-20,130.694091796875,132.3571884358058,129.50168216321504,131.22753451587485,7402273
2022-06-21,132.0120086669922,133.7692452048304,130.09788923391312,131.19615887801157,9459619
2022-06-22,132.2002716064453,132.57681859674872,130.66268664108958,132.29441154607122,10257637
2022-06-23,130.88235473632812,132.85922968758646,129.3761539611118,131.8551000935091,13114525
2022-06-24,131.13339233398438,133.0475245635234,130.38029824562258,133.0475245635234,9499105
2022-06-27,132.76510620117188,133.89474723781223,131.57269668899522,133.89474723781223,17545390
2022-06-28,131.98062133789062,132.76509956084954,130.75682764915453,131.50993440411526,6770087
2022-06-29,132.48268127441406,134.93025591204,130.81958486883488,131.22751610313927,41502918
2022-06-30,132.9847412109375,134.773348875199,132.04336741204204,132.73370564425886,22260722
2022-07-01,129.59579467773438,133.61232549257284,128.77993226739864,132.45130034571002,11133663
2022-07-04,132.2316436767578,133.14164607302132,128.6858123363592,128.6858123363592,20178279
2022-07-05,134.3968048095703,135.52644573170298,132.38853300100183,132.41991723558868,20083997
2022-07-06,132.0747528076172,134.39681608405252,130.66269196034457,134.30267614059423,19203527
2022-07-07,133.39268493652344,135.118537063225,133.1102651094156,133.83198764331271,14069302
2022-07-08,137.3150634765625,137.6916104431309,133.45542834078785,134.3026622076166,17142257
2022-07-11,136.21681213378906,138.8526540180375,135.68335669475215,138.06817574674915,10826079
2022-07-12,133.98887634277344,136.1540310639833,133.76922500076952,134.99300588350553,8503695
2022-07-13,134.58506774902344,135.99712843415602,133.95748522229786,134.6164519826394,10210005
2022-07-14,134.8361358642578,137.59750220211401,133.5809705077961,137.59750220211401,10898403
2022-07-15,131.35302734375,136.18540766991907,131.03923608183774,136.18540766991907,22067479
2022-07-18,131.94924926757812,133.29855448911516,131.10201526230648,132.01200497756093,15155654
2022-07-19,131.79237365722656,132.7337477547782,131.54133801090546,131.72961793769713,14922395
2022-07-20,131.3216552734375,133.23578725567094,130.85096833697355,132.60820467371903,14181034
2022-07-21,133.23577880859375,133.80059288198132,131.44715834886813,131.76094961994988,12461554
2022-07-22,131.79237365722656,134.27132034016446,131.47858229137603,134.27132034016446,9272199
2022-07-25,130.47442626953125,132.4199297934248,130.1606349667032,131.79234718776877,6635194
2022-07-26,131.22752380371094,132.41993334003394,129.9723585587817,130.47442976403386,11451315
2022-07-27,132.2002716064453,132.41992295343897,131.41579338989652,131.72958467651603,9209354
2022-07-28,134.42819213867188,134.80475192535027,131.82373447941995,132.41993286132558,13192642
2022-07-29,134.2712860107422,136.6874891245983,133.58094773601192,135.80887097121428,15433067
2022-08-01,137.40919494628906,138.16230167121566,134.3968063511818,134.96163320282685,12136557
2022-08-02,139.6999053955078,140.20197665894034,136.40509624576376,138.03680869961553,17748747
2022-08-03,140.32748413085938,141.0492067636017,137.84853766209477,140.17058846148942,12406038
2022-08-04,138.5702362060547,140.7040067239939,137.50333817888503,140.5784953175975,9712267
2022-08-05,140.3588409423828,141.04917919906086,137.34643957189718,139.13504729953561,14099223
2022-08-08,139.26058959960938,142.0219557539809,138.75851838310493,141.20609321921157,8392041
2022-08-10,140.26470947265625,141.1433276561027,138.41334593141593,138.5388573426795,8585266
2022-08-11,139.85679626464844,142.39851120012796,139.1350736363343,140.98645018446203,5040626
2022-08-12,143.12022399902344,143.46538678489264,139.32334397705296,139.95092660758021,13279062
2022-08-16,143.62228393554688,144.312622282663,142.49264284977542,143.84193530487454,11298246
2022-08-17,143.40261840820312,144.940190609895,142.90054724085056,143.6222697558448,11225465
2022-08-18,145.1912078857422,145.41085920568702,142.9319134539409,143.05742484585264,11360485
2022-08-19,144.5891571044922,145.57145569976117,143.03647161866064,144.77927317441726,9829530
2022-08-22,143.1949462890625,146.2686256214924,143.00483016846633,144.55750317453152,9190493
2022-08-23,144.2089385986328,145.0328008403845,142.08587872529242,142.56118832793314,8903751
2022-08-24,145.4130401611328,145.72991321695886,143.5434942891982,144.08217590538297,13007225
2022-08-25,143.416748046875,146.395349568978,142.6562449882803,146.07847651796288,12124365
2022-08-26,146.0467987060547,146.52210833025785,143.60687854719816,143.60687854719816,7966045
2022-08-29,143.89208984375,145.06451781631677,142.9731500538785,144.65258017903645,7517013
2022-08-30,145.50811767578125,145.9200552639323,144.5574984232475,144.6208704613633,7214498
2022-09-01,143.2899932861328,145.82497773310055,142.59287514193622,142.62456760496238,13109081
2022-09-02,142.0858917236328,145.03281410831605,141.83240356057996,144.1772593240143,6897237
2022-09-05,141.57888793945312,142.9414446968906,140.50151178291273,142.59287916815148,18055474
2022-09-06,142.6245574951172,144.49410323479535,141.95911896751824,141.95911896751824,14103701
2022-09-07,142.21263122558594,143.82867608768714,141.35707654640322,141.35707654640322,7866745
2022-09-08,142.21263122558594,143.79699651799754,141.61056467831088,143.2266224340098,7187735
2022-09-09,141.2620086669922,143.32168349779923,141.008507647558,143.25831146634005,9162027
2022-09-12,141.9274444580078,142.4027540682404,140.81838870079847,141.6739563140958,8778919
2022-09-13,143.73362731933594,144.1772444525199,141.83238893095105,142.14926199568188,11278383
2022-09-14,147.37765502929688,147.7895796635344,142.40273802126052,142.59286700136778,25072958
2022-09-15,150.57806396484375,150.99000148991544,147.25089709045946,147.9480151901825,23606369
2022-09-16,149.34226989746094,151.11675122768267,147.91634118340548,151.08507165908426,29399642
2022-09-19,147.75791931152344,150.89495763608005,146.80730007455495,149.53240081770548,13920046
2022-09-20,147.47271728515625,149.7225211734558,147.09247219105436,148.29659240037526,20162973
2022-09-21,143.89208984375,148.51842968834322,142.14928767291823,148.2015565663738,14468837
2022-09-22,139.48751831054688,143.48012402047297,138.88546465451574,141.9591307550917,26264530
2022-09-23,128.3652801513672,139.26570812103532,125.54510221662562,138.34678141601478,87162722
2022-09-26,127.28791809082031,132.67476063844836,118.09859845074895,126.74923641477733,167547134
2022-09-27,129.82289123535156,131.75582207564608,127.54140776217632,130.42495779076035,54127095
2022-09-28,131.62905883789062,133.34018103137876,128.3652767619358,130.04469359962235,52877873
2022-09-29,131.81918334960938,134.4175396734544,130.58338366314553,132.42123696227702,36761869
2022-09-30,134.48092651367188,138.6002764470471,131.185451724411,131.185451724411,62897614
2022-10-03,133.59368896484375,136.03360897938083,132.45294077679105,134.98792528926552,11740863
2022-10-04,132.10438537597656,134.575998043832,131.8192047539005,134.41756149965664,19179333
2022-10-06,130.74185180664062,133.6570818725465,130.29822171151582,132.35789694956674,20692745
2022-10-07,132.70643615722656,132.9282447139057,129.28420463235645,129.28420463235645,14282850
2022-10-10,132.42124938964844,134.32248778946305,131.53401511794675,131.7875032563769,16834226
2022-10-11,132.04100036621094,134.0056107422756,130.90026509636584,133.08668403376723,17807162
2022-10-12,136.60397338867188,136.85746150706953,132.6747399367463,133.371858049534,35288330
2022-10-13,135.58998107910156,137.71304095645925,135.1463639399034,136.22372721715504,16436903
2022-10-14,134.76612854003906,138.1566680440517,134.06901031670174,138.1566680440517,23365190
2022-10-17,134.2591094970703,136.22371983992244,133.72042788761695,134.3224815287241,9520537
2022-10-18,134.57598876953125,136.255418600772,134.0689995992686,134.95623387062773,13256574
2022-10-19,135.5583038330078,137.45954227977202,134.95623725537342,134.98792972025888,11595367
2022-10-20,137.83978271484375,138.15665577855603,134.57598757988762,134.70274454153133,16371066
2022-10-21,137.71302795410156,138.72701910053019,135.62166073854502,136.47721536541926,11634491
2022-10-24,138.69532775878906,139.5825748541752,138.5368912379557,139.297394274114,1132859
2022-10-25,138.47354125976562,139.04391540431516,135.78011997668094,138.69534984553513,20622687
2022-10-27,141.895751953125,142.49780558043685,137.74470991135223,138.98052252147255,24298489
2022-10-28,143.73362731933594,145.1278636467123,141.45213093839567,141.83238893095105,11669879
2022-10-31,144.5891571044922,145.92002116835084,143.67021763893578,144.4624001642797,11755682
2022-11-01,149.025390625,149.50070017649782,145.6348517363683,146.17353331601313,15220278
2022-11-02,147.85296630859375,149.9126410781662,147.56777283511008,149.02539398332326,12884449
2022-11-03,144.5258331298828,148.0431169755998,143.67026540319483,147.6628718157385,9358215
2022-11-04,143.3217010498047,145.41305570566198,142.59289036477603,144.49412890297305,8059667
2022-11-07,144.49412536621094,146.96573798408954,143.48013408271166,144.05050820892959,14862038
2022-11-09,138.63194274902344,146.39533154296876,138.1883256896649,146.39533154296876,22831150
2022-11-10,136.19203186035156,139.51919869947938,135.30478479119813,136.88914995268757,16217631
2022-11-11,135.6533660888672,138.0615936787509,135.33649301965104,136.88916590137083,12123886
2022-11-14,137.14581298828125,138.67073425007277,136.432021461696,136.88624883261897,18460862
2022-11-15,140.16323852539062,140.48769046642164,136.04270151469362,136.26981523301868,15258103
2022-11-16,140.8770294189453,141.1041431360833,138.50852762140175,140.13078731807772,9825807
2022-11-17,141.6557159423828,143.05084866033135,140.32545776714971,140.74724791066137,9449665
2022-11-18,141.68814086914062,141.98015549781425,140.71478517752485,141.68814086914062,5828998
2022-11-21,142.1424102783203,142.4344117642415,140.48769998614253,141.1366039121755,4712051
2022-11-22,141.3312530517578,142.23970781101434,140.7472369908203,141.78548043138608,4366445
2022-11-23,139.61166381835938,141.98016547478915,139.02764772195468,141.62326308199115,13510578
2022-11-24,143.24551391601562,143.4077398660904,139.57920480392966,139.77388122481202,7622243
2022-11-25,143.148193359375,143.3428698042659,140.5525778380736,143.24553158182044,10989671
2022-11-28,143.60244750976562,144.18645049542644,142.2073013953864,142.2073013953864,4526153
2022-11-29,142.33706665039062,144.2188905852632,141.81795145586327,143.60243716614212,6476054
2022-11-30,145.3544464111328,145.97089972003042,141.23391005728487,142.33704120014832,17317951
2022-12-01,143.9917755126953,145.90603670316506,143.08330742830935,145.35447103828253,13241961
2022-12-02,142.6290740966797,143.73220538088657,141.8179442694738,141.8179442694738,12880949
2022-12-05,143.9917755126953,144.21888923329595,140.9419193152556,142.564179036665,16477957
2022-12-06,145.02999877929688,145.45178888817884,142.36949584924523,143.76464165463256,11299945
2022-12-07,143.44021606445312,145.41936508915808,143.05086315285374,144.60823519329932,5813973
2022-12-08,141.3312530517578,143.95930552300413,140.7472369908203,143.92686825416305,11176439
2022-12-09,140.94190979003906,142.0774915182801,139.9685540229753,141.7206023248796,6020031
2022-12-12,139.8712158203125,141.4610248091643,139.25474930477188,140.16321724210772,8194429
2022-12-13,140.35792541503906,140.68237738021298,138.24898764140846,139.87124746727815,8235450
2022-12-14,142.23971557617188,143.11574631639326,140.35790501328148,140.35790501328148,10055353
2022-12-15,140.3903350830078,143.0184007649088,140.09833365256623,142.43438470204396,5385778
2022-12-16,138.34629821777344,141.5908175305916,137.95695854063183,139.51433045118114,11166617
2022-12-19,142.0450439453125,142.23970716341765,138.5409607976227,138.89786316712113,7758862
2022-12-20,141.00680541992188,142.04504889191665,138.80052979069418,142.04504889191665,6541929
2022-12-21,140.19569396972656,141.6232772800724,138.76809745739698,140.84459787478988,7005861
2022-12-22,139.5143280029297,140.81213570528251,138.11918208250387,140.22811959882722,6961415
2022-12-23,137.08094787597656,139.7090139326171,136.56181947896644,138.4760938912057,4554651
2022-12-26,137.47027587890625,139.0276477354761,136.88625978244477,137.24316217527746,6864331
2022-12-27,137.98941040039062,139.64410734535642,137.4378447520687,138.184073639925,13115851
2022-12-28,140.00100708007812,141.72060494069348,137.8920695458475,137.8920695458475,16815549
2022-12-29,140.00100708007812,140.4876849725929,138.54097340253387,138.89787580450445,22536873
2022-12-30,138.67076110839844,140.64992332642663,138.37875962796068,140.195695867527,4643134
2023-01-02,139.54676818847656,139.83876961918568,138.21651011084245,139.2223162868079,5959394
2023-01-03,139.90365600585938,140.29299564369938,139.09252625953368,139.6765423172845,2873110
2023-01-04,136.95115661621094,139.77388559537894,136.59425423409388,139.77388559537894,9954542
2023-01-05,135.49114990234375,137.50274950489128,134.06355329261174,137.50274950489128,21273509
2023-01-06,135.03688049316406,136.46447679923463,134.6799913181328,135.0693309645223,11510471
2023-01-09,135.685791015625,137.53516432893323,132.5386100155064,135.750678759569,52485126
2023-01-10,137.43783569335938,137.85961261887547,135.62089969889706,136.20491578297296,17248326
2023-01-11,137.53517150878906,138.24897633538404,136.33470197621693,137.69739747810917,9164361
2023-01-12,138.54095458984375,138.80051873766823,137.17825931624148,138.57340505906467,21179555
2023-01-13,138.8654327392578,139.7414503521228,138.41120529613775,138.60586854233915,6560245
2023-01-16,139.93612670898438,140.09835268170474,138.02185230969397,139.51433653951472,8362194
2023-01-17,141.7205810546875,141.91524425769464,139.44941793907387,139.9360957495625,13000571
2023-01-18,142.33706665039062,142.85619504690152,140.4228054419758,141.65572548220155,11171369
2023-01-19,143.24551391601562,143.56996581616514,141.88281857578394,141.9801567862251,11586815
2023-01-20,144.86778259277344,145.28957273008058,143.40774894962118,143.40774894962118,10112645
2023-01-23,146.06826782226562,148.14476826002868,145.06247468074105,145.35447616009054,14393610
2023-01-24,143.37530517578125,147.0416146913969,143.0833037143004,146.81450097669145,6150893
2023-01-25,142.3695068359375,143.56997631387168,141.33126331993992,143.21307391681816,5790331
2023-01-27,142.27218627929688,143.69976964075838,140.8121524406268,142.30463675650546,10458603
2023-01-30,137.47027587890625,142.0126027594119,136.6267088080018,141.46103713574698,24288177
2023-01-31,140.5850372314453,142.8886382315483,137.66496958473533,137.9569710686127,20997546
2023-02-01,140.52015686035156,146.00339000415826,138.60588227021728,146.00339000415826,20246369
2023-02-02,138.02183532714844,140.87701473611529,137.1458178226425,140.16322318436903,12820663
2023-02-03,139.4169921875,139.61166862700094,136.52937528079426,138.34629817421057,10815686
2023-02-06,140.8446044921875,141.03926775166227,138.2489887499826,138.50853976261558,6948201
2023-02-07,140.71481323242188,141.59083088913505,139.5792313657978,141.46105538517168,10035526
2023-02-08,140.81443786621094,141.64471167438435,139.78489293864746,141.37902135305464,12432719
2023-02-09,141.3790283203125,142.10966660479727,140.81444480564573,140.81444480564573,7011082
2023-02-10,142.20932006835938,142.44179407265017,140.7148269518955,140.74804331546852,10892159
2023-02-13,143.4713134765625,143.80342299849897,142.14287538881655,142.20929459048963,7710133
2023-02-14,142.8070831298828,144.16873746747945,141.31259039945382,144.16873746747945,6010681
2023-02-15,142.47500610351562,142.939954097958,141.47867738950504,141.64473217517346,8107497
2023-02-16,142.54139709472656,144.06910622584957,142.14286839073765,144.06910622584957,3963115
2023-02-17,142.01002502441406,143.40488219634867,141.47864442864378,142.14286341657169,6491149
2023-02-20,143.3384552001953,144.1355125369072,142.2756940664872,143.2056033016972,6841917
2023-02-21,144.2683563232422,145.29790114247962,143.5045153109489,144.5008437759259,6701434
2023-02-22,142.57460021972656,144.3347831386998,141.47863625028518,143.47129309888075,9128659
2023-02-23,141.6446990966797,143.40488211642156,141.2129540520532,142.80708232490565,10345874
2023-02-24,142.84030151367188,143.0727754612154,141.08011845900785,141.08011845900785,9808830
2023-02-27,145.5968017578125,146.09496601589842,142.5081941685362,143.7701994781642,17763618
2023-02-28,147.6226806640625,148.12084494076913,145.2979140394316,146.52671655259377,36559278
2023-03-01,145.3975372314453,147.62266810877364,144.40120876276967,147.15772022881956,12896085
2023-03-02,146.36065673828125,146.79240179922834,143.33846833879232,144.79974476122976,79708558
2023-03-03,147.52304077148438,149.74817177268096,146.3938738495549,146.3938738495549,9951869
2023-03-06,150.87738037109375,151.9733446549346,148.12086823706164,148.78508737713815,15659957
2023-03-08,151.4751434326172,151.6744010179994,149.9142180224898,150.74449174550662,11591495
2023-03-09,149.98068237304688,153.0692904634263,149.78141123205413,152.10617814696408,13941653
2023-03-10,150.4788360595703,151.54158387129706,147.62268864658128,147.62268864658128,9605434
2023-03-13,150.17990112304688,152.8035740702496,149.71495326585605,151.475136177054,13209653
2023-03-14,149.58212280273438,151.27588676469392,148.78506535803047,149.54891995878813,9583405
2023-03-15,151.64122009277344,152.80360347298742,149.91423968845532,150.51203955813685,12228069
2023-03-16,154.1984405517578,154.69660479206271,151.6744029954517,152.40504117851825,18437817
2023-03-17,152.5711212158203,155.4272687391045,151.6412252906321,155.39405237881687,33711025
2023-03-20,151.10984802246094,152.37186703833004,149.6485713810793,149.6485713810793,9281411
2023-03-21,148.22047424316406,151.24266261948995,147.75551282971912,150.94376947150914,11272787
2023-03-22,148.85145568847656,149.24998433353048,146.6595413838959,148.1208175869497,7589846
2023-03-23,147.55625915527344,149.11717116182564,146.95845932986157,148.78506164921578,17091298
2023-03-24,147.72230529785156,148.95110772014212,146.65955762218326,148.12083398703095,10371666
2023-03-27,146.1946258544922,150.27957615205824,145.829313446023,148.05444479904062,19983733
2023-03-28,147.52304077148438,148.18725978757712,145.26469341405493,146.95845731051963,8689166
2023-03-29,147.7555389404297,148.5858128466213,146.4935334138766,147.52306494941058,19743258
2023-03-31,149.91421508789062,150.6116504070002,148.12082928670804,148.78504825211928,10202058
2023-04-03,149.18359375,151.01019611084132,148.68542946977053,151.01019611084132,7643214
2023-04-05,149.8810272216797,150.51202989643315,148.58579200158516,150.51202989643315,12019382
2023-04-06,149.61532592773438,151.043399443965,149.21679724062975,150.91054753921694,4282875
2023-04-10,152.13937377929688,152.37184773639873,149.44928131028348,149.58211971046433,4145643
2023-04-11,153.6670379638672,154.09878294638747,151.74080047432375,152.03970708386916,5106602
2023-04-12,150.97698974609375,153.79992060156155,150.81093498988977,153.700285045125,9118795
2023-04-13,153.5674285888672,153.86633524933387,150.77771417259962,150.9769852795774,11428621
2023-04-17,157.18743896484375,159.34615085097062,154.2980888353574,154.49734643978033,21815047
2023-04-18,152.96966552734375,157.75203768543105,152.53792040570076,157.35350892451916,13482833
2023-04-19,152.73716735839844,153.7002931030168,151.87369068901148,152.1061646571706,8264190
2023-04-20,153.36817932128906,154.69661740373664,152.5379055197593,153.33496296379948,7308750
2023-04-21,153.7999267578125,154.33129389079224,152.50469149943376,153.96598152066326,5030650
2023-04-24,154.0655975341797,154.29808500392332,152.73715948339625,153.43459486548582,5725067
2023-04-25,154.6966094970703,155.36082850434536,153.20211673070148,153.63386178814432,8338703
2023-04-26,158.2834014892578,159.08045892604767,154.09881616218397,155.46047058973505,13581018
2023-04-27,156.72247314453125,158.28339866016591,155.09514194285038,158.08412754774469,9794457
2023-04-28,157.58595275878906,158.05090063863474,154.82944129338188,157.38668165967252,10585487
2023-05-02,159.47898864746094,160.17642404421662,158.25018612736037,158.5490792896437,6732907
2023-05-03,159.21328735351562,160.7409964441567,158.61550107015785,159.4125584570149,4789217
2023-05-04,158.6487274169922,159.87753003444297,156.05827025555115,159.18010809600594,9189783
2023-05-05,160.11000061035156,160.4088937647334,158.21696558736468,158.61550781130126,3896441
2023-05-08,162.567626953125,163.5639556167805,160.1432245021821,160.64138883400986,8758321
2023-05-09,161.67091369628906,163.99568028822625,161.20595226975922,162.10265876607727,9166941
2023-05-10,164.4938507080078,164.69310831519556,162.4679771967197,162.833303080254,9689409
2023-05-11,165.0916290283203,165.52336054438038,163.79639393943177,164.527032097652,12616726
2023-05-12,160.574951171875,165.7890678763965,160.17642245492783,165.29090360181985,13853807
2023-05-15,161.57127380371094,163.16540212668772,160.97347399339836,161.67090935769141,12187763
2023-05-16,159.81109619140625,162.43476947258188,159.4125674754318,161.77055044143424,11418509
2023-05-17,158.61550903320312,160.67458531393163,157.71880253600864,160.01036628701465,11560929
2023-05-18,156.52322387695312,160.07679313809277,155.82578845992708,160.07679313809277,14497723
2023-05-19,155.22796630859375,157.7520037744121,154.09879947647835,156.5232013950937,10071694
2023-05-22,155.65972900390625,158.74835023632295,154.53056204363693,155.89220296471805,12566129
2023-05-23,155.49368286132812,157.12102770433617,154.9955185547368,155.46048001569838,12458561
2023-05-24,156.62286376953125,157.98450476930344,155.991847538208,157.95130192359488,8877971
2023-05-25,158.05091857910156,159.6118441677003,156.95496795026756,157.884863815512,12502747
2023-05-26,157.6191864013672,158.01771512974256,155.95863877182717,157.98449877172325,6811801
2023-05-29,155.7593536376953,158.31659405440615,155.49366333815794,158.2169585028834,13638297
2023-05-30,156.1579132080078,156.68929391215477,155.22800373253696,156.68929391215477,9469926
2023-05-31,155.32763671875,156.22432981769887,152.77039583894305,156.0914914006592,48104157
2023-06-01,154.7630157470703,155.49365389123108,152.8035752449707,154.72979939405744,8804790
2023-06-02,155.8257598876953,156.1578693561318,154.8294314823858,155.42723122828528,6617781
2023-06-05,156.49002075195312,158.08414933026697,155.95865356823018,157.05460429684672,27428302
2023-06-06,156.2907257080078,157.41989252746063,155.72612878471216,157.0545666963363,6898603
2023-06-07,158.88119506835938,159.44579208491356,156.85533502664836,157.2206474045447,11153571
2023-06-08,160.50852966308594,163.0325538431679,158.91440130465116,158.91440130465116,19300834
2023-06-09,162.66726684570312,163.06579561904326,160.60819025546843,161.77057372729462,11037141
2023-06-12,160.50852966308594,163.69677286638483,160.20962299449596,162.73366068814855,8188909
2023-06-13,160.90704345703125,161.70410080557022,160.37566288229235,160.7409887166215,6443218
2023-06-14,163.72999572753906,164.19494365683383,160.8074292065645,160.8074292065645,10297426
2023-06-15,163.69677734375,164.02888686444217,161.9366076949382,164.02888686444217,9732749
2023-06-16,163.69677734375,164.29457718371012,162.40155561847885,163.66357449982337,9702361
2023-06-19,161.4716339111328,164.9255807703731,161.00668602314371,163.69676482691486,10431647
2023-06-20,165.22447204589844,165.85547467441464,161.903377130403,161.96979632599894,13426365
2023-06-21,171.5013427734375,172.06593974212504,165.22447854180027,165.25769489768905,31172093
2023-06-22,168.41275024414062,171.36851969389744,167.84815322498955,171.36851969389744,7430965
2023-06-23,166.12118530273438,169.14338745116493,165.75587292545944,168.4459520281205,5593393
2023-06-26,165.05845642089844,166.22083991682027,164.1617632839019,166.05478513168856,7305362
2023-06-27,165.75584411621094,166.08795359068657,164.49382541048973,164.79271853209016,11142907
2023-06-28,166.15438842773438,167.71530040202927,163.69676997706736,166.58613348791903,17808717
2023-06-30,169.47549438476562,172.49768297328495,166.85182101248765,170.37218740523682,17659979
2023-07-03,166.38685607910156,169.34262516290318,165.72263709275785,169.0769483792216,12467239
2023-07-04,165.78904724121094,167.71528489920271,165.52335695845875,167.71528489920271,8637967
2023-07-05,168.21347045898438,168.67841837762825,165.72264908002606,165.8554874814755,5340907
2023-07-06,174.49034118652344,175.08814104162735,168.9773311115174,172.663738776444,16705046
2023-07-07,169.67474365234375,174.39070951628372,169.17657938617296,174.39070951628372,13149183
2023-07-10,166.0547637939453,170.30576844978455,165.05843521118163,169.6747522392248,15319047
2023-07-11,168.3795166015625,169.64153540503776,166.08796645560835,167.38318810096155,7486045
2023-07-12,167.4164276123047,169.20981375600726,166.81862772654648,168.7116494368041,9390877
2023-07-13,161.4716339111328,167.5160240228409,160.54172462158465,167.21713088250075,30591450
2023-07-14,159.44577026367188,162.33512010056788,157.22062588782921,161.40521083338177,72085831
2023-07-17,160.0767822265625,162.70044192401784,158.88118259703552,161.07311074664483,11474161
2023-07-18,160.17640686035156,161.87015712086827,159.1468620543667,160.07677131242247,14940593
2023-07-19,161.57127380371094,163.53071447318908,159.7778878863435,160.07678103471463,22954874
2023-07-20,162.23548889160156,163.2982365767138,160.9402672618663,162.03621778845613,10249082
2023-07-21,162.13587951660156,163.59716964392754,160.87386052459297,161.57129598463177,18466409
2023-07-24,164.36099243164062,164.82595385756824,161.30558761748057,162.1026585561119,14825562
2023-07-25,166.818603515625,167.05107746146572,164.82594652801308,165.35731361656755,10500017
2023-07-26,166.718994140625,169.80761565909205,166.05477504046314,168.6452322338088,12898171
2023-07-27,166.5196990966797,168.31309851776834,165.8554800918847,167.3831892083413,10836773
2023-07-28,171.5013427734375,173.46079695875883,166.1211715015241,167.25035192532886,17518458
2023-07-31,176.71548461914062,177.34648731464438,172.13237044649736,174.0253920465799,24269734
2023-08-01,167.2503662109375,174.0253952781705,166.3868760197775,174.0253952781705,31395702
2023-08-02,165.0916290283203,168.57877859186962,163.79639393943177,167.98097882111873,20825405
2023-08-03,165.19126892089844,166.45328779257127,163.46430212924813,165.390540037215,10882019
2023-08-04,164.29458618164062,165.42376672197855,163.79642187331936,164.72633128490008,7406390
2023-08-07,164.6930694580078,165.35728835239553,163.39784801937896,165.2576663290918,6345966
2023-08-08,163.54188537597656,166.08135564578987,162.9662748703205,166.08135564578987,15171726
2023-08-09,162.7631072998047,164.8962650237864,162.35679482321476,164.55766899704352,18442141
2023-08-10,163.7450408935547,164.32065137244183,162.55995482275458,162.89855084298318,9962450
2023-08-11,165.4380340576172,166.75855312977345,164.42224591672516,166.25065905932743,23866073
2023-08-14,165.57345581054688,166.11521496019378,163.0339856294035,165.81047027195208,9188486
2023-08-16,167.9774932861328,168.38380576008134,164.59153304071597,165.6411724502907,9191471
2023-08-17,165.03170776367188,168.48539846438538,164.01591962287577,167.97750439398735,15301142
2023-08-18,163.20327758789062,164.99783920483563,162.59380201152157,164.99783920483563,12292241
2023-08-21,167.40188598632812,167.74048204518195,163.67732933893603,164.08365563156775,9129526
2023-08-22,167.80821228027344,169.3996110013971,167.06328992878207,167.94364519281245,11107830
2023-08-23,169.0271453857422,169.29802498121384,167.40188159042083,169.29802498121384,8487619
2023-08-24,166.79241943359375,171.09258650516654,166.4538233842178,169.29802468797234,18982087
2023-08-25,163.88047790527344,167.53731777105793,163.4741654262991,166.69082769923318,12851343
2023-08-28,168.28224182128906,168.62083788129166,164.25295421826178,164.55768516126054,11908665
2023-08-29,170.0767822265625,171.3295847349331,168.3499370275198,169.0271290620452,12363321
2023-08-30,167.33416748046875,170.3815319728276,166.89398985384852,170.1783826065089,6748007
2023-08-31,165.60733032226562,169.02714209377692,164.93013823552974,167.84205594198912,20715819
2023-09-01,170.78782653808594,171.05870610889127,166.04748227026826,167.26643345013858,13120723
2023-09-04,172.95484924316406,173.69975772938707,169.8397686241814,171.73589806388475,10240031
2023-09-05,172.20997619628906,174.0383895639727,171.32962085480577,172.88716837358078,10893186
2023-09-06,172.34539794921875,174.20767631605705,170.75399919124058,173.83521513168571,10018473
2023-09-07,174.03836059570312,174.5123895299023,170.7539818380173,172.00678440197896,13760453
2023-09-08,175.15574645996094,176.95030835258558,174.10609315177226,174.88486685357265,16781751
2023-09-11,179.1173095703125,179.45590561864958,174.44468134775917,176.3069596136131,17683806
2023-09-12,172.7291259765625,184.4219729111432,172.1422179186637,183.29331946615457,29826173
2023-09-13,174.44467163085938,175.70877174074343,172.72912392584752,174.44467163085938,10692151
2023-09-14,176.20538330078125,176.65684471203357,174.89614796365126,175.34760937490358,10941807
2023-09-15,175.25732421875,177.15345386716623,173.54176260064907,177.10830497083302,20516593
2023-09-18,180.67483520507812,181.0359987689261,175.25729908231725,176.29565466151035,25627043
2023-09-20,184.78314208984375,185.9569444636259,179.1850235889308,179.41075428475395,33369524
2023-09-21,182.02923583984375,185.5957780238209,180.94571749445132,185.09916774510071,20332556
2023-09-22,179.8170623779297,183.20302273235347,177.33402478468557,181.08116251008602,21193988
2023-09-25,179.59133911132812,181.1714540087091,177.60491171012228,180.5845597006853,11951847
2023-09-26,179.09474182128906,180.62970781661915,178.41754972533386,179.77193391724427,7440011
2023-09-27,179.99766540527344,180.2233961049151,178.14667091271002,179.9525165098434,6736870
2023-09-28,181.26173400878906,184.60254527985063,178.59811477013895,180.6748397583687,50185120
2023-09-29,180.3588409423828,182.3001195766913,179.77194659550148,181.44234561682265,16293959
2023-10-03,180.17825317382812,180.58456569113136,177.78549941191525,179.4559121555618,10830728
2023-10-04,179.681640625,180.0428042408809,176.4311129720367,179.59134283227536,14120040
2023-10-05,177.51461791992188,180.13308838036264,176.3859644839547,180.13308838036264,14575590
2023-10-06,177.9209442138672,178.28210783041172,175.9345167678546,177.8757953174219,12857229
2023-10-09,177.19857788085938,177.78547211825185,174.94127115626245,177.42430855331907,7853369
2023-10-10,178.73355102539062,179.2753101725064,176.7019748899675,177.19858514523906,7440527
2023-10-11,179.2301483154297,179.81704253442726,178.19179276566277,178.19179276566277,10031916
2023-10-12,181.26173400878906,182.39038739614142,178.19180230619352,178.19180230619352,21872719
2023-10-13,182.20980834960938,182.7515537171806,179.95250154096087,180.99085716193622,13105921
2023-10-16,183.33847045898438,184.06081142755068,180.67485105380993,180.85543285157448,18336656
2023-10-17,187.04043579101562,188.71084833271482,182.9321484402279,183.78992226805698,19378328
2023-10-18,186.45355224609375,188.21424889436878,184.19624531817493,188.21424889436878,14923328
2023-10-19,185.82151794433594,187.2661861807565,182.5709903017493,184.19625412304262,13192888
2023-10-20,183.1578826904297,185.27974285563158,181.39717233147573,185.27974285563158,22081120
2023-10-23,180.3588409423828,185.2346188661168,179.68164879866924,182.39041737352355,6988219
2023-10-25,180.1331024169922,180.99087633966658,178.5981363799682,179.68164100742578,16817158
2023-10-26,179.63648986816406,180.58456157191836,177.2437499383396,179.45590806209387,11070090
2023-10-27,181.44232177734375,182.20981161705004,179.81705809047062,179.90735587543875,9995487
2023-10-30,181.35203552246094,182.57097293937926,178.46267176937872,181.4423195288026,7679981
2023-10-31,182.5258331298828,183.24817410409682,181.08116495896292,181.93893883818225,7474770
2023-11-01,181.44232177734375,182.70642187935957,181.03600930000238,182.70642187935957,5598615
2023-11-02,183.3836212158203,183.88021772034085,181.39718008770546,182.16466995788693,12924797
2023-11-03,184.5574188232422,186.45356225548798,183.38363017971835,183.65449600360301,8684015
2023-11-06,187.98854064941406,188.66573280865367,185.0540412927091,185.09919019216034,9804415
2023-11-07,187.8079376220703,188.8011581878057,185.77636137375464,187.9885194219745,10730361
2023-11-08,186.905029296875,189.2526342096752,186.58900078947562,188.7108749905646,7435543
2023-11-09,189.4332275390625,190.06527081477353,186.09241555815282,187.1759202847303,13777877
2023-11-10,190.65213012695312,192.32254269895648,189.2526109086616,190.06523585976686,12066023
2023-11-13,191.69052124023438,194.21870794183724,190.24583918860156,191.41964163336456,11352269
2023-11-15,189.7492218017578,194.12840291336505,189.4332070867761,194.12840291336505,19182861
2023-11-16,190.71566772460938,192.23440615334738,189.33500408657673,190.25544651193184,27533260
2023-11-17,192.8327178955078,193.9372461675644,190.43956160201938,191.17591846500343,16705395
2023-11-20,192.64862060546875,194.39745576065033,192.23442428396135,193.3849774241698,11156900
2023-11-21,192.3264617919922,193.43099000729424,191.40601927176746,193.29292924719584,9608081
2023-11-22,194.76564025878906,195.68608276654356,191.6361273055209,191.6361273055209,13079580
2023-11-23,194.12132263183594,196.1463074198616,192.602598085655,195.1798399610018,11382709
2023-11-24,193.70712280273438,195.22586136629346,192.8327052299908,194.48950455167432,7250200
2023-11-28,193.47702026367188,197.38890108221955,192.83271329076118,197.38890108221955,15629209
2023-11-29,194.25938415527344,194.627555521648,192.46452416573203,193.5690523096931,10062023
2023-11-30,192.3264617919922,195.87017111279275,191.68215483680254,193.66110063735042,60354322
2023-12-01,193.47702026367188,195.5480159911383,192.7866883545164,194.67359838184242,20719909
2023-12-04,195.96221923828125,197.06676156775268,194.85769095364898,194.85769095364898,27914088
2023-12-05,204.6143798828125,205.4887974886903,194.71962255692932,196.69856840417052,40709207
2023-12-06,206.54730224609375,208.25012657859452,204.79846702204324,208.0200159414911,29544730
2023-12-07,211.70176696777344,213.91082326602393,206.4092227935791,207.09955464238706,24534268
2023-12-08,210.4131622314453,214.83127501895567,208.43420241906983,213.3585754380649,22206320
2023-12-11,212.57620239257812,214.37106254157973,208.52626082330073,209.86089970102816,19106395
2023-12-12,212.94436645507812,214.73922642386054,211.2415423044062,211.70176352947027,14355329
2023-12-13,218.09886169433594,218.60510791109783,212.25405986761623,212.62223127353096,26878281
2023-12-14,213.6347198486328,218.69715383514222,212.7142773056311,218.37499332715618,29972018
2023-12-15,218.467041015625,219.1573729159758,209.07851593498305,216.30399544325704,41341690
2023-12-18,213.4046173095703,218.05284109221424,213.0364318514973,218.05284109221424,29051897
2023-12-19,214.9693603515625,215.75172809212322,212.48416827564475,213.68073235471866,12612164
2023-12-20,209.07850646972656,216.67215702981113,208.20408891116924,216.25796071731955,20400245
2023-12-21,213.86483764648438,214.64720540733333,204.9825583821568,206.5933328863529,17755207
2023-12-22,213.31256103515625,215.5676424744566,212.16200784726436,214.46311422304814,9735375
2023-12-26,214.78526306152344,217.040344378276,212.66824250187983,213.54266006819145,6772092
2023-12-27,215.4295654296875,217.08636470401413,214.00287677554962,216.30398297743727,10231881
2023-12-28,220.0778045654297,220.86017225356414,215.475592124035,216.39603461231394,39164340
2023-12-29,218.3289794921875,219.295447020448,216.0738979561392,218.8812506640047,12665999
2024-01-01,219.29542541503906,220.44597853893748,217.5926011737342,218.97326492241234,5952776
2024-01-02,218.92724609375,220.9982416416608,217.36248266612523,220.906191777152,9128513
2024-01-03,218.19090270996094,219.7096272537495,215.93582133939924,217.22443525262355,8284439
2024-01-04,222.2408447265625,223.75958331885636,218.19090323678884,219.06532082607654,19663959
2024-01-05,222.0567626953125,225.50842221907385,220.26190255192432,222.74709460006477,16345257
2024-01-08,223.06922912597656,225.73850656219207,221.27435514679908,223.1152400117303,13585746
2024-01-09,223.02322387695312,225.18625535723046,222.28686705703055,223.29935944002887,8688409
2024-01-10,220.12379455566406,222.83911087416803,219.0652914125715,221.82661861525096,16872195
2024-01-11,222.70106506347656,223.75958238913262,220.16984813167568,221.13631558733093,18812468
2024-01-12,220.4459686279297,223.34535675186524,219.8016617164815,223.20729600113967,11296498
2024-01-15,221.9646759033203,222.28683635655415,218.14484561699103,221.27434411339314,12597366
2024-01-16,220.03175354003906,223.11522708322354,218.78915071027888,222.4248952988759,7478450
2024-01-17,220.16983032226562,222.01071521466724,218.7891666529644,219.52552341889248,13620300
2024-01-18,214.87728881835938,216.94828434700142,208.06602025320493,209.17054839284654,25522629
2024-01-19,216.67214965820312,218.09883828143575,213.91082227575447,216.30397829181157,20931080
2024-01-23,219.019287109375,227.16520874234408,217.45453768946598,221.82663950544466,27492163
2024-01-24,226.61293029785156,227.34928707304752,216.30397757962012,217.36248078813864,28309825
2024-01-25,225.9686279296875,228.9140410448544,223.75957160452174,225.2782960724685,20651484
2024-01-29,233.74635314941406,234.71282051343678,225.64645692664965,225.92259246563285,26181011
2024-01-30,233.8844451904297,236.507711936982,231.49128906919466,233.79239532236758,16031367
2024-01-31,238.6707305908203,239.31505158094717,232.31968291679965,233.79239654446377,34369455
2024-02-01,244.65362548828125,249.3939272268763,237.7503061676223,238.3946272067551,29929092
2024-02-02,255.05459594726562,259.0124870514041,242.950783944014,243.45701603070393,33900724
2024-02-05,260.3931884765625,266.37606497572915,253.0296481698959,255.42280438749796,27440927
2024-02-06,252.4313507080078,260.393172559988,250.63647663209895,260.393172559988,29668277
2024-02-07,246.63258361816406,252.56942099785624,245.57405225207833,250.4524144450376,27335466
2024-02-08,254.2261962890625,265.1334160073332,249.2557849712449,249.2557849712449,69776717
2024-02-09,251.28077697753906,257.2176417354051,247.69105721008026,256.435260071936,24496638
2024-02-12,248.79559326171875,254.04212667900316,245.067812421321,251.46489894856467,19140023
2024-02-13,248.74957275390625,249.30184384326517,243.22691803966597,248.79558364065517,22031847
2024-02-14,251.87908935546875,253.1216923723227,245.75815223058243,248.05925852487627,13546941
2024-02-15,263.5769958496094,265.1679211829919,253.93794064424642,254.54622554489833,25475670
2024-02-16,256.9325866699219,264.74678722455343,255.76279702280092,263.90454439048983,25129188
2024-02-19,258.6170959472656,260.4419506262549,255.7627921273332,257.4473063225352,11429901
2024-02-20,269.4259338378906,270.22139647444055,259.88046787724045,260.48875275484346,43053543
2024-02-21,262.12646484375,270.8764969493412,261.33100218700224,269.09839387214606,24651085
2024-02-22,264.4660339355469,265.3082767212113,255.71600216603525,262.12645477574785,26793590
2024-02-23,263.8577880859375,266.8992414434554,261.09707284538547,264.41926431986934,14313526
2024-02-26,269.33233642578125,272.79492494138776,263.9513044586698,264.7935757879309,31012494
2024-02-27,273.73077392578125,274.57301674907404,265.86979330951965,265.86979330951965,36510093
2024-02-28,261.6117248535156,274.8069567557171,260.5355241739681,272.7949244314648,18824161
2024-02-29,264.70001220703125,266.7120447273211,256.7922226150729,261.6585590654039,35043015
2024-03-01,269.23876953125,270.8296661557682,266.33768578625074,266.7120127238247,15149735
2024-03-04,275.7427673339844,277.94197724288665,269.5194930840113,269.5194930840113,23131460
2024-03-05,276.0703430175781,276.4914786933653,271.15722674353646,273.3096281636759,13220556
2024-03-06,274.8537902832031,275.9767712226256,268.1157904093969,271.67193955654477,15969436
2024-03-07,273.87115478515625,279.7201031982995,272.3270381159501,275.13453335425885,14908694
2024-03-11,267.2267150878906,273.21606046966036,266.1505144068685,269.89384099081695,19020659
2024-03-12,266.8523864746094,270.12779721510617,264.60639625013175,266.6184285645739,17906155
2024-03-13,247.34030151367188,265.68260814711294,245.00072231449104,265.12110342744626,39389523
2024-03-14,249.2587890625,251.17723270116736,243.97134545605653,247.1063589300761,26005940
2024-03-15,248.8844451904297,254.5462153959138,241.1170251585676,250.89647757820327,43817794
2024-03-18,247.90179443359375,249.53949979506808,242.84830931576457,248.88443478606737,12423655
2024-03-19,242.38040161132812,249.39913910972564,241.72530802108463,245.32826564879187,20031514
2024-03-20,247.66783142089844,248.13574722881978,242.33360834618392,243.26943996202658,11308487
2024-03-21,256.1839294433594,256.88580322265625,249.96065431212384,250.61571937054396,23559105
2024-03-22,258.05560302734375,260.39518238389263,253.93794907168135,256.1839395421046,22097588
2024-03-26,252.7213134765625,256.5114486119516,249.0247957728392,252.76812219239542,28477120
2024-03-27,252.9084930419922,255.29485222791337,251.92588127351036,253.61036675071188,18094214
2024-03-28,259.1317443847656,261.56491206936624,254.21862886289023,254.54617560954426,26646830
2024-04-01,262.1732482910156,263.53021569655294,259.8336690120322,262.7347530298351,8945400
2024-04-02,261.6117248535156,263.6237857370833,260.62911305030167,261.3309867838303,13229425
2024-04-03,262.12646484375,264.9339599433418,260.6759085733707,262.1732450050164,14499308
2024-04-04,259.83367919921875,268.30297365678103,257.4005109418164,264.65320699101824,23722104
2024-04-05,260.5355224609375,261.9860786362818,257.4940696356444,261.9860786362818,9308711
2024-04-08,263.67059326171875,265.9633924529393,261.14383613503975,262.54758374779067,14473340
2024-04-09,263.1558837890625,266.1037479134396,262.96870602652683,264.7000003723727,5780865
2024-04-10,264.41925048828125,267.03959653328184,262.0328909409394,262.0328909409394,8809693
2024-04-12,257.5876770019531,266.1973401183883,257.02617226665217,263.4366251627604,17731780
2024-04-15,256.46466064453125,258.47672160527304,251.17721736100808,252.9085116819802,13378690
2024-04-16,256.6518249511719,257.86839464845417,253.84433005653736,255.4820354117408,9662195
2024-04-18,262.12646484375,271.2976040786897,259.88047447594,269.42594067896187,51039603
2024-04-19,263.5769958496094,264.1385005884101,257.07298258984304,260.25480469729075,18755469
2024-04-22,265.44866943359375,266.431309903938,263.6238146617861,265.7762162570418,14965203
2024-04-23,267.0395812988281,268.72406693505064,262.68796960582245,265.4486559851492,11464036
2024-04-24,271.7655334472656,273.1225009032958,266.1505429687712,266.7120477284843,19324163
2024-04-25,274.47943115234375,275.6024406363888,270.68932412249734,273.26286134405956,22022414
2024-04-26,273.496826171875,277.14656424810477,272.7481722031729,275.36848965294854,15581578
2024-04-29,274.8537902832031,275.69603312759943,271.01687448171117,273.5436030149001,9804396
2024-04-30,282.4808044433594,284.82038369407576,274.2454683452475,274.8537817978874,33288857
2024-05-02,293.476806640625,296.89258639875555,282.48078492215257,282.57437379757704,44059506
2024-05-03,290.90325927734375,295.81637518925874,288.4700913995802,291.9794599080909,27074447
2024-05-06,287.15997314453125,290.8564913563709,283.6506041438061,290.2950151637093,16855909
2024-05-07,276.3042907714844,288.5168822082761,275.6024170438684,287.30031250413447,13857464
2024-05-08,282.6211242675781,283.4165867861539,273.2628088944795,273.2628088944795,18754452
2024-05-09,277.14654541015625,284.82037658468664,276.30430261278497,283.3230401897397,11196567
2024-05-10,284.25885009765625,284.91394364506374,277.24011305820795,277.24011305820795,11786977
2024-05-13,286.87921142578125,287.9086320622395,278.5035344021713,284.68002966160225,11710605
2024-05-14,289.40594482421875,292.91531359734995,288.0021973149663,288.236155233175,9957875
2024-05-15,294.6465759277344,296.003514570495,289.03158650008555,290.10778709518894,11397656
2024-05-16,292.4473876953125,295.34847149311304,285.7093884590864,294.3190509765625,19843532
2024-05-17,293.0556945800781,295.72282066822146,290.80970418560065,294.693400074285,9069551
2024-05-21,304.7535705566406,306.4380846591677,291.0436426209263,291.0436426209263,21976662
2024-05-22,304.84716796875,306.7188313177523,299.6533135989951,306.7188313177523,10287081
2024-05-23,299.37255859375,300.12124109803216,289.1719986571884,298.9514514594513,35705284
2024-05-24,298.3431396484375,302.22686411743945,297.03298095785107,297.59448569933596,15058182
2024-05-27,297.54766845703125,300.8698592112212,294.31903801533144,300.8698592112212,12857918
2024-05-28,292.7281494140625,298.9982333365529,291.9794954648028,298.53031747843625,10935739
2024-05-29,297.3137512207031,298.24958294810943,289.2655926531455,289.2655926531455,16812268
2024-05-30,287.01959228515625,297.26693220999215,284.30565752215614,294.41265696391986,22768893
2024-05-31,290.1078186035156,291.51156611288746,286.08375383370947,288.75085125406304,36929443
2024-06-03,315.9835510253906,326.3245078972354,304.7067910625215,313.50360286385313,55218939
2024-06-04,276.9593811035156,313.4568145129152,261.7988973405007,313.4568145129152,73262478
2024-06-05,279.6264953613281,281.73211664736016,261.28421722823555,277.2869161546258,45312613
2024-06-06,281.170654296875,291.46480331203435,278.9714440226819,283.9313407608043,36508044
2024-06-07,289.4995422363281,290.71611202314534,277.75483726048566,278.9246268860088,38016104
2024-06-10,295.5356140136719,302.60115987646884,291.60513834737,292.91529690280396,25478964
2024-06-11,296.2375183105469,299.18541106374397,294.9273596198579,295.91000005736277,12238518
2024-06-12,303.8177490234375,306.11054806183057,296.56505350765565,299.3725485460228,20346144
2024-06-13,300.8230895996094,306.9059952090144,300.0744071582475,306.0169437346831,11756503
2024-06-14,300.8699035644531,305.0811463826181,298.85787104097125,305.0811463826181,14159988
2024-06-18,310.5089416503906,311.1640352535985,301.3378025613796,301.3378025613796,21653702
2024-06-19,306.2976989746094,313.36324532959264,304.51962448556577,312.56778268574465,14235150
2024-06-20,303.7241516113281,307.23352031070095,301.61853039170444,306.4848664118943,11749507
2024-06-21,305.03436279296875,308.4501428841355,302.2736477750116,305.736236588112,17209541
2024-06-24,311.585205078125,312.5678170312919,301.85253164047333,302.3672562592005,18044357
2024-06-25,306.3912353515625,313.50356064828134,304.893899200783,313.50356064828134,13979671
2024-06-26,305.7361755371094,309.0115859270599,304.0984703421341,304.8003439971235,12946277
2024-06-27,310.2749938964844,311.1640454500687,303.5370226794719,307.46749874956646,27061015
2024-06-28,309.7135314941406,315.70284902884174,308.4501529099546,311.63197517282845,21676594
2024-07-01,308.4501647949219,310.4621974387271,304.37929078205275,309.76032359372624,11959181
2024-07-02,309.5731201171875,312.94212000543337,306.9995828991176,308.8712463304412,12684459
2024-07-03,313.64398193359375,315.28168737408174,307.98221169163327,309.853875052191,9369793
2024-07-04,313.5036315917969,316.96622043907536,312.47421097022885,315.3752950639867,12878827
2024-07-05,317.62127685546875,318.0891927107536,311.4915905749646,313.50362304082586,10894118
2024-07-08,317.62127685546875,319.11861330424364,315.23491741724314,319.11861330424364,7828162
2024-07-09,319.2589416503906,320.38195098364184,316.4046667207382,318.1827410322912,9214579
2024-07-10,323.84454345703125,325.48224890723014,313.9715305952731,320.9902682389827,10662609
2024-07-11,320.8031005859375,326.37131071578324,320.05444663741326,326.13735278695475,12642065
2024-07-12,321.0838623046875,323.70417964359524,318.2763672018648,320.80309565881504,11380570
2024-07-15,321.78570556640625,323.2362331415886,318.36992589374364,323.2362331415886,5277531
2024-07-16,320.4755859375,324.73360886634305,319.58653437422527,320.75632403152474,11363095
2024-07-18,319.3525695800781,322.5812003885706,315.32850466916955,320.054443359375,13908161
2024-07-19,310.88330078125,319.91407093422737,309.76029132251716,317.7616408982089,12937990
2024-07-22,316.87261962890625,317.62127356588127,308.35654543905974,308.82446128949834,10678640
2024-07-23,312.8017272949219,318.6506750753056,300.4955468768576,317.34051648436275,15954324
2024-07-24,315.5156555175781,317.05977212820784,309.1052025880914,309.66670732631604,12573882
2024-07-25,317.6680603027344,320.6159242446315,309.24557557770544,309.24557557770544,16271884
2024-07-26,322.11328125,323.37663119239386,316.7790291580287,318.5103235078311,11468068
2024-07-29,320.3819580078125,323.70414880593756,316.0771268817204,317.99557026216206,31849674
2024-07-30,327.3539123535156,334.0451317561641,321.27100639424725,322.8619316842441,25813219
2024-07-31,325.8565979003906,328.14936834914283,320.6159348528889,325.90337806001816,17976593
2024-08-01,337.9288330078125,339.2389916776005,327.6814644561692,328.6172961573488,26792459
2024-08-02,335.2616882324219,337.8820054257251,331.28440372443083,335.0277303201871,13771470
2024-08-05,320.8031005859375,332.0330811697064,319.58653077975623,330.11463757703956,13566586
2024-08-06,318.8846435546875,328.289740473513,317.48089604087374,320.8030870665064,12273667
2024-08-07,329.45953369140625,329.92744953448977,321.364595317924,323.65739437276005,12441847
2024-08-08,320.6627197265625,332.2202466967493,319.3525610852555,332.2202466967493,15489731
2024-08-09,323.7977600097656,326.5584748786621,322.20683473628014,325.57583448292706,8720610
2024-08-12,319.2589416503906,321.7388896553972,317.7148252366555,320.99023580610555,12521136
2024-08-13,315.3284912109375,320.4755653727706,313.6439770769298,315.3752713705005,10435954
2024-08-14,312.099853515625,316.63864270440195,311.1640218709005,315.3752642721608,12385993
2024-08-16,319.5072326660156,320.40364735948657,311.9583318530998,314.2229963376203,13013828
2024-08-19,321.1113586425781,323.94219646357095,320.16774603558054,323.3288540283768,5891370
2024-08-20,321.3000793457031,323.32884060718095,319.69592646168604,321.2529102360198,6393840
2024-08-21,317.66717529296875,321.7247267416092,317.1953689940644,320.8282832549824,10118601
2024-08-22,315.1665954589844,318.65797345433384,311.86395149459383,317.05382058149326,18370039
2024-08-23,317.2897644042969,317.95030480057665,314.55329338514616,315.77997835335293,7494822
2024-08-26,319.1769714355469,322.24371247668665,316.91230688759805,317.4784802237783,7993675
2024-08-27,316.4405212402344,322.196564406577,316.11025103949504,319.88470179817557,9589690
2024-08-28,315.59124755859375,319.79030637674106,314.93070721576225,316.4404931445404,8790600
2024-08-29,314.5060729980469,316.95947155591176,310.25981623139404,313.75119442490615,17653536
2024-08-30,318.3749084472656,321.6303836708144,315.21380024987843,316.1102438032537,22713812
2024-09-02,316.62921142578125,320.7339321897805,315.35535739279237,319.31851322266164,9789776
2024-09-03,315.77996826171875,318.89390729167116,315.16662579721645,317.05385110139144,8434423
2024-09-04,314.1286315917969,315.82715156505975,312.33577339510674,312.52450743550423,9025610
2024-09-05,312.5716857910156,315.4496928131749,311.0147307003922,313.60966545035535,13912371
2024-09-06,311.20343017578125,314.31736909602694,306.6741011240426,314.2701711870217,23755639
2024-09-09,310.0238952636719,310.63726646547246,305.30583246071376,309.22184762458505,18597200
2024-09-10,315.30816650390625,316.3933153101741,308.5613417030864,308.5613417030864,15472387
2024-09-11,314.4117431640625,318.23336283732135,313.27939647736304,317.9030926539696,10134008
2024-09-12,319.1297912597656,319.8846698173223,314.4588973941671,315.96868330605145,18410837
2024-09-13,318.23333740234375,322.00778766063695,317.14818871243847,320.63953792329755,10417461
2024-09-16,319.1769714355469,322.24371247668665,318.04462476318645,318.23335880750386,7748570
2024-09-17,317.9030456542969,320.82825016515636,315.6383814124847,317.71434043226066,11451846
2024-09-18,315.44970703125,319.7903311134579,314.31738909465685,319.4128918012602,6583254
2024-09-19,316.0158386230469,319.27131345354724,314.3173475442979,317.24255222149435,10589610
2024-09-20,321.6303405761719,323.6119326729625,315.87429831283504,319.0825751950454,31236123
2024-09-23,321.9134521484375,323.18733499463224,321.0642065165653,322.71552866617293,6542941
2024-09-24,330.31158447265625,331.2080279759151,323.04578461278606,325.1217150884182,26145769
2024-09-25,343.23907470703125,345.5981061483167,332.4818970941238,333.89731595889504,40770462
2024-09-26,344.84326171875,345.4566041948038,337.0584571924117,343.52218094352844,18733959
2024-09-27,334.2747802734375,342.8144632119609,333.4255346503048,341.77651233745024,33148043
2024-09-30,332.9537048339844,337.2943284642278,329.9813309643599,334.2747566875096,16356171
