Date,Close,High,Low,Open,Volume
,TCS.NS,TCS.NS,TCS.NS,TCS.NS,TCS.NS
2002-08-12,25.34391975402832,25.535435029701308,24.721492064030038,24.721492064030038,212976
2002-08-13,25.00080108642578,25.78282572087044,24.817266009650687,25.3758539905753,153576
2002-08-14,23.277145385742188,25.056644995734654,22.806333865967247,25.056644995734654,822776
2002-08-15,23.277145385742188,23.277145385742188,23.277145385742188,23.277145385742188,0
2002-08-16,23.221294403076172,24.258671816272013,22.822303090308537,23.157456767133233,811856
2002-08-19,22.64673614501953,23.412799621299506,22.431282390447723,23.412799621299506,205880
2002-08-20,23.277145385742188,24.72149144525907,22.65471771132307,22.806333865967247,3773624
2002-08-21,24.418264389038086,25.02473157333203,23.317049518141975,24.56190026428564,3011064
2002-08-22,25.471603393554688,26.54089949930147,25.09655062944415,25.224228321604084,6732480
2002-08-23,27.003734588623047,27.84959675357533,25.383830651268656,25.695043423069503,4841672
2002-08-26,26.907974243164062,27.610197956987594,26.692517967087717,27.434640810906895,2576912
2002-08-27,26.23764991760254,28.248565741065764,26.014215908439095,27.13139082475243,3694224
2002-08-28,26.2615909576416,26.556842868541352,25.718961677592656,26.15785182523245,1674960
2002-08-29,26.2615909576416,26.732399901696496,26.01421602374047,26.101994540318042,1236544
2002-08-30,28.12089729309082,28.807162595433468,26.333417331005663,26.34139764148907,3762384
2002-09-02,28.408174514770508,29.349792808295277,28.120900352852217,28.567771000808545,2389568
2002-09-03,27.07554817199707,28.68747397000247,26.81221489268659,28.56777658208869,986784
2002-09-04,27.666051864624023,27.929385092828188,26.42119878486529,26.732411445992692,1449856
2002-09-05,27.498483657836914,28.639597916883375,27.131411137746834,28.511920200949884,1061360
2002-09-06,26.477048873901367,27.610184591344968,26.181796916010047,27.610184591344968,907472
2002-09-09,26.133930206298828,27.251105848705496,25.216250214321924,25.216250214321924,880848
2002-09-10,26.133930206298828,26.133930206298828,26.133930206298828,26.133930206298828,0
2002-09-11,26.796247482299805,27.259078726198197,26.277558932667297,26.277558932667297,635936
2002-09-12,26.931903839111328,27.594228203869942,26.748368875936915,27.123419112695245,781968
2002-09-13,26.16584587097168,26.955848064447622,25.94241174350856,25.99029118089333,338264
2002-09-16,25.655134201049805,26.556853340393005,25.4556386007306,26.413217482262787,288592
2002-09-17,26.405227661132812,26.572804392096565,26.03017752875962,26.117953613087543,462952
2002-09-18,25.59129524230957,26.33341786251732,25.375839031153053,26.2536196265703,315432
2002-09-19,25.375844955444336,26.221706941009042,25.05665193713686,25.375844955444336,490848
2002-09-20,24.96088218688965,25.327954485130345,24.362395538208645,24.466134685129063,501072
2002-09-23,24.537967681884766,25.200292339523482,24.434230906435296,25.1364546985161,248504
2002-09-24,23.708059310913086,24.45018202264958,23.444723638660406,24.45018202264958,267912
2002-09-25,23.8915958404541,24.099071779913825,22.98189626693769,23.157453393076537,379544
2002-09-26,24.26663589477539,24.649666324678407,24.09905916847479,24.386333208526093,178136
2002-09-27,24.561893463134766,24.89704699290798,24.186843254839502,24.186843254839502,206288
2002-09-30,23.668155670166016,24.56189439125178,23.157447481652905,24.186844168784546,202232
2002-10-01,23.468666076660156,24.099071771718144,23.06169451002167,23.77987876811923,240192
2002-10-02,23.468666076660156,23.46866607666016,23.46866607666016,23.46866607666016,0
2002-10-03,24.09906768798828,25.375839486027395,23.7798747384785,23.7798747384785,673264
2002-10-04,23.947450637817383,24.490077657803877,23.70007562405192,24.418259733871672,258296
2002-10-07,23.843719482421875,24.258671414935105,23.636245951414928,24.107055205641696,110976
2002-10-08,24.490089416503906,24.721503920396575,23.779885276178124,23.91554331393418,227352
2002-10-09,23.867656707763672,24.968871567317752,23.660180773793535,24.577860635171696,277040
2002-10-10,23.8915958404541,24.577861285475027,23.38886783371458,24.577861285475027,173224
2002-10-11,24.394317626953125,24.85714634401026,24.330477587713474,24.56189194624204,192536
2002-10-14,24.218772888183594,24.89705812557918,23.98735841188681,24.849178680595426,152744
2002-10-15,24.218772888183594,24.218772888183594,24.218772888183594,24.218772888183594,0
2002-10-16,24.26663589477539,27.30694815109285,24.11501978440745,27.30694815109285,247760
2002-10-17,24.26663589477539,24.41825200514333,23.95542336607318,24.41825200514333,144512
2002-10-18,24.777353286743164,25.48755712900742,24.442199707798732,24.73745416711878,512312
2002-10-21,25.160383224487305,26.006245026174014,25.056646490188015,25.359878817562052,646296
2002-10-22,24.250688552856445,25.37584440503525,24.099072359498884,25.37584440503525,229384
2002-10-23,24.138967514038086,24.705535503070273,23.95543253679129,24.418261353043487,153320
2002-10-24,23.71603012084961,24.482091025305145,23.556433693213336,24.40229281148701,168744
2002-10-25,23.229270935058594,23.676141619665476,23.15745299750108,23.30108887261611,172296
2002-10-28,22.886140823364258,23.301092764503245,22.69462547947308,23.061697975826842,134504
2002-10-29,23.08562660217285,23.269163989438294,22.694615768366265,22.822293421409903,143024
2002-10-30,23.47664451599121,23.899574237921545,23.14149091484891,23.30108740391683,164320
2002-10-31,23.843719482421875,23.939478370001748,23.492607620045113,23.62028532506839,118928
2002-11-01,23.596345901489258,24.354429353671197,23.468668201440277,23.955438063049122,108792
2002-11-04,23.771892547607422,23.939469319896446,23.588357590254383,23.939469319896446,56560
2002-11-05,23.516542434692383,23.827755085397282,23.364923829638297,23.548461243822544,70288
2002-11-06,23.516542434692383,23.516542434692383,23.516542434692383,23.516542434692383,0
2002-11-07,24.242694854736328,25.216233976010653,23.93946263545315,23.93946263545315,204880
2002-11-08,23.819778442382812,24.091092014643152,23.636243435184486,23.779879316013663,77664
2002-11-11,23.460689544677734,23.939479127222178,23.41281009937334,23.939479127222178,66568
2002-11-12,23.58036994934082,23.93946187750337,23.301076227436614,23.301076227436614,106864
2002-11-13,23.38089370727539,23.763924438960107,23.25321598496382,23.70008679542932,106264
2002-11-14,23.7000789642334,24.19482906149216,23.388866293167045,23.747958398685732,211856
2002-11-15,24.210777282714844,24.36239340002431,23.939463846174505,24.226737899378236,154144
2002-11-18,24.458162307739258,24.729475856077066,24.15492994817039,24.418263184888133,217672
2002-11-19,24.458162307739258,24.458162307739258,24.458162307739258,24.458162307739258,0
2002-11-20,25.264129638671875,25.455644975891982,24.4182675944293,24.4182675944293,406128
2002-11-21,27.45059585571289,28.551810645592415,25.734933614730835,25.734933614730835,2664024
2002-11-22,27.027664184570312,28.839082726012272,26.42119708872342,26.42119708872342,1184016
2002-11-25,26.979780197143555,27.578266881040935,26.652606989563278,27.290992785720483,428920
2002-11-26,26.8201904296875,27.73787024028058,26.668574252378477,27.21120134019472,367496
2002-11-27,26.25362205505371,27.29099921832331,26.10200587977952,27.29099921832331,301128
2002-11-28,27.322908401489258,27.91341470700733,26.50098775890647,26.508968067477305,447680
2002-11-29,27.322908401489258,27.32290840148926,27.32290840148926,27.32290840148926,0
2002-12-02,30.251508712768555,31.28090536660981,28.392208539777503,28.647563843400313,1388680
2002-12-03,31.98313331604004,33.467381053081354,29.86050210027289,30.96171682777989,4082608
2002-12-04,30.913846969604492,32.67738909008775,30.490917144736226,31.424555371874597,2594928
2002-12-05,31.695850372314453,32.629487979542,30.722311224352598,30.722311224352598,1720264
2002-12-06,32.5257682800293,32.98859717148223,31.687886626873546,32.23849408332602,1139968
2002-12-09,30.96172523498535,33.02051939249018,30.658492817608554,32.398093931453744,975768
2002-12-10,31.671920776367188,32.23848876397194,30.179695158590167,30.403129255131955,837808
2002-12-11,33.16415023803711,34.464860623275996,32.39808661910693,32.557683104915334,3286400
2002-12-12,33.43547058105469,34.47284794991796,33.1960758036247,33.1960758036247,2568024
2002-12-13,33.57111358642578,34.265356669434595,33.37161802775971,33.83444674976559,1112288
2002-12-16,32.12677001953125,34.26536175151839,31.935254741856845,33.99404823854225,1231456
2002-12-17,31.53626251220703,32.7332360017607,31.21706958165938,32.7332360017607,855656
2002-12-18,31.24102020263672,32.38213439813505,31.0255639167945,31.887386624913635,618096
2002-12-19,33.88235092163086,34.712252564867285,31.520321294534657,31.871433247221187,3770256
2002-12-20,34.16163635253906,35.079316362941135,33.51526994511897,34.3132525628599,2952072
2002-12-23,32.94869613647461,34.32122697718759,32.71728170415362,34.313246665331846,1277744
2002-12-24,34.30525588989258,34.472832646752885,32.91676728422585,33.036464619804846,1729840
2002-12-25,34.30525588989258,34.30525588989258,34.30525588989258,34.30525588989258,0
2002-12-26,35.278785705566406,35.71767581798858,33.994034162153746,34.56858219251465,2894448
2002-12-27,34.4808235168457,35.66981692737502,34.33718520900872,35.52618105478731,956984
2002-12-30,36.483760833740234,36.85083083513471,33.682841774788834,34.472843961865046,4253744
2002-12-31,38.3749885559082,38.99741653927711,35.749625891547666,36.72316578501571,9998480
2003-01-01,38.99739074707031,39.56395615591701,38.29516495606217,38.29516495606217,6027072
2003-01-02,37.217899322509766,40.17043425594395,36.970524286983036,39.27669541291872,5325328
2003-01-03,37.67274856567383,38.97345886817151,37.34557530352902,38.303154157465656,4198040
2003-01-06,36.555580139160156,38.4228587698998,36.30820506812961,38.255281951766236,4121520
2003-01-07,36.132633209228516,37.3455671329449,35.78950183573886,37.02637425146674,2650800
2003-01-08,37.42536926269531,37.76052279735624,36.34011286525612,36.61142635580375,2648456
2003-01-09,37.792449951171875,38.39891711036557,37.31366047316357,37.664772269986486,2630400
2003-01-10,35.478302001953125,38.30315953025993,35.27880637939968,38.30315953025993,1702816
2003-01-13,35.837379455566406,36.22839022869429,34.63242590143903,35.89323674587136,2421496
2003-01-14,36.316184997558594,37.42538021408171,36.06880992913632,36.21244580873667,2239360
2003-01-15,37.0423583984375,37.42538912540778,36.40397222998705,36.611445786533466,2759760
2003-01-16,37.56901168823242,38.43083417052289,36.72315226383035,37.32163908406716,2842656
2003-01-17,36.72314453125,37.66476262271853,36.56354807945882,37.1061750414494,1284144
2003-01-20,35.550113677978516,36.691227463912846,35.28678047668563,36.54759161507106,928872
2003-01-21,34.624454498291016,36.10870219144206,34.47283833525518,35.597993962413994,1147240
2003-01-22,34.776065826416016,35.59000870360232,34.52071296502811,34.919704093992266,1081352
2003-01-23,33.499290466308594,34.77606193616692,33.052422400056834,34.31323325244261,1001872
2003-01-24,32.30231475830078,34.1376736067326,31.847466417881773,33.59504674738245,1436848
2003-01-27,30.052003860473633,31.903320716540605,29.54129584622233,30.642510078053206,916832
2003-01-28,32.15071105957031,32.39808609562614,29.5253493974918,30.730303332925743,2043224
2003-01-29,31.24102020263672,32.71728807938967,30.993645098401142,32.25445912456161,1370440
2003-01-30,31.71980094909668,32.621520102606596,31.137274761112266,31.137274761112266,1203464
2003-01-31,30.9537410736084,31.991118336533273,30.754245446122848,31.121317887746134,1083040
2003-02-03,33.31575393676758,33.49928885261935,31.04150486563494,31.16120218516824,1566808
2003-02-04,32.27041244506836,34.13769104459506,31.927280937446774,33.35566915337641,1311144
2003-02-05,31.671920776367188,32.23848876397194,31.177173152524944,31.759699326883247,845080
2003-02-06,32.310306549072266,32.49384396029102,31.36070799011107,31.71980006633372,946624
2003-02-07,31.99908447265625,33.14019798224518,31.63999250226485,32.00706478127016,1023440
2003-02-10,30.937780380249023,32.06293367999064,30.83404120120426,31.600104835788358,449688
2003-02-11,30.65848731994629,31.751721837292585,30.482930203314424,30.961719682947635,701960
2003-02-12,30.251508712768555,31.12130891065772,30.020094338687755,30.9776730744003,459064
2003-02-13,30.251508712768555,30.25150871276856,30.25150871276856,30.25150871276856,0
2003-02-14,28.719390869140625,30.546770382248454,28.44807729503172,29.134342760306776,790336
2003-02-17,30.546756744384766,30.642515579670572,29.230086153070797,29.525340532495086,795272
2003-02-18,30.363231658935547,31.280911459402716,30.21161548329949,31.025556106042636,819688
2003-02-19,30.37918472290039,30.93777228854685,30.267465261572276,30.802114334219013,455960
2003-02-20,30.283416748046875,30.47493194003635,29.25402046026164,29.62109266546934,542944
2003-02-21,29.75674819946289,30.610589910879472,29.637050899838943,30.32331590473245,494544
2003-02-24,29.940309524536133,30.47495643035836,29.684954106509274,30.47495643035836,326488
2003-02-25,29.238073348999023,30.00413690598895,28.974740142806667,28.974740142806667,264440
2003-02-26,28.727359771728516,29.97221251555311,28.503925725381123,29.541302606026875,422312
2003-02-27,29.1662654876709,29.6530353850486,28.535859689214423,28.567778507759733,280480
2003-02-28,30.674436569213867,30.961710660328475,29.397664995592077,30.251506959551058,694688
2003-03-03,30.339275360107422,31.272912800369365,29.54129339308984,29.54129339308984,500896
2003-03-04,29.581201553344727,30.004131151325197,29.365745382148067,30.004131151325197,255760
2003-03-05,29.70090675354004,30.00413910013324,28.68746810238803,29.254036109679728,471552
2003-03-06,28.894954681396484,29.940312528142528,28.72737782370819,29.940312528142528,265080
2003-03-07,28.0889835357666,29.349794890829138,27.96928616274487,29.349794890829138,518664
2003-03-10,26.18978500366211,28.24857875217886,25.774833155236646,27.98524551757178,346400
2003-03-11,26.8201904296875,27.73787024028058,25.26412466389924,25.53543820780736,497168
2003-03-12,26.421188354492188,27.562301806561543,26.301491037061915,27.562301806561543,481872
2003-03-13,26.76433753967285,27.275045947587195,26.173830866920337,26.947875009950515,390112
2003-03-14,26.76433753967285,26.76433753967285,26.76433753967285,26.76433753967285,0
2003-03-17,26.684528350830078,27.45059186671849,25.710991379496893,26.030184308179663,373856
2003-03-18,26.684528350830078,26.684528350830078,26.684528350830078,26.684528350830078,0
2003-03-19,26.6286678314209,27.610184994405873,26.373312545234512,27.37079032682432,374256
2003-03-20,27.275035858154297,27.450592949957063,26.173821184842783,26.73240883208028,537616
2003-03-21,27.275035858154297,27.275035858154297,27.275035858154297,27.275035858154297,0
2003-03-24,26.54886817932129,27.929376380606197,26.33341201600013,27.68998172591529,328920
2003-03-25,26.16584587097168,27.115444565563948,25.615238429170226,27.115444565563948,351496
2003-03-26,26.0461483001709,26.9718084867666,25.615238237432187,26.9718084867666,260264
2003-03-27,25.798765182495117,26.173817814299444,25.535432013950675,25.838664295016915,241056
2003-03-28,25.647136688232422,26.492997953309242,25.535419714033004,26.492997953309242,218000
2003-03-31,24.50603675842285,25.351898477893805,20.731579043167645,20.731579043167645,230712
2003-04-02,24.50603675842285,24.50603675842285,24.50603675842285,24.50603675842285,0
2003-04-03,24.50603675842285,24.50603675842285,24.50603675842285,24.50603675842285,0
2003-04-04,24.50603675842285,24.50603675842285,24.50603675842285,24.50603675842285,0
2003-04-07,24.50603675842285,24.50603675842285,24.50603675842285,24.50603675842285,0
2003-04-08,24.50603675842285,24.50603675842285,24.50603675842285,24.50603675842285,0
2003-04-09,24.50603675842285,24.50603675842285,24.50603675842285,24.50603675842285,0
2003-04-10,24.50603675842285,24.50603675842285,24.50603675842285,24.50603675842285,0
2003-04-11,24.50603675842285,24.50603675842285,24.50603675842285,24.50603675842285,0
2003-04-14,24.50603675842285,24.50603675842285,24.50603675842285,24.50603675842285,0
2003-04-15,24.50603675842285,24.50603675842285,24.50603675842285,24.50603675842285,0
2003-04-16,24.50603675842285,24.50603675842285,24.50603675842285,24.50603675842285,0
2003-04-17,24.50603675842285,24.50603675842285,24.50603675842285,24.50603675842285,0
2003-04-18,24.50603675842285,24.50603675842285,24.50603675842285,24.50603675842285,0
2003-04-21,24.50603675842285,24.50603675842285,24.50603675842285,24.50603675842285,0
2003-04-22,24.50603675842285,24.50603675842285,24.50603675842285,24.50603675842285,0
2003-04-23,24.50603675842285,24.50603675842285,24.50603675842285,24.50603675842285,0
2003-04-24,24.50603675842285,24.50603675842285,24.50603675842285,24.50603675842285,0
2003-04-25,24.50603675842285,24.50603675842285,24.50603675842285,24.50603675842285,0
2003-04-28,24.50603675842285,24.50603675842285,24.50603675842285,24.50603675842285,0
2003-04-29,24.50603675842285,24.50603675842285,24.50603675842285,24.50603675842285,0
2003-04-30,24.50603675842285,24.50603675842285,24.50603675842285,24.50603675842285,0
2003-05-01,24.50603675842285,24.50603675842285,24.50603675842285,24.50603675842285,0
2003-05-02,24.50603675842285,24.50603675842285,24.50603675842285,24.50603675842285,0
2003-05-05,24.50603675842285,24.50603675842285,24.50603675842285,24.50603675842285,0
2003-05-06,24.50603675842285,24.50603675842285,24.50603675842285,24.50603675842285,0
2003-05-07,24.50603675842285,24.50603675842285,24.50603675842285,24.50603675842285,0
2003-05-08,24.50603675842285,24.50603675842285,24.50603675842285,24.50603675842285,0
2003-05-09,24.50603675842285,24.50603675842285,24.50603675842285,24.50603675842285,0
2003-05-12,24.50603675842285,24.50603675842285,24.50603675842285,24.50603675842285,0
2003-05-13,24.50603675842285,24.50603675842285,24.50603675842285,24.50603675842285,0
2003-05-14,24.50603675842285,24.50603675842285,24.50603675842285,24.50603675842285,0
2003-05-15,24.50603675842285,24.50603675842285,24.50603675842285,24.50603675842285,0
2003-05-16,24.50603675842285,24.50603675842285,24.50603675842285,24.50603675842285,0
2003-05-19,24.50603675842285,24.50603675842285,24.50603675842285,24.50603675842285,0
2003-05-20,24.50603675842285,24.50603675842285,24.50603675842285,24.50603675842285,0
2003-05-21,24.50603675842285,24.50603675842285,24.50603675842285,24.50603675842285,0
2003-05-22,24.50603675842285,24.50603675842285,24.50603675842285,24.50603675842285,0
2003-05-23,24.50603675842285,24.50603675842285,24.50603675842285,24.50603675842285,0
2003-05-26,24.50603675842285,24.50603675842285,24.50603675842285,24.50603675842285,0
2003-05-27,24.50603675842285,24.50603675842285,24.50603675842285,24.50603675842285,0
2003-05-28,24.50603675842285,24.50603675842285,24.50603675842285,24.50603675842285,0
2003-05-29,24.50603675842285,24.50603675842285,24.50603675842285,24.50603675842285,0
2003-05-30,24.50603675842285,24.50603675842285,24.50603675842285,24.50603675842285,0
2003-06-02,24.50603675842285,24.50603675842285,24.50603675842285,24.50603675842285,0
2003-06-03,24.50603675842285,24.50603675842285,24.50603675842285,24.50603675842285,0
2003-06-04,24.50603675842285,24.50603675842285,24.50603675842285,24.50603675842285,0
2003-06-05,24.50603675842285,24.50603675842285,24.50603675842285,24.50603675842285,0
2003-06-06,24.50603675842285,24.50603675842285,24.50603675842285,24.50603675842285,0
2003-06-09,24.50603675842285,24.50603675842285,24.50603675842285,24.50603675842285,0
2003-06-10,24.50603675842285,24.50603675842285,24.50603675842285,24.50603675842285,0
2003-06-11,24.50603675842285,24.50603675842285,24.50603675842285,24.50603675842285,0
2003-06-12,24.50603675842285,24.50603675842285,24.50603675842285,24.50603675842285,0
2003-06-13,24.50603675842285,24.50603675842285,24.50603675842285,24.50603675842285,0
2003-06-16,24.50603675842285,24.50603675842285,24.50603675842285,24.50603675842285,0
2003-06-17,24.50603675842285,24.50603675842285,24.50603675842285,24.50603675842285,0
2003-06-18,24.50603675842285,24.50603675842285,24.50603675842285,24.50603675842285,0
2003-06-19,24.50603675842285,24.50603675842285,24.50603675842285,24.50603675842285,0
2003-06-20,24.50603675842285,24.50603675842285,24.50603675842285,24.50603675842285,0
2003-06-23,24.50603675842285,24.50603675842285,24.50603675842285,24.50603675842285,0
2003-06-24,24.50603675842285,24.50603675842285,24.50603675842285,24.50603675842285,0
2003-06-25,24.50603675842285,24.50603675842285,24.50603675842285,24.50603675842285,0
2003-06-26,24.50603675842285,24.50603675842285,24.50603675842285,24.50603675842285,0
2003-06-27,24.50603675842285,24.50603675842285,24.50603675842285,24.50603675842285,0
2003-06-30,24.50603675842285,24.50603675842285,24.50603675842285,24.50603675842285,0
2003-07-01,24.50603675842285,24.50603675842285,24.50603675842285,24.50603675842285,0
2003-07-02,24.50603675842285,24.50603675842285,24.50603675842285,24.50603675842285,0
2003-07-03,24.50603675842285,24.50603675842285,24.50603675842285,24.50603675842285,0
2003-07-04,24.50603675842285,24.50603675842285,24.50603675842285,24.50603675842285,0
2003-07-07,24.50603675842285,24.50603675842285,24.50603675842285,24.50603675842285,0
2003-07-08,24.50603675842285,24.50603675842285,24.50603675842285,24.50603675842285,0
2003-07-09,24.50603675842285,24.50603675842285,24.50603675842285,24.50603675842285,0
2003-07-10,24.50603675842285,24.50603675842285,24.50603675842285,24.50603675842285,0
2003-07-11,24.50603675842285,24.50603675842285,24.50603675842285,24.50603675842285,0
2003-07-14,24.50603675842285,24.50603675842285,24.50603675842285,24.50603675842285,0
2003-07-15,24.50603675842285,24.50603675842285,24.50603675842285,24.50603675842285,0
2003-07-16,24.50603675842285,24.50603675842285,24.50603675842285,24.50603675842285,0
2003-07-17,24.50603675842285,24.50603675842285,24.50603675842285,24.50603675842285,0
2003-07-18,24.50603675842285,24.50603675842285,24.50603675842285,24.50603675842285,0
2003-07-21,24.50603675842285,24.50603675842285,24.50603675842285,24.50603675842285,0
2003-07-22,24.50603675842285,24.50603675842285,24.50603675842285,24.50603675842285,0
2003-07-23,24.50603675842285,24.50603675842285,24.50603675842285,24.50603675842285,0
2003-07-24,24.50603675842285,24.50603675842285,24.50603675842285,24.50603675842285,0
2003-07-25,24.50603675842285,24.50603675842285,24.50603675842285,24.50603675842285,0
2003-07-28,24.50603675842285,24.50603675842285,24.50603675842285,24.50603675842285,0
2003-07-29,24.50603675842285,24.50603675842285,24.50603675842285,24.50603675842285,0
2003-07-30,24.50603675842285,24.50603675842285,24.50603675842285,24.50603675842285,0
2003-07-31,24.50603675842285,24.50603675842285,24.50603675842285,24.50603675842285,0
2003-08-01,24.50603675842285,24.50603675842285,24.50603675842285,24.50603675842285,0
2003-08-04,24.50603675842285,24.50603675842285,24.50603675842285,24.50603675842285,0
2003-08-05,24.50603675842285,24.50603675842285,24.50603675842285,24.50603675842285,0
2003-08-06,24.50603675842285,24.50603675842285,24.50603675842285,24.50603675842285,0
2003-08-07,24.50603675842285,24.50603675842285,24.50603675842285,24.50603675842285,0
2003-08-08,24.50603675842285,24.50603675842285,24.50603675842285,24.50603675842285,0
2003-08-11,24.50603675842285,24.50603675842285,24.50603675842285,24.50603675842285,0
2003-08-12,24.50603675842285,24.50603675842285,24.50603675842285,24.50603675842285,0
2003-08-13,24.50603675842285,24.50603675842285,24.50603675842285,24.50603675842285,0
2003-08-14,24.50603675842285,24.50603675842285,24.50603675842285,24.50603675842285,0
2003-08-15,24.50603675842285,24.50603675842285,24.50603675842285,24.50603675842285,0
2003-08-18,24.50603675842285,24.50603675842285,24.50603675842285,24.50603675842285,0
2003-08-19,24.50603675842285,24.50603675842285,24.50603675842285,24.50603675842285,0
2003-08-20,24.50603675842285,24.50603675842285,24.50603675842285,24.50603675842285,0
2003-08-21,24.50603675842285,24.50603675842285,24.50603675842285,24.50603675842285,0
2003-08-22,24.50603675842285,24.50603675842285,24.50603675842285,24.50603675842285,0
2003-08-25,24.50603675842285,24.50603675842285,24.50603675842285,24.50603675842285,0
2003-08-26,24.50603675842285,24.50603675842285,24.50603675842285,24.50603675842285,0
2003-08-27,24.50603675842285,24.50603675842285,24.50603675842285,24.50603675842285,0
2003-08-28,24.50603675842285,24.50603675842285,24.50603675842285,24.50603675842285,0
2003-08-29,24.50603675842285,24.50603675842285,24.50603675842285,24.50603675842285,0
2003-09-01,24.50603675842285,24.50603675842285,24.50603675842285,24.50603675842285,0
2003-09-02,24.50603675842285,24.50603675842285,24.50603675842285,24.50603675842285,0
2003-09-03,24.50603675842285,24.50603675842285,24.50603675842285,24.50603675842285,0
2003-09-04,24.50603675842285,24.50603675842285,24.50603675842285,24.50603675842285,0
2003-09-05,24.50603675842285,24.50603675842285,24.50603675842285,24.50603675842285,0
2003-09-08,24.50603675842285,24.50603675842285,24.50603675842285,24.50603675842285,0
2003-09-09,24.50603675842285,24.50603675842285,24.50603675842285,24.50603675842285,0
2003-09-10,24.50603675842285,24.50603675842285,24.50603675842285,24.50603675842285,0
2003-09-11,24.50603675842285,24.50603675842285,24.50603675842285,24.50603675842285,0
2003-09-12,24.50603675842285,24.50603675842285,24.50603675842285,24.50603675842285,0
2003-09-15,24.50603675842285,24.50603675842285,24.50603675842285,24.50603675842285,0
2003-09-16,24.50603675842285,24.50603675842285,24.50603675842285,24.50603675842285,0
2003-09-17,24.50603675842285,24.50603675842285,24.50603675842285,24.50603675842285,0
2003-09-18,24.50603675842285,24.50603675842285,24.50603675842285,24.50603675842285,0
2003-09-19,24.50603675842285,24.50603675842285,24.50603675842285,24.50603675842285,0
2003-09-22,24.50603675842285,24.50603675842285,24.50603675842285,24.50603675842285,0
2003-09-23,24.50603675842285,24.50603675842285,24.50603675842285,24.50603675842285,0
2003-09-24,24.50603675842285,24.50603675842285,24.50603675842285,24.50603675842285,0
2003-09-25,24.50603675842285,24.50603675842285,24.50603675842285,24.50603675842285,0
2003-09-26,24.50603675842285,24.50603675842285,24.50603675842285,24.50603675842285,0
2003-09-29,24.50603675842285,24.50603675842285,24.50603675842285,24.50603675842285,0
2003-09-30,24.50603675842285,24.50603675842285,24.50603675842285,24.50603675842285,0
2003-10-01,24.50603675842285,24.50603675842285,24.50603675842285,24.50603675842285,0
2003-10-02,24.50603675842285,24.50603675842285,24.50603675842285,24.50603675842285,0
2003-10-03,24.50603675842285,24.50603675842285,24.50603675842285,24.50603675842285,0
2003-10-06,24.50603675842285,24.50603675842285,24.50603675842285,24.50603675842285,0
2003-10-07,24.50603675842285,24.50603675842285,24.50603675842285,24.50603675842285,0
2003-10-08,24.50603675842285,24.50603675842285,24.50603675842285,24.50603675842285,0
2003-10-09,24.50603675842285,24.50603675842285,24.50603675842285,24.50603675842285,0
2003-10-10,24.50603675842285,24.50603675842285,24.50603675842285,24.50603675842285,0
2003-10-13,24.50603675842285,24.50603675842285,24.50603675842285,24.50603675842285,0
2003-10-14,24.50603675842285,24.50603675842285,24.50603675842285,24.50603675842285,0
2003-10-15,24.50603675842285,24.50603675842285,24.50603675842285,24.50603675842285,0
2003-10-16,24.50603675842285,24.50603675842285,24.50603675842285,24.50603675842285,0
2003-10-17,24.50603675842285,24.50603675842285,24.50603675842285,24.50603675842285,0
2003-10-20,24.50603675842285,24.50603675842285,24.50603675842285,24.50603675842285,0
2003-10-21,24.50603675842285,24.50603675842285,24.50603675842285,24.50603675842285,0
2003-10-22,24.50603675842285,24.50603675842285,24.50603675842285,24.50603675842285,0
2003-10-23,24.50603675842285,24.50603675842285,24.50603675842285,24.50603675842285,0
2003-10-24,24.50603675842285,24.50603675842285,24.50603675842285,24.50603675842285,0
2003-10-27,24.50603675842285,24.50603675842285,24.50603675842285,24.50603675842285,0
2003-10-28,24.50603675842285,24.50603675842285,24.50603675842285,24.50603675842285,0
2003-10-29,24.50603675842285,24.50603675842285,24.50603675842285,24.50603675842285,0
2003-10-30,24.50603675842285,24.50603675842285,24.50603675842285,24.50603675842285,0
2003-10-31,24.50603675842285,24.50603675842285,24.50603675842285,24.50603675842285,0
2003-11-03,24.50603675842285,24.50603675842285,24.50603675842285,24.50603675842285,0
2003-11-04,24.50603675842285,24.50603675842285,24.50603675842285,24.50603675842285,0
2003-11-05,24.50603675842285,24.50603675842285,24.50603675842285,24.50603675842285,0
2003-11-06,24.50603675842285,24.50603675842285,24.50603675842285,24.50603675842285,0
2003-11-07,24.50603675842285,24.50603675842285,24.50603675842285,24.50603675842285,0
2003-11-10,24.50603675842285,24.50603675842285,24.50603675842285,24.50603675842285,0
2003-11-11,24.50603675842285,24.50603675842285,24.50603675842285,24.50603675842285,0
2003-11-12,24.50603675842285,24.50603675842285,24.50603675842285,24.50603675842285,0
2003-11-13,24.50603675842285,24.50603675842285,24.50603675842285,24.50603675842285,0
2003-11-14,24.50603675842285,24.50603675842285,24.50603675842285,24.50603675842285,0
2003-11-17,24.50603675842285,24.50603675842285,24.50603675842285,24.50603675842285,0
2003-11-18,24.50603675842285,24.50603675842285,24.50603675842285,24.50603675842285,0
2003-11-19,24.50603675842285,24.50603675842285,24.50603675842285,24.50603675842285,0
2003-11-20,24.50603675842285,24.50603675842285,24.50603675842285,24.50603675842285,0
2003-11-21,24.50603675842285,24.50603675842285,24.50603675842285,24.50603675842285,0
2003-11-24,24.50603675842285,24.50603675842285,24.50603675842285,24.50603675842285,0
2003-11-25,24.50603675842285,24.50603675842285,24.50603675842285,24.50603675842285,0
2003-11-26,24.50603675842285,24.50603675842285,24.50603675842285,24.50603675842285,0
2003-11-27,24.50603675842285,24.50603675842285,24.50603675842285,24.50603675842285,0
2003-11-28,24.50603675842285,24.50603675842285,24.50603675842285,24.50603675842285,0
2003-12-01,24.50603675842285,24.50603675842285,24.50603675842285,24.50603675842285,0
2003-12-02,24.50603675842285,24.50603675842285,24.50603675842285,24.50603675842285,0
2003-12-03,24.50603675842285,24.50603675842285,24.50603675842285,24.50603675842285,0
2003-12-04,24.50603675842285,24.50603675842285,24.50603675842285,24.50603675842285,0
2003-12-05,24.50603675842285,24.50603675842285,24.50603675842285,24.50603675842285,0
2003-12-08,24.50603675842285,24.50603675842285,24.50603675842285,24.50603675842285,0
2003-12-09,24.50603675842285,24.50603675842285,24.50603675842285,24.50603675842285,0
2003-12-10,24.50603675842285,24.50603675842285,24.50603675842285,24.50603675842285,0
2003-12-11,24.50603675842285,24.50603675842285,24.50603675842285,24.50603675842285,0
2003-12-12,24.50603675842285,24.50603675842285,24.50603675842285,24.50603675842285,0
2003-12-15,24.50603675842285,24.50603675842285,24.50603675842285,24.50603675842285,0
2003-12-16,24.50603675842285,24.50603675842285,24.50603675842285,24.50603675842285,0
2003-12-17,24.50603675842285,24.50603675842285,24.50603675842285,24.50603675842285,0
2003-12-18,24.50603675842285,24.50603675842285,24.50603675842285,24.50603675842285,0
2003-12-19,24.50603675842285,24.50603675842285,24.50603675842285,24.50603675842285,0
2003-12-22,24.50603675842285,24.50603675842285,24.50603675842285,24.50603675842285,0
2003-12-23,24.50603675842285,24.50603675842285,24.50603675842285,24.50603675842285,0
2003-12-24,24.50603675842285,24.50603675842285,24.50603675842285,24.50603675842285,0
2003-12-25,24.50603675842285,24.50603675842285,24.50603675842285,24.50603675842285,0
2003-12-26,24.50603675842285,24.50603675842285,24.50603675842285,24.50603675842285,0
2003-12-29,24.50603675842285,24.50603675842285,24.50603675842285,24.50603675842285,0
2003-12-30,24.50603675842285,24.50603675842285,24.50603675842285,24.50603675842285,0
2003-12-31,24.50603675842285,24.50603675842285,24.50603675842285,24.50603675842285,0
2004-01-01,24.50603675842285,24.50603675842285,24.50603675842285,24.50603675842285,0
2004-01-02,24.50603675842285,24.50603675842285,24.50603675842285,24.50603675842285,0
2004-01-05,24.50603675842285,24.50603675842285,24.50603675842285,24.50603675842285,0
2004-01-06,24.50603675842285,24.50603675842285,24.50603675842285,24.50603675842285,0
2004-01-07,24.50603675842285,24.50603675842285,24.50603675842285,24.50603675842285,0
2004-01-08,24.50603675842285,24.50603675842285,24.50603675842285,24.50603675842285,0
2004-01-09,24.50603675842285,24.50603675842285,24.50603675842285,24.50603675842285,0
2004-01-12,24.50603675842285,24.50603675842285,24.50603675842285,24.50603675842285,0
2004-01-13,24.50603675842285,24.50603675842285,24.50603675842285,24.50603675842285,0
2004-01-14,24.50603675842285,24.50603675842285,24.50603675842285,24.50603675842285,0
2004-01-15,24.50603675842285,24.50603675842285,24.50603675842285,24.50603675842285,0
2004-01-16,24.50603675842285,24.50603675842285,24.50603675842285,24.50603675842285,0
2004-01-19,24.50603675842285,24.50603675842285,24.50603675842285,24.50603675842285,0
2004-01-20,24.50603675842285,24.50603675842285,24.50603675842285,24.50603675842285,0
2004-01-21,24.50603675842285,24.50603675842285,24.50603675842285,24.50603675842285,0
2004-01-22,24.50603675842285,24.50603675842285,24.50603675842285,24.50603675842285,0
2004-01-23,24.50603675842285,24.50603675842285,24.50603675842285,24.50603675842285,0
2004-01-26,24.50603675842285,24.50603675842285,24.50603675842285,24.50603675842285,0
2004-01-27,24.50603675842285,24.50603675842285,24.50603675842285,24.50603675842285,0
2004-01-28,24.50603675842285,24.50603675842285,24.50603675842285,24.50603675842285,0
2004-01-29,24.50603675842285,24.50603675842285,24.50603675842285,24.50603675842285,0
2004-01-30,24.50603675842285,24.50603675842285,24.50603675842285,24.50603675842285,0
2004-02-02,24.50603675842285,24.50603675842285,24.50603675842285,24.50603675842285,0
2004-02-03,24.50603675842285,24.50603675842285,24.50603675842285,24.50603675842285,0
2004-02-04,24.50603675842285,24.50603675842285,24.50603675842285,24.50603675842285,0
2004-02-05,24.50603675842285,24.50603675842285,24.50603675842285,24.50603675842285,0
2004-02-06,24.50603675842285,24.50603675842285,24.50603675842285,24.50603675842285,0
2004-02-09,24.50603675842285,24.50603675842285,24.50603675842285,24.50603675842285,0
2004-02-10,24.50603675842285,24.50603675842285,24.50603675842285,24.50603675842285,0
2004-02-11,24.50603675842285,24.50603675842285,24.50603675842285,24.50603675842285,0
2004-02-12,24.50603675842285,24.50603675842285,24.50603675842285,24.50603675842285,0
2004-02-13,24.50603675842285,24.50603675842285,24.50603675842285,24.50603675842285,0
2004-02-16,24.50603675842285,24.50603675842285,24.50603675842285,24.50603675842285,0
2004-02-17,24.50603675842285,24.50603675842285,24.50603675842285,24.50603675842285,0
2004-02-18,24.50603675842285,24.50603675842285,24.50603675842285,24.50603675842285,0
2004-02-19,24.50603675842285,24.50603675842285,24.50603675842285,24.50603675842285,0
2004-02-20,24.50603675842285,24.50603675842285,24.50603675842285,24.50603675842285,0
2004-02-23,24.50603675842285,24.50603675842285,24.50603675842285,24.50603675842285,0
2004-02-24,24.50603675842285,24.50603675842285,24.50603675842285,24.50603675842285,0
2004-02-25,24.50603675842285,24.50603675842285,24.50603675842285,24.50603675842285,0
2004-02-26,24.50603675842285,24.50603675842285,24.50603675842285,24.50603675842285,0
2004-02-27,24.50603675842285,24.50603675842285,24.50603675842285,24.50603675842285,0
2004-03-01,24.50603675842285,24.50603675842285,24.50603675842285,24.50603675842285,0
2004-03-02,24.50603675842285,24.50603675842285,24.50603675842285,24.50603675842285,0
2004-03-03,24.50603675842285,24.50603675842285,24.50603675842285,24.50603675842285,0
2004-03-04,24.50603675842285,24.50603675842285,24.50603675842285,24.50603675842285,0
2004-03-05,24.50603675842285,24.50603675842285,24.50603675842285,24.50603675842285,0
2004-03-08,24.50603675842285,24.50603675842285,24.50603675842285,24.50603675842285,0
2004-03-09,24.50603675842285,24.50603675842285,24.50603675842285,24.50603675842285,0
2004-03-10,24.50603675842285,24.50603675842285,24.50603675842285,24.50603675842285,0
2004-03-11,24.50603675842285,24.50603675842285,24.50603675842285,24.50603675842285,0
2004-03-12,24.50603675842285,24.50603675842285,24.50603675842285,24.50603675842285,0
2004-03-15,24.50603675842285,24.50603675842285,24.50603675842285,24.50603675842285,0
2004-03-16,24.50603675842285,24.50603675842285,24.50603675842285,24.50603675842285,0
2004-03-17,24.50603675842285,24.50603675842285,24.50603675842285,24.50603675842285,0
2004-03-18,24.50603675842285,24.50603675842285,24.50603675842285,24.50603675842285,0
2004-03-19,24.50603675842285,24.50603675842285,24.50603675842285,24.50603675842285,0
2004-03-22,24.50603675842285,24.50603675842285,24.50603675842285,24.50603675842285,0
2004-03-23,24.50603675842285,24.50603675842285,24.50603675842285,24.50603675842285,0
2004-03-24,24.50603675842285,24.50603675842285,24.50603675842285,24.50603675842285,0
2004-03-25,24.50603675842285,24.50603675842285,24.50603675842285,24.50603675842285,0
2004-03-26,24.50603675842285,24.50603675842285,24.50603675842285,24.50603675842285,0
2004-03-29,24.50603675842285,24.50603675842285,24.50603675842285,24.50603675842285,0
2004-03-30,24.50603675842285,24.50603675842285,24.50603675842285,24.50603675842285,0
2004-03-31,24.50603675842285,24.50603675842285,24.50603675842285,24.50603675842285,0
2004-04-01,24.50603675842285,24.50603675842285,24.50603675842285,24.50603675842285,0
2004-04-02,24.50603675842285,24.50603675842285,24.50603675842285,24.50603675842285,0
2004-04-05,24.50603675842285,24.50603675842285,24.50603675842285,24.50603675842285,0
2004-04-06,24.50603675842285,24.50603675842285,24.50603675842285,24.50603675842285,0
2004-04-07,24.50603675842285,24.50603675842285,24.50603675842285,24.50603675842285,0
2004-04-08,24.50603675842285,24.50603675842285,24.50603675842285,24.50603675842285,0
2004-04-09,24.50603675842285,24.50603675842285,24.50603675842285,24.50603675842285,0
2004-04-12,24.50603675842285,24.50603675842285,24.50603675842285,24.50603675842285,0
2004-04-13,24.50603675842285,24.50603675842285,24.50603675842285,24.50603675842285,0
2004-04-14,24.50603675842285,24.50603675842285,24.50603675842285,24.50603675842285,0
2004-04-15,24.50603675842285,24.50603675842285,24.50603675842285,24.50603675842285,0
2004-04-16,24.50603675842285,24.50603675842285,24.50603675842285,24.50603675842285,0
2004-04-19,24.50603675842285,24.50603675842285,24.50603675842285,24.50603675842285,0
2004-04-20,24.50603675842285,24.50603675842285,24.50603675842285,24.50603675842285,0
2004-04-21,24.50603675842285,24.50603675842285,24.50603675842285,24.50603675842285,0
2004-04-22,24.50603675842285,24.50603675842285,24.50603675842285,24.50603675842285,0
2004-04-23,24.50603675842285,24.50603675842285,24.50603675842285,24.50603675842285,0
2004-04-26,24.50603675842285,24.50603675842285,24.50603675842285,24.50603675842285,0
2004-04-27,24.50603675842285,24.50603675842285,24.50603675842285,24.50603675842285,0
2004-04-28,24.50603675842285,24.50603675842285,24.50603675842285,24.50603675842285,0
2004-04-29,24.50603675842285,24.50603675842285,24.50603675842285,24.50603675842285,0
2004-04-30,24.50603675842285,24.50603675842285,24.50603675842285,24.50603675842285,0
2004-05-03,24.50603675842285,24.50603675842285,24.50603675842285,24.50603675842285,0
2004-05-04,24.50603675842285,24.50603675842285,24.50603675842285,24.50603675842285,0
2004-05-05,24.50603675842285,24.50603675842285,24.50603675842285,24.50603675842285,0
2004-05-06,73.98097229003906,78.20230261403752,72.64834511128129,75.72855630685878,19760
2004-05-07,71.38748168945312,74.21234046838377,70.9246530133195,74.21234046838377,31344
2004-05-10,70.92464447021484,71.49919252712127,69.91120628060847,70.86080687955769,4904
2004-05-11,67.23001861572266,72.77599641250927,66.23254059471788,72.77599641250927,21032
2004-05-12,62.84910202026367,69.42448000579353,58.412321108322836,65.27497085602197,134928
2004-05-13,61.17335891723633,63.83862339205479,56.65677826044863,57.462738932573146,55456
2004-05-14,56.840301513671875,63.040627495914215,55.85878385713917,62.24264486938365,31144
2004-05-17,47.58369445800781,54.2628088107213,45.66055862335667,54.2628088107213,33968
2004-05-18,51.094818115234375,52.66684460246838,47.878949638607615,51.230476113310154,29128
2004-05-19,54.61392593383789,56.49716274376383,52.427451868153724,53.943618664949646,39960
2004-05-20,53.31317901611328,55.0607616604925,52.66681550134066,55.0607616604925,32104
2004-05-21,51.573612213134766,52.66684930152378,50.4484587444382,51.884827361752485,31176
2004-05-24,57.19138717651367,57.446742463223266,51.54965185818281,51.54965185818281,54792
2004-05-25,54.90119171142578,56.01836712415828,52.98603386102721,56.01836712415828,32648
2004-05-26,55.364036560058594,57.45475212538793,54.901207586481796,56.65676945697976,18416
2004-05-27,55.531620025634766,57.04778720981534,55.18848355597281,55.858790996126345,14072
2004-05-28,53.08177947998047,55.85875669590611,52.66682774185433,55.85875669590611,17040
2004-05-31,50.568138122558594,51.852887646807496,49.60257664022176,50.51227838878748,11976
2004-06-01,51.14268493652344,54.10319716973639,50.67985132982411,52.64289060960843,29320
2004-06-02,51.0709114074707,52.427482491731645,50.92727544323753,52.427482491731645,4560
2004-06-03,50.224998474121094,53.20944879311568,49.98560382909763,52.34762904513052,13808
2004-06-04,50.08934020996094,51.868839419006,49.31529655530109,51.86086154575552,23944
2004-06-07,50.57614517211914,51.07089544585085,49.95371960797286,51.07089544585085,9608
2004-06-08,49.45895767211914,50.57613324657391,48.908352632722966,50.049466709673396,10272
2004-06-09,51.023006439208984,51.85290537287847,49.39512008122429,49.47491833660591,31424
2004-06-10,55.691184997558594,58.25270615565635,51.070865670712415,51.8688479468173,54480
2004-06-11,59.76091003417969,65.11537054100668,58.26069907139492,58.26069907139492,1495680
2004-06-14,55.12461853027344,59.84867491065391,54.74158798494478,59.61725808613367,295448
2004-06-15,55.419883728027344,56.975949577842364,54.717660113492585,56.17796709075773,172688
2004-06-16,54.84532165527344,56.082194201112635,54.5819884744523,55.85876013467341,62312
2004-06-17,55.004913330078125,55.4916854055106,54.66178195032873,54.66178195032873,30208
2004-06-18,56.80039978027344,59.52950121208551,55.1326190895266,55.1326190895266,91440
2004-06-21,56.19389343261719,58.7314752193543,55.411872046458605,57.454704018933555,49328
2004-06-22,54.88521957397461,56.33754827993645,54.58198728537752,56.177951825885636,20064
2004-06-23,53.815948486328125,55.85878199390554,52.87432512203145,55.459790693949074,22912
2004-06-24,54.709659576416016,55.220370150282164,53.16157697716006,54.254813603078624,21592
2004-06-25,54.709659576416016,55.85875593236635,54.26279147715588,54.26279147715588,60280
2004-06-28,57.358978271484375,58.252719601107906,55.667254481571696,55.667254481571696,100536
2004-06-29,56.96797180175781,58.396357533862215,56.257765438799076,58.25272166003308,47952
2004-06-30,55.699188232421875,57.61434656706102,55.539591704535276,56.81636392762804,20576
2004-07-01,56.401390075683594,56.79240336534266,55.87472368640589,56.489171054228294,15168
2004-07-02,58.372398376464844,59.369876134094106,57.135525957004546,57.135525957004546,123232
2004-07-05,56.417354583740234,58.49210878342516,56.01836339149313,58.09311759117806,22040
2004-07-06,56.95201110839844,57.45473910143629,56.26574324683213,56.26574324683213,39312
2004-07-07,56.2497673034668,57.93350779958095,55.858754076730946,57.45471847892326,39640
2004-07-08,53.903717041015625,57.47867761160502,53.45684879612892,55.85877413576748,80424
2004-07-09,54.661800384521484,55.06079162820412,49.83400633596156,50.28885732785948,29280
2004-07-12,55.73106384277344,56.31358971837422,54.262775040537164,55.06075702642742,22272
2004-07-13,56.39338302612305,57.61429438454981,56.177926934519476,56.664693955498386,48160
2004-07-14,57.84574508666992,59.050696540858524,56.73654762236542,57.44675389382628,74376
2004-07-15,58.029293060302734,58.69959549213436,57.81383679380365,58.5719202300233,36024
2004-07-16,59.99231719970703,60.96585672358112,59.066659543202704,59.832720716137445,167704
2004-07-19,60.90998840332031,62.05110212605968,59.84867291112912,60.80625167770719,174480
2004-07-20,62.043128967285156,62.721413978503065,60.503023974737005,61.28504571945338,157816
2004-07-21,61.49251937866211,63.68697089240295,60.96585296356346,63.68697089240295,129968
2004-07-22,61.17335891723633,62.24265780725342,60.973863219136156,62.24265780725342,64272
2004-07-23,61.835655212402344,62.24262426903924,61.141409582994264,62.24262426903924,42576
2004-07-26,61.8835334777832,62.16282731037152,61.36484493154775,61.92343259672439,29512
2004-07-27,61.8835334777832,61.8835334777832,61.8835334777832,61.8835334777832,0
2004-07-28,64.5168685913086,65.75374114933615,63.200197803730866,64.15777655833284,182768
2004-07-29,64.00618743896484,65.09144678274006,63.20022689768663,64.79619222338579,93344
2004-07-30,63.92636489868164,65.27495703501243,63.83858878729822,65.27495703501243,73272
2004-08-02,63.854576110839844,64.31740509899068,63.67901894416198,63.718918078838776,99528
2004-08-03,63.77473068237305,64.27745843345163,63.543313924172054,63.99816469724172,25104
2004-08-04,63.806678771972656,63.950319518417,60.6466700191731,60.6466700191731,43656
2004-08-05,63.10447311401367,64.28548657656526,62.721442378929375,63.67902165189013,44048
2004-08-06,62.28254699707031,63.77477555457218,62.24264786382427,62.73739809017511,32392
2004-08-09,62.865047454833984,63.04060454285031,60.854130994051125,62.250600082025656,19040
2004-08-10,64.60462951660156,64.716348959922,62.8011919006888,64.6205901328611,50656
2004-08-11,67.86041259765625,69.58405231223759,64.15777300348512,64.83605791707917,271960
2004-08-12,67.86041259765625,67.86041259765625,67.86041259765625,67.86041259765625,0
2004-08-13,68.22747802734375,71.33960860402959,67.03050472861841,70.22243352521929,119976
2004-08-16,65.37071228027344,67.71677736627754,64.97969899735732,66.87091805978241,39776
2004-08-17,65.378662109375,67.581095278351,65.11532903224077,66.39210018973569,74976
2004-08-18,65.39464569091797,66.69535579035357,65.1153519021221,65.99313238119483,21432
2004-08-19,66.43204498291016,66.63154061348948,65.83355809117224,66.0729528478674,19856
2004-08-20,65.57022094726562,66.53577779385179,65.37072532850827,65.5941594474168,22184
2004-08-23,68.3152847290039,70.06286847632832,62.314459799184554,62.314459799184554,108624
2004-08-24,73.52608489990234,74.33204500706734,69.26485782730482,70.19051526942484,455456
2004-08-25,78.83668518066406,95.6541621630256,78.12248984080819,95.6541621630256,136928
2004-08-26,78.12249755859375,79.55886625732172,77.82724301864425,79.15987495211952,40443200
2004-08-27,76.81858825683594,78.39380994771982,76.49141734998872,78.39380994771982,30646000
2004-08-30,78.7417221069336,79.00026765817147,77.00531140417723,77.39632477815957,24465208
2004-08-31,78.8486099243164,79.00022847261386,77.88305352451628,78.72093473558947,21194656
2004-09-01,78.83264923095703,79.39921454230677,78.4895130506086,79.00022351445598,19935544
2004-09-02,79.29231262207031,80.16530551412073,78.6810602805568,78.99227534751269,21356352
2004-09-03,79.62745666503906,87.77804864144693,79.02896996975647,80.2770153939051,9869856
2004-09-06,79.38809204101562,82.98220861950192,79.2316905758908,82.98220861950192,9038672
2004-09-07,79.44712829589844,82.59118099903691,79.39925129859104,82.59118099903691,5772232
2004-09-08,79.29548645019531,79.86205182299933,79.08800817091057,79.47902136881518,6593984
2004-09-09,78.19906616210938,79.63064643723112,78.07936883098046,79.55882609035503,7947184
2004-09-10,78.90453338623047,79.00029229037945,77.88311643980842,79.00029229037945,6415072
2004-09-13,80.07752990722656,81.03510874019788,79.08005195621477,79.08005195621477,20904912
2004-09-14,81.0478744506836,81.29844208131686,80.03444074715665,80.19722739565519,15335472
2004-09-15,80.2850112915039,81.39420883063045,79.89400281844004,81.23461234272725,11988288
2004-09-16,80.47332763671875,80.99520632607114,79.99772841565155,80.3568204634026,7358224
2004-09-17,81.75328063964844,82.18419299824659,80.62014488264711,80.75580283779816,14627896
2004-09-20,81.62557983398438,82.74275462174565,81.4069286771634,82.38366272567953,8552224
2004-09-21,83.45299530029297,83.66844663127156,81.55379347368579,81.7820152493209,13897080
2004-09-22,83.95252227783203,84.26692259745226,82.75873425049227,83.6604580572603,15371584
2004-09-23,82.2129135131836,83.70833135117874,81.95277054114449,83.62853313254082,15819680
2004-09-24,82.096435546875,82.9901719639342,81.87299657211202,82.12036917495908,8083208
2004-09-27,81.45486450195312,82.39169520128159,80.99522579109038,81.99270394122696,8229512
2004-09-28,81.03992462158203,81.98473820836308,80.79574212907856,81.07503605248773,6339416
2004-09-29,82.27197265625,82.43156911145127,81.08776481563784,81.33514224349817,11737176
2004-09-30,81.9607925415039,83.06201244798801,81.44689154197778,82.63907776510675,12521432
2004-10-01,83.60459899902344,84.30363225073202,81.90170755279924,82.11237604217665,10968888
2004-10-04,85.90277862548828,86.26187059373231,84.14402284612642,84.34671342976415,15129824
2004-10-05,86.23795318603516,86.90028246763222,85.82300623869463,86.20604168315973,14341288
2004-10-06,86.30978393554688,88.00151265434583,85.7879100123838,86.26190693447649,17670664
2004-10-07,87.5466537475586,87.77807060918217,86.42150042704026,86.42150042704026,10080128
2004-10-08,87.62322998046875,88.65581417556797,87.37904277429966,87.61843741203747,8558920
2004-10-11,86.92424011230469,88.69575741667046,86.58110373107283,87.77807751537337,9332056
2004-10-12,86.53797912597656,88.97502001092764,85.99535704584274,88.5760288898024,15600512
2004-10-14,89.07078552246094,89.69321564844797,86.8252717739432,88.01745272263177,19225984
2004-10-15,89.852783203125,91.04975633638155,89.15534763676024,89.50964700852788,17799744
2004-10-18,90.75132751464844,91.1295703109151,89.79374884237963,90.49118452940256,13693344
2004-10-19,91.22535705566406,91.66424743813113,90.65879141922427,90.98277699541511,11767128
2004-10-20,90.43215942382812,91.76000338243877,90.09221812266834,91.35303428331693,7206832
2004-10-21,89.81771087646484,90.89019453667163,89.53362446896011,90.75134637960907,6413520
2004-10-22,89.81771087646484,89.81771087646484,89.81771087646484,89.81771087646484,0
2004-10-25,89.16333770751953,89.9325937153169,88.63667140503406,89.77299727571562,9390272
2004-10-26,90.7465591430664,91.04660131966268,89.02291902157485,89.02291902157485,6932760
2004-10-27,90.96204376220703,91.6084077572421,90.58698607400214,91.15036649773582,7837656
2004-10-28,93.28704833984375,93.9943330957612,91.61006717866766,91.61006717866766,18591416
2004-10-29,92.5110092163086,93.44710860705989,91.62291316952098,93.44710860705989,8661776
2004-11-01,93.6630859375,93.96711345708864,91.39403799222615,92.01010172317196,6137568
2004-11-02,92.7862548828125,94.39123702303162,90.00995183080214,90.40999606116127,8864040
2004-11-03,94.02633666992188,94.73041800774013,92.89021563090057,92.89021563090057,8978136
2004-11-04,93.64229583740234,95.04244975313296,93.42626623038474,94.55119457869564,6555808
2004-11-05,93.24706268310547,94.41039388221857,92.81021771472334,93.92713755429094,5023848
2004-11-08,94.74327850341797,95.12251965488105,92.49022664898672,93.21030626822625,10291728
2004-11-09,95.08247375488281,95.84255746585106,94.1703713483808,94.97045946518948,7338712
2004-11-10,95.559326171875,95.93056824182915,95.21848784198997,95.2904977281222,5734392
2004-11-11,95.7113265991211,96.28259059554357,95.29847846192435,95.93054992687577,5235128
2004-11-12,95.75133514404297,96.65063330170634,95.2264727122696,96.33059809209803,1813408
2004-11-15,95.75133514404297,95.75133514404297,95.75133514404297,95.75133514404297,0
2004-11-16,95.2824478149414,95.85050813855027,94.73038533893448,95.85050813855027,4005504
2004-11-17,96.44261169433594,96.80265130262735,95.33048739538475,95.33048739538475,5467936
2004-11-18,98.49082946777344,98.77566547415223,96.53061393409313,96.76743684873698,7472128
2004-11-19,97.37872314453125,98.97090045687857,96.89867027246878,98.65086520883692,6812760
2004-11-22,97.80757141113281,98.09080573738277,95.61053250911289,96.63464923262727,4738272
2004-11-23,98.85564422607422,99.37089603602475,97.94354226081018,98.4587940707607,4312792
2004-11-24,98.72283935546875,99.61093489395495,98.42360728820742,99.13088219567082,3223304
2004-11-25,97.35950469970703,99.53094464803542,96.70343646320826,98.7308566685496,6310872
2004-11-26,97.35950469970703,97.35950469970705,97.35950469970705,97.35950469970705,0
2004-11-29,99.52297973632812,99.82700741242328,96.45544410923956,97.29073155728999,5281488
2004-11-30,101.98402404785156,102.89132114347663,99.61096020499876,99.86379075834758,10508144
2004-12-01,100.93594360351562,102.49131056053876,100.57109865308136,102.49131056053876,8481864
2004-12-02,99.41893005371094,102.17123464751631,99.13889926180309,101.21112907526087,9657704
2004-12-03,98.95169830322266,100.48306812441405,97.73556827742394,99.9518084450639,9777216
2004-12-06,97.17546844482422,100.01097491767571,96.69061055040888,99.21088711833431,11473872
2004-12-07,97.47152709960938,98.64285717127312,97.21069761520707,97.29070641982864,7863224
2004-12-08,96.07457733154297,98.13879864870614,95.69533637567555,97.45072487631842,7329408
2004-12-09,96.92745208740234,97.37070393897592,96.39939599144277,96.40739491763789,3801224
2004-12-10,98.0635757446289,98.85085949920658,97.1306705237044,97.61072326105383,6216808
2004-12-13,98.90367126464844,99.34371962158836,98.03157347664605,98.09077920151664,4996232
2004-12-14,98.66361236572266,99.58690688167508,98.43478846754473,99.3708871206994,3083504
2004-12-15,99.6509780883789,100.39186048922393,99.05091198186518,99.53096486707616,5772672
2004-12-16,101.02393341064453,101.2111513036762,99.05091329166099,99.88780237393439,4350464
2004-12-17,100.53106689453125,101.99523198240504,100.179026187243,100.81109772153552,5509752
2004-12-20,101.01590728759766,101.49115483428136,100.531049309637,100.81108008765827,2268424
2004-12-21,101.82721710205078,102.17125892052319,101.0639396321298,101.20794964216148,3458512
2004-12-22,99.22376251220703,102.01926660259433,98.41086998964799,102.01926660259433,6001712
2004-12-23,98.23957824707031,99.82694968833911,98.01075431104975,99.82694968833911,3948912
2004-12-24,101.44798278808594,101.77122155421594,97.73558126173391,98.64767401890546,6661856
2004-12-27,101.656005859375,102.81132847342558,100.9871235634812,101.61119623443616,4400504
2004-12-28,104.76029968261719,105.13154161038355,101.30711784908036,101.77117270046261,9614448
2004-12-29,105.63243103027344,106.96377878502808,105.06437043929083,105.36839805369685,6633224
2004-12-30,103.74424743652344,106.25172131788787,103.36020116363323,105.45163305495197,5626792
2004-12-31,106.84856414794922,107.11580061005228,103.74422812561909,104.01145482102154,4899312
2005-01-03,108.27273559570312,108.54796124609985,106.84857470537136,106.84857470537136,4734168
2005-01-04,107.3126220703125,108.33193357385898,106.66455263373521,108.01189831957875,4979104
2005-01-05,106.01165008544922,107.22777982503317,102.43526096660433,107.22777982503317,9604320
2005-01-06,105.64846801757812,107.69189688318833,103.41142401301703,105.61166707712377,8006888
2005-01-07,107.20860290527344,107.61185043671503,105.024368232266,106.41171827571078,7623136
2005-01-10,106.20850372314453,108.76399048017801,105.77165869683643,107.90469654562607,7521568
2005-01-11,105.11234283447266,106.83573519972614,104.0914299500145,106.41168472983804,7986376
2005-01-12,103.85624694824219,109.4488552959138,102.94733821635889,106.08848507040074,20720032
2005-01-13,103.44336700439453,107.1077637426728,102.01120770368553,104.81151536613964,27757952
2005-01-14,103.72343444824219,105.44362404916812,102.17126141313615,104.38750178299735,15757776
2005-01-17,101.07188415527344,104.77948799054322,99.22687714738618,104.77948799054322,13651184
2005-01-18,101.11991119384766,102.73128944483824,100.61105644617142,101.98720376881548,6183264
2005-01-19,100.44303894042969,101.90719396687226,100.09899722982776,101.29113017815517,3538488
2005-01-20,99.5069351196289,100.41103841603041,98.41081852726485,100.41103841603041,4536200
2005-01-24,97.66354370117188,99.79977473608565,97.23949315814596,99.50693979593305,3628192
2005-01-25,98.84765625,99.2029003551399,96.57860814490475,97.19468168594123,4465928
2005-01-27,99.25572967529297,100.3150454919704,98.83488257178547,99.47174954615346,5455344
2005-01-28,103.14737701416016,103.59543426372821,99.41096865819517,99.43977066423267,8393816
2005-01-31,104.0434341430664,104.95553631707882,103.23214382741158,103.85141109063778,5853384
2005-02-01,105.23238372802734,105.61162468989596,102.97133407264856,104.57151020431365,8019840
2005-02-02,104.72834014892578,105.88846801950771,104.25149071505176,105.53163181362491,4870456
2005-02-03,105.18077087402344,105.47439090576263,104.45074077343104,105.25297380548504,3327616
2005-02-04,104.80851745605469,106.05519052989389,104.33520787422853,105.09251103945613,2684040
2005-02-07,105.39415740966797,106.75313533395367,104.3705073763357,105.30109564494246,5944216
2005-02-08,105.57390594482422,106.13546927431797,104.93211928254566,105.39420646281721,3284432
2005-02-09,106.92166900634766,107.78807518265815,105.95577688127155,105.97502969899703,5537936
2005-02-10,106.91040802001953,107.78002603140234,106.13544803836643,106.69701125550064,4376648
2005-02-11,110.8493881225586,111.26975758407397,107.33881445385073,107.33881445385073,10367096
2005-02-14,113.08757019042969,113.75662971345093,111.59541889606528,111.59541889606528,8875264
2005-02-15,110.81730651855469,113.51602072348065,110.22686393926672,113.11490404247895,3976720
2005-02-16,109.75825500488281,112.23233753052628,109.18385373770283,112.23233753052628,3126832
2005-02-17,110.85739135742188,111.18951706405817,108.34960969129087,109.75833583462104,4124976
2005-02-18,110.30707550048828,111.6708720703125,108.7026089477539,110.70819213867186,2545144
2005-02-21,109.54979705810547,110.37128333766755,107.90842073987451,109.98620735973392,1777152
2005-02-22,109.38126373291016,109.90271521269915,108.38168449152975,109.48073984716227,2139040
2005-02-23,110.30379486083984,110.87659023922136,108.71537983683851,109.3812271665524,5166816
2005-02-24,109.7422866821289,111.98373127372386,109.19997627037914,110.30384990671952,10806440
2005-02-25,109.4294204711914,110.62795210450155,108.55498437342723,110.45146472750776,5070896
2005-02-28,110.78034210205078,111.10925562945326,107.49920761261183,110.6279158938744,6402408
2005-03-01,108.89994049072266,115.52157619318595,108.38170099791266,110.78840050193736,4958152
2005-03-02,109.74552154541016,110.30708488665128,109.23209024626932,110.30708488665128,2658112
2005-03-03,111.47506713867188,111.9114770870881,109.4245553740417,109.90589506043779,2891160
2005-03-04,111.69170379638672,112.59341299662685,110.86861187127775,111.83129156914701,4017872
2005-03-07,112.32864379882812,112.95438936159195,111.83126333100795,111.9114866189068,3658032
2005-03-08,113.43254089355469,113.9892957210302,111.94038938321624,112.63351991166486,5027680
2005-03-09,112.91431427001953,114.43855723352247,111.91634094607926,113.0346492408224,5422088
2005-03-10,112.27735900878906,113.11488580308615,111.53127818527383,113.11488580308615,2302280
2005-03-11,114.51553344726562,115.11239981214813,112.71372150273069,112.79394479205648,5205744
2005-03-14,116.47300720214844,117.12602608436764,113.91709386287812,114.55888030717603,6534032
2005-03-15,115.7349853515625,117.28650172262931,114.71935531009571,116.40404514332089,4146480
2005-03-16,116.48906707763672,117.73573068646635,115.52156923471134,115.52156923471134,5473416
2005-03-17,117.20301055908203,118.22505445479831,115.52153359273221,116.16331989046961,6805328
2005-03-18,117.82396697998047,118.12881946349152,114.31821238402405,117.0458048198534,6123464
2005-03-21,116.84201049804688,118.32935343700446,115.89056344826875,117.94107545315715,4354120
2005-03-22,115.80718231201172,116.89339942245967,115.52960296135362,116.70889165933568,2684432
2005-03-23,114.01815795898438,116.16332802597827,113.3843919870065,115.52154168329331,3439416
2005-03-24,111.05793762207031,115.36111704354158,110.52044537497386,114.71933057876527,5954576
2005-03-28,111.70295715332031,113.02342991912668,111.02907928003765,111.59064254229219,3699728
2005-03-29,109.97816467285156,112.15221494970844,109.28021582854825,111.91154496054597,3053400
2005-03-30,111.55533599853516,112.3126393806312,109.10370682689887,109.9941836519826,4115256
2005-03-31,114.88461303710938,115.93071847709669,112.09283756700961,112.67365362390417,6914640
2005-04-01,116.40081024169922,116.8853621657318,113.43575985061412,114.96000273403821,5562672
2005-04-04,114.53966522216797,116.86935391600066,114.18187229535175,116.48427800543938,5257360
2005-04-05,114.35509490966797,115.7221029896249,113.60420604392455,114.63908850757295,3367832
2005-04-06,115.63067626953125,116.16336025690526,114.47867063991976,114.47867063991976,1953408
2005-04-07,114.33426666259766,116.32380882728044,114.07755596716744,115.60179897938698,2483216
2005-04-08,111.79605865478516,115.11248927084215,111.51527692393778,114.7755453180915,4052280
2005-04-11,109.39246368408203,112.31259306227743,109.11168220142633,112.07192322000112,2822992
2005-04-12,110.8686752319336,112.23247224998198,109.5048782138852,112.23247224998198,4112696
2005-04-13,112.4410400390625,112.87424806698051,111.15426422559416,111.83134456671701,4638600
2005-04-15,105.81455993652344,111.91153230587582,105.49366665392596,111.91153230587582,9862480
2005-04-18,105.7872543334961,108.19715548818341,103.56827522228032,104.2902848868818,6024304
2005-04-19,96.9659423828125,108.21325997464957,94.51111025784655,106.69703696447165,27235152
2005-04-20,89.5452651977539,96.26798328067534,87.70815901778955,96.26798328067534,47498256
2005-04-21,91.64710998535156,92.09635855631771,89.04787282013298,90.25122245283747,13252336
2005-04-22,93.60134887695312,93.99444504998564,91.47543118652979,93.05903852419175,12958672
2005-04-25,92.8151626586914,93.69281081018903,92.09636489566795,93.44412049422199,6880584
2005-04-26,91.18982696533203,93.36388636726066,90.98124833070527,92.81836397557477,5539000
2005-04-27,89.50194549560547,91.54282190902629,89.12810210928689,91.54282190902629,6537368
2005-04-28,89.4329605102539,90.65235104969733,88.01781997889819,89.4570216303764,8728872
2005-04-29,90.74061584472656,91.83165128525157,89.6142868359933,90.55610804266993,11065704
2005-05-02,90.56407165527344,94.503033131995,89.69765622893094,92.25678107113264,5129600
2005-05-03,88.93557739257812,91.05347516106929,88.6756545993378,90.65235853040379,5503048
2005-05-04,89.91909790039062,90.21111192338124,88.76709234612835,88.76709234612835,4792144
2005-05-05,91.20266723632812,92.25680266100957,90.29614974678084,92.25359059502019,6495064
2005-05-06,93.66073608398438,93.99767014674636,90.8256463949794,91.45459454881558,8188664
2005-05-09,94.28327941894531,94.84484277552053,93.56126938906289,93.86130388471634,4739040
2005-05-10,92.45738983154297,94.50308479093937,91.95679702490989,94.50308479093937,7075952
2005-05-11,92.18462371826172,92.46540536465363,91.29093467431366,92.09638001654446,3213288
2005-05-12,91.99689483642578,93.19542653155705,91.70809284422789,92.97882748563005,3608944
2005-05-13,92.14450073242188,92.3370386534388,91.46742063176013,92.17659201807227,2388752
2005-05-16,92.60179138183594,92.9708167318764,91.63589937946907,91.8557105146496,5775200
2005-05-17,92.30172729492188,93.43607617047797,91.80754901128161,93.14727424108743,4666576
2005-05-18,91.67118835449219,92.57771583222217,90.09079278993543,92.57771583222217,4588224
2005-05-19,93.25959014892578,94.02171153078798,92.5135095105809,92.53436835288362,3659448
2005-05-20,93.83399200439453,94.23831079526389,92.03216994688431,93.46014866771623,3265616
2005-05-23,98.1772689819336,99.06774556741584,93.86125194132485,93.86125194132485,10362016
2005-05-24,99.06453704833984,99.85393153040594,96.68992947108626,99.85393153040594,6128856
2005-05-25,101.1263198852539,101.83549134061234,97.47134047516353,98.6506194427702,7894472
2005-05-26,103.49288177490234,103.96940350705873,100.37219324501028,100.92091791040114,9782096
2005-05-27,101.81936645507812,104.21002372638398,100.70105881482431,102.92645145569719,7363480
2005-05-30,105.82260131835938,106.9425257561191,101.40229743161873,101.81945486465699,17893184
2005-05-31,107.03876495361328,107.73189559560286,104.73635964641522,105.89477965661926,10365568
2005-06-01,104.65127563476562,106.6969694091516,104.09453073557466,106.6969694091516,7530088
2005-06-02,101.76809692382812,105.01232320128744,101.49051758454647,104.93209988333382,11076624
2005-06-03,103.74158477783203,104.02556865379869,101.16641832465031,101.76809318721077,6548528
2005-06-06,102.71793365478516,104.42668437475018,101.90768013840768,103.88919208574627,5792512
2005-06-07,102.49812316894531,103.39181207130852,101.80820461997598,103.39181207130852,3698192
2005-06-08,103.65653991699219,103.96941279369834,102.37296691953912,102.68583979624526,4832512
2005-06-09,102.46922302246094,104.21006468158983,101.9926915373914,103.80894818935893,3598336
2005-06-10,101.57554626464844,104.29030026176243,101.16961162612206,102.68583410388915,6642624
2005-06-13,102.01679229736328,102.92652202595092,101.09742636897448,102.28473545057476,2590032
2005-06-14,101.56756591796875,102.67785419474953,101.09744853071086,102.44520455159898,3452384
2005-06-15,102.05691528320312,102.51739641870252,101.58680773972031,101.86437733064786,2791072
2005-06-16,102.50133514404297,103.3196189084998,101.47127042612637,102.50936531059419,4593552
2005-06-17,101.69588470458984,103.20407706884184,101.33006170749877,102.90243663741452,3067992
2005-06-20,103.9614028930664,104.44755112252133,101.90768784884787,102.28473353767558,6412672
2005-06-21,104.69942474365234,105.28505873890403,102.95056271492386,104.29028788054376,10463544
2005-06-22,106.96654510498047,107.41900572170265,105.01230656438295,105.01230656438295,11537376
2005-06-23,104.88396453857422,107.31954321957663,104.6914266229894,106.69700950848727,3676944
2005-06-24,106.35688781738281,107.36289155710315,103.88921728590967,104.29033395496722,6021320
2005-06-27,105.61078643798828,106.93768325592242,104.93210029913467,105.87070920575712,3548128
2005-06-28,106.18040466308594,106.5365915789233,105.41828296127889,105.73435820860009,5776112
2005-06-29,106.90235900878906,108.9400228736397,106.06803477969162,106.29586619617285,6446640
2005-06-30,108.9512939453125,109.50483683735328,107.4029896738201,107.4029896738201,7189000
2005-07-01,108.49400329589844,108.8389576432901,107.52811153743328,108.30146539883476,4820568
2005-07-04,109.0283203125,110.05838509691219,106.77724903937875,109.00746146389234,3951648
2005-07-05,105.9107894897461,109.88666066605005,105.30109441007657,109.88666066605005,5187376
2005-07-06,106.54695129394531,107.31196985336614,105.98808982267434,106.7804852412644,3057216
2005-07-07,105.46469116210938,107.90791691657964,104.94930810036554,106.54698674466857,3488888
2005-07-08,105.58063507080078,107.05430665426384,104.1681756019516,105.54037092731943,6088000
2005-07-11,106.78536987304688,107.10264667934078,105.5806597341902,105.5806597341902,3791264
2005-07-12,103.55131530761719,106.37785591744823,102.45613268584454,106.18458608299139,6150600
2005-07-13,102.33214569091797,104.68679245165208,102.02935848941785,103.4788679233638,6469840
2005-07-14,98.64713287353516,103.69625157918097,97.95136742614437,102.96828268718582,8860408
2005-07-15,100.53631591796875,101.61862092567006,97.84667969516268,99.1302955379401,9341720
2005-07-18,106.47445678710938,119.10129133537097,100.82137711418828,100.82137711418828,14475608
2005-07-19,106.22972106933594,109.35743766817912,101.4656638158363,108.58436790989104,4677744
2005-07-20,105.35193634033203,107.50526192384325,105.10230061949028,107.50526192384325,3494304
2005-07-21,103.90564727783203,106.37786162891156,103.07620203255624,106.37786162891156,4198984
2005-07-22,104.20037078857422,104.51443304884336,102.30312960986046,103.4788405402486,5179296
2005-07-25,103.42728424072266,104.87679305255583,102.6896425596032,104.41294944636034,5433024
2005-07-26,101.88923645019531,104.04256238054762,101.46565681075079,103.5481174447291,5229680
2005-07-27,103.4385757446289,103.7204247248595,101.86827428334415,101.86827428334415,2597408
2005-07-28,206.8771514892578,206.8771514892578,206.8771514892578,206.8771514892578,0
2005-07-29,102.17431640625,103.88151252500238,101.62672000507985,102.67358796075816,8358552
2005-08-01,100.8375244140625,102.67357342380431,100.06929118445123,102.029347080753,5430792
2005-08-02,103.90564727783203,104.52571112363906,101.30457981012168,104.04254142661145,4821520
2005-08-03,104.74800109863281,105.28271023518967,103.3178175840146,104.48547803215818,7274320
2005-08-04,104.30509185791016,106.28125958432203,103.72045558427898,105.08943675270503,6346936
2005-08-05,103.51109313964844,105.33103100599175,102.85075509001217,104.68680451665847,3162848
2005-08-08,103.32263946533203,103.88150111722882,102.05028846533891,103.88150111722882,4109360
2005-08-09,103.43052673339844,103.63989829929372,101.78774782463655,102.67355892121172,4743752
2005-08-10,105.73851776123047,106.02841773948532,103.53203988597824,103.53203988597824,6958080
2005-08-11,105.72236633300781,107.02209407269156,105.21825846691851,106.02837775751077,3645312
2005-08-12,103.30653381347656,106.97379574306892,102.72189756875561,106.97379574306892,3821832
2005-08-16,102.19523620605469,103.88149387657342,101.8682866309034,103.88149387657342,3653408
2005-08-17,104.61914825439453,104.84784587237527,101.57034801716641,103.07622328467002,5637488
2005-08-18,106.03484344482422,106.9469230314454,105.3568481924252,105.49405917139556,7813656
2005-08-19,106.97601318359375,107.511959871604,105.82502099313537,106.13981023360306,4966272
2005-08-22,106.37065124511719,108.83568082355364,100.48978060809885,106.94695526564738,4492016
2005-08-23,106.22534942626953,107.40378159439443,105.97835781577017,107.10836315424754,4686416
2005-08-24,104.58201599121094,106.3819574522247,103.63765809458005,106.22537568884115,4036760
2005-08-25,106.8387680053711,107.35049618326242,104.92905641973019,105.33262971365222,6341224
2005-08-26,110.15616607666016,110.57911020630021,106.94694965207869,107.22621928844168,8198664
2005-08-29,109.3974609375,111.22484269946372,107.35053758366237,110.5791251801635,4081336
2005-08-30,111.7381820678711,112.27412876784163,109.42167450963827,109.42167450963827,5807592
2005-08-31,113.392822265625,114.240326391448,111.3862565367347,111.45083222080098,7408896
2005-09-01,114.95868682861328,115.74484699557011,113.7269800674744,113.79639350745698,7600184
2005-09-02,115.19599914550781,116.22915109640049,114.2161315005377,115.4220042137866,4920864
2005-09-05,113.82866668701172,118.40034659278734,113.51387751620248,116.22912008725119,7254784
2005-09-06,112.8762435913086,114.60677138273083,112.0319712261954,114.21126749644559,5023440
2005-09-08,113.49285888671875,114.21122118844103,112.61791490510826,113.00050152919961,2878192
2005-09-09,112.35159301757812,114.13054756248741,109.04552316613896,109.04552316613896,3741776
2005-09-12,115.43809509277344,132.21060426343084,113.52516171948442,115.3412414483777,6631072
2005-09-13,114.80856323242188,115.50270751244754,113.85612606370943,115.50270751244754,2244984
2005-09-14,113.0134506225586,115.17982952061232,111.95124284869605,114.61482685302697,3890080
2005-09-15,117.02820587158203,117.42047799840358,113.16197108022249,113.16197108022249,11040736
2005-09-16,117.64972686767578,119.27209012051672,115.92243057963628,117.42049991331953,5480184
2005-09-19,117.37206268310547,119.45772727070495,116.47128408893732,119.27207956420531,2877448
2005-09-20,118.68770599365234,119.45772719891936,114.61484636653073,117.4398601854241,6293424
2005-09-21,117.33173370361328,119.13489734500477,113.0005801375384,118.97346794480829,6215320
2005-09-22,113.11837005615234,120.02270557981353,112.75838580699362,119.13484427424666,6482408
2005-09-23,114.00627136230469,115.40587122366478,113.02962555408506,113.02962555408506,3815824
2005-09-26,118.31967163085938,118.89274398635717,114.2920064390236,114.61486521427508,2290048
2005-09-27,118.02906036376953,119.53842068105432,116.73762570414976,119.0541326836969,6404008
2005-09-28,118.61017608642578,119.04603715932333,116.79409649340462,118.16624551924284,5900064
2005-09-29,118.88139343261719,120.61999036906107,118.24697738476002,119.45769728972343,8421888
2005-09-30,119.64820098876953,120.41015262221343,118.18726738411313,119.45771554362489,4982976
2005-10-03,120.90251922607422,121.46752197711801,117.47214538045115,117.47214538045115,4472520
2005-10-04,120.24554443359375,121.23349167338162,119.72413057172507,121.05592325655249,6350472
2005-10-05,118.65055847167969,120.18413711859256,118.24698514354473,119.78056379045759,6577720
2005-10-06,114.99102020263672,118.25189642021056,114.38565988450556,118.25189642021056,8233792
2005-10-07,116.61653900146484,117.35910989597494,114.22737730010897,115.01838487053939,6206624
2005-10-10,116.91519165039062,119.05413026187516,116.49547933569788,117.02012465549596,5371728
2005-10-11,118.46974182128906,119.03797614065802,114.7762384511169,117.84339531549273,11565120
2005-10-13,116.33403778076172,119.86126431126786,115.45101431951842,118.6505444697399,13605792
2005-10-14,114.94256591796875,117.19772962223233,114.21128609880078,117.03630024258737,5226192
2005-10-17,115.75775146484375,116.39055170560606,114.92961817973556,115.42197568586454,4388816
2005-10-18,116.55042266845703,118.47870131285305,115.75290886419995,116.63454505604038,10941600
2005-10-19,113.36685943603516,118.09048063618701,110.98564242879868,118.08724212102615,10058832
2005-10-20,114.56069946289062,116.06837628107853,112.51434307347633,114.45878497676212,6352952
2005-10-21,115.52323150634766,116.2139831222613,113.96540691435762,115.58308479816681,5923416
2005-10-24,113.84403991699219,116.79630098766374,113.32315256600376,115.84186743184739,3149632
2005-10-25,116.4727554321289,117.36247786945768,113.92491390705109,114.72242756150729,5420312
2005-10-26,115.03787994384766,116.87717813724717,114.7822841807064,116.47275883573421,4142808
2005-10-27,113.34256744384766,115.57496021148779,112.42857579195868,115.09774341867424,6771944
2005-10-28,110.17676544189453,113.96536281518243,109.59763421900085,113.96536281518243,4501496
2005-10-31,113.33936309814453,113.88451973940168,110.031209946351,110.40651238940575,2851968
2005-11-02,115.58308410644531,116.14927136239011,112.29919999666991,113.34260420018691,2852888
2005-11-04,115.58308410644531,115.58308410644531,115.58308410644531,115.58308410644531,0
2005-11-07,118.47543334960938,118.7132271382203,113.88446506191939,113.88446506191939,4188480
2005-11-08,119.46544647216797,120.05266401315828,118.93161503677227,119.22279492212294,5782184
2005-11-09,117.83165740966797,119.95566919616313,117.30267359828065,119.46550807303873,5000792
2005-11-10,118.87987518310547,119.4573871881757,117.84779623266878,117.84779623266878,3095696
2005-11-11,119.92327117919922,120.35518824339073,118.49485939285445,118.49485939285445,5919888
2005-11-14,122.15898132324219,122.51163400940506,120.51703389194867,120.51703389194867,8040360
2005-11-16,122.27217102050781,122.70085958150642,121.50863184783415,122.23658684864732,6742576
2005-11-17,121.9454345703125,122.78177140807065,120.71599325396981,121.32586107516863,4878464
2005-11-18,123.5064468383789,123.83322087467471,122.29642714729468,122.29642714729468,8707720
2005-11-21,122.83512115478516,124.45602746446943,121.81112842613892,123.70381327280305,6597336
2005-11-22,121.31453704833984,123.33178684776443,120.35525508443864,122.45823669209683,4751000
2005-11-23,122.67335510253906,123.10527228143731,121.24494293684266,121.32582682139025,6054776
2005-11-24,123.2880630493164,124.01116019330067,122.61996141426208,122.61996141426208,4544088
2005-11-25,124.05157470703125,124.56114698501361,122.1637481400383,123.28803579207421,3344264
2005-11-28,125.18077850341797,125.37004406341764,124.2376694718771,124.46414833959435,2535248
2005-11-29,124.9947738647461,125.37007643968536,122.98885856582638,124.94948400362046,3303424
2005-11-30,123.03243255615234,125.57218763339279,122.53904300456686,123.91406856963462,4023376
2005-12-01,125.37805938720703,125.746894498607,122.84316218205943,122.94345737055929,4161968
2005-12-02,125.37007141113281,127.34364096160016,124.64697393209222,125.7469932291236,4784360
2005-12-05,123.86236572265625,125.7016647861571,123.44985981467605,125.5318105738738,1913080
2005-12-06,125.69353485107422,126.9876767800428,123.4530555859551,124.15674131042402,3233064
2005-12-07,129.05506896972656,129.41418860381302,126.20310299848852,126.34060162447246,5618952
2005-12-08,130.75364685058594,131.41203293027647,128.78816466139426,129.00978569772693,9585192
2005-12-09,136.10336303710938,137.06588362305797,130.32825926846786,130.87017756236307,6194224
2005-12-12,133.47454833984375,137.90698803367667,132.81130460486634,133.48749252266086,6191488
2005-12-13,134.8819122314453,135.72310628323197,133.0539391155641,133.62012609052397,6027072
2005-12-14,136.20030212402344,137.50252999218748,132.649499521875,134.26717634531246,4819208
2005-12-15,136.1113739013672,137.38124665046558,134.94664425414842,136.68564737630624,4249016
2005-12-16,138.66732788085938,139.6055789279188,136.12757203689878,136.69375920520437,7907432
2005-12-19,140.2978973388672,141.78939081211493,138.87757217592772,139.60552683497454,4701168
2005-12-20,136.9768829345703,141.54682322733868,136.4511375911545,141.54682322733868,4628568
2005-12-21,136.37826538085938,138.6834552388948,135.1569211500774,137.90697220878636,3282432
2005-12-22,136.2650604248047,137.4783185512445,135.8007877716353,136.6937489122214,2519208
2005-12-23,135.21844482421875,137.90702438061965,134.6716689699306,136.45111444580957,2455032
2005-12-26,134.50177001953125,135.39957887247672,133.96470001528664,135.39957887247672,1625280
2005-12-27,137.35377502441406,137.74525024643586,132.89221735460606,134.49048364353033,1565208
2005-12-28,136.34274291992188,138.31145406880634,135.6147878985071,137.09819569978174,2582056
2005-12-29,138.31629943847656,139.11219409260113,136.01919515773812,136.69376398583975,3461784
2005-12-30,137.73388671875,139.11215083330248,135.88488288996228,135.88488288996228,2380248
2006-01-02,136.4996337890625,138.38423214075547,135.9949191682035,138.14966691426486,1653504
2006-01-03,140.18798828125,140.73476430046455,136.0467360558329,136.31041839122136,3396936
2006-01-04,140.98867797851562,141.53869226793952,139.2982030469978,140.7379399452711,3545616
2006-01-05,140.11997985839844,141.22323703009965,139.2739377376641,141.14235316009388,1431824
2006-01-06,137.95555114746094,140.72987232956768,136.85553229520605,140.33353932162083,2965744
2006-01-09,136.60955810546875,139.92903383646672,135.9657259416766,138.32430132283383,3883272
2006-01-10,135.27825927734375,137.48639266069517,134.34809486377756,136.69372686320534,3972648
2006-01-12,135.37535095214844,136.6128783107662,130.62747097210624,133.70105852439107,13919696
2006-01-13,133.6007537841797,136.69375245820441,132.97309410727104,135.8849136862624,3608568
2006-01-16,130.1227264404297,133.53926008171206,129.62125043071742,133.53926008171206,4804912
2006-01-17,131.3069305419922,132.64960136155693,130.22308426347968,130.30396816674892,3753056
2006-01-18,131.2388153076172,131.5823970675665,129.82396156572656,131.128600878834,3165120
2006-01-19,133.73471069335938,134.08639401006008,131.58246181522188,131.58246181522188,3574728
2006-01-20,133.21929931640625,135.3148279836007,132.48999658292226,134.11066932399777,3294240
2006-01-23,131.44955444335938,132.49002378706476,130.56953015127638,132.49002378706476,2280272
2006-01-24,133.10586547851562,133.6244827933695,132.11725895004616,132.49001174479025,1890064
2006-01-25,133.802734375,134.51258981010977,133.17877934119585,133.62446433442773,6365736
2006-01-27,134.44772338867188,136.13646100428352,133.754070958349,136.13646100428352,3003816
2006-01-30,134.4267120361328,136.10410448558227,133.8756793083029,134.95343071439885,1383144
2006-01-31,135.35861206054688,136.1041176900063,133.89676183705052,136.1041176900063,1503160
2006-02-01,135.05543518066406,135.97435324876903,133.73782832029485,134.191614409989,3896696
2006-02-02,132.6358642578125,135.81237894955396,132.05728288839785,135.32617711560567,3135736
2006-02-03,132.1495819091797,133.5271529327214,130.6585618818107,132.88698559636347,4357520
2006-02-06,136.06033325195312,136.3796010101157,131.78985496201054,132.0767171812048,2894976
2006-02-07,135.6583709716797,137.2304250587729,133.24033070403237,136.13647127176765,7002784
2006-02-08,134.71841430664062,135.4963352018707,133.89673208439487,135.0020320209704,3332648
2006-02-10,135.29371643066406,135.97440074888706,133.30515832134336,135.33910000138482,2728200
2006-02-13,133.78651428222656,135.32615315040482,133.54341340830368,135.29373772218847,2020544
2006-02-14,131.15777587890625,135.32614038930123,130.78825783732466,135.32614038930123,6962064
2006-02-15,131.22264099121094,133.53534436393292,130.05899904657065,133.53534436393292,4209320
2006-02-16,132.0167236328125,132.87892246154766,130.62618406499766,131.67962103326377,5284488
2006-02-17,131.67965698242188,134.22411510185782,131.27448880709133,133.7054978590745,2923448
2006-02-20,133.69415283203125,134.1106669059941,131.87414054199456,132.81412873651016,2643608
2006-02-21,135.001953125,135.40712105154563,133.79455072553503,134.11058368659963,2301240
2006-02-22,134.66653442382812,135.32614929663728,133.8108245157241,135.32614929663728,1156592
2006-02-23,135.37149047851562,136.93867747393745,134.51577094660024,134.51577094660024,4141584
2006-02-24,135.3310089111328,136.13647832650105,134.2159855354004,135.34721167802348,1097336
2006-02-27,136.9760284423828,137.3520257352466,135.0344655094607,135.08308371720122,2521112
2006-02-28,137.82203674316406,138.08134046807302,135.32619635075233,137.35203761348814,2821744
2006-03-01,141.0146942138672,141.43607495097328,136.7247793428346,137.75714681645638,4506152
2006-03-02,141.14434814453125,142.13295424585036,139.4069823742106,141.43606716690422,3277696
2006-03-03,138.22389221191406,141.16054946453974,137.54320790548203,141.16054946453974,2124440
2006-03-06,141.34698486328125,142.05197358780057,138.56752700236106,139.05372885149217,3631584
2006-03-07,139.75868225097656,141.80883682000845,139.3778281888083,141.01146875867866,1985168
2006-03-08,139.58526611328125,140.99848758561632,138.162311111193,140.3502186771767,3813488
2006-03-09,139.77162170410156,140.0260684089437,136.9467914416174,139.3777995737171,4662712
2006-03-10,142.9158172607422,143.83473612918084,136.9468755258116,137.10894283412617,6434944
2006-03-13,148.17808532714844,149.7177242086997,143.73744859333314,143.73744859333314,7178552
2006-03-14,146.1165771484375,148.10513534983778,145.13930699574692,147.87824716112303,3477456
2006-03-16,148.72911071777344,149.093762014127,146.37103431304683,147.23809010543445,4600064
2006-03-17,150.8035888671875,152.38374468820317,149.1018825984014,149.1018825984014,5932240
2006-03-20,154.61219787597656,155.1794334027752,151.16826789184185,151.85705388866882,7012872
2006-03-21,155.195556640625,156.8000259794594,153.85526753774482,154.61211864021112,5301384
2006-03-22,153.4258270263672,155.58456403943032,152.4404553510801,155.58456403943032,5121168
2006-03-23,151.87322998046875,155.5035406709347,151.39189495178204,153.9639016543908,2644488
2006-03-24,153.27186584472656,154.36906435464968,151.4567204555191,152.91045902216482,2917384
2006-03-27,153.23135375976562,154.77423728001702,152.79378005995386,153.55873279876036,2928432
2006-03-28,152.95901489257812,154.8552030304945,152.42419513362643,153.96383346830953,3751272
2006-03-29,153.81475830078125,154.19885681677573,151.28974827017862,152.26215157989589,4284296
2006-03-30,159.48226928710938,162.87758002316613,154.19888109581407,154.19888109581407,5784168
2006-03-31,155.2198944091797,158.65572177148582,154.7742095126772,158.65572177148582,2920168
2006-04-03,158.07716369628906,158.50177912304562,155.58456846433924,156.15180387019882,3105672
2006-04-04,157.89886474609375,158.82588454866135,157.21007902228578,158.0479638271909,2971608
2006-04-05,156.56182861328125,159.2440395941144,155.58455835803096,158.0236684664297,2776928
2006-04-07,153.09356689453125,161.82412770506187,151.93802676364095,157.8534806056387,7385560
2006-04-10,153.48573303222656,155.58126064906176,152.34316130082965,153.96383322956186,7034440
2006-04-12,144.3046417236328,153.96384308015305,142.8622396580578,153.81797864051617,13157376
2006-04-13,145.63043212890625,148.26726028159442,143.42955550189558,146.26573315306302,8601672
2006-04-17,154.49545288085938,154.85523738134293,147.09707991685752,147.8863465311098,9688752
2006-04-18,162.83706665039062,169.19820610401374,160.28450750658007,160.28450750658007,14778488
2006-04-19,163.1012725830078,166.11896459235604,161.90521524659871,164.41725812580017,9803312
2006-04-20,161.2488250732422,164.08985904589687,160.04142198723156,163.6798340148204,6296944
2006-04-21,161.99111938476562,164.49505104406015,159.23110875167163,162.0672862612434,4973000
2006-04-24,160.3865966796875,162.03968443562184,159.23105651637235,161.90516586244883,5234808
2006-04-25,156.14854431152344,160.4384693827237,153.88284741698413,160.4384693827237,5702208
2006-04-26,157.39649963378906,158.5017996692143,154.77425223323073,156.23285775165908,7071136
2006-04-27,157.6801300048828,162.3103937474299,156.39493755992996,157.39651224246845,7164848
2006-04-28,160.28927612304688,161.33784582247097,148.3206113090259,154.53102560695737,5292360
2006-05-02,163.13360595703125,164.04442283533402,160.4465289946699,160.77066339667934,6239280
2006-05-03,164.62464904785156,165.30046660019624,163.28759445387132,164.01203019491015,3148160
2006-05-04,165.60842895507812,166.7591025671534,163.79328352055947,164.33620489559485,3929824
2006-05-05,162.60694885253906,166.52411180779288,161.66209394479165,166.52411180779288,2710520
2006-05-08,163.6442108154297,169.5223949213391,162.87763565577993,163.7690058011598,1484712
2006-05-09,164.0817413330078,165.66514149809788,162.4724147608465,164.6603225905437,1800392
2006-05-10,163.82568359375,165.87583836168196,162.25363910649827,165.66515290489775,1978192
2006-05-11,163.58261108398438,164.44157561278817,162.50486956771508,164.44157561278817,1964024
2006-05-12,161.75607299804688,164.08173392568185,159.66054478055366,162.95860914415573,2777136
2006-05-15,158.89883422851562,162.14828055105386,155.58455705048647,160.44657445831416,4034504
2006-05-16,160.01710510253906,161.6620917472134,155.56836673180806,158.82267018844254,2671568
2006-05-17,163.40916442871094,163.6879153384513,161.2569066948109,161.6620748020843,1343368
2006-05-18,156.043212890625,162.0591484117023,153.96388730604048,161.25691354685293,4542360
2006-05-19,153.34481811523438,158.80973195168502,150.03378476511708,158.01559832134933,4868216
2006-05-22,144.28030395507812,155.58448952190398,141.3225779823961,155.58448952190398,4699416
2006-05-23,148.30776977539062,151.85704730301438,137.83822703437966,145.86055770833826,5388136
2006-05-24,145.1036376953125,152.34317718614662,142.61914459979684,151.53284113728415,5705568
2006-05-25,152.0968475341797,153.834213345696,141.40365509692472,144.23983156018681,5839048
2006-05-26,151.2379150390625,153.96388736875477,149.18290349783027,153.15355111944552,2208184
2006-05-29,149.9576416015625,151.12776280248772,149.1262355306721,151.12776280248772,2802688
2006-05-30,150.751708984375,153.56681624273867,148.69669750182888,151.1277061803329,4516056
2006-05-31,144.47488403320312,149.19103809745476,140.188202341622,149.19103809745476,5769856
2006-06-01,138.51560974121094,147.8863375438841,136.94680024611733,147.8863375438841,5942760
2006-06-02,145.37432861328125,145.86053038121864,136.78476404638727,138.96457061766665,4213560
2006-06-05,143.23500061035156,146.2170412808433,142.15401507131233,145.37428979641757,3211680
2006-06-06,141.71974182128906,144.87195254794267,136.9468582163356,141.38750585959804,2971136
2006-06-07,138.07810974121094,145.8605854784495,137.21105355092178,145.8605854784495,5410536
2006-06-08,133.5353240966797,139.78301514297056,130.56138386841255,139.78301514297056,5360992
2006-06-09,135.42010498046875,137.10884232546002,131.679591476875,135.68750990808252,4061912
2006-06-12,132.79470825195312,137.67617465374704,131.3555498020741,137.67617465374704,3591904
2006-06-13,127.25193786621094,132.0361653379253,126.49346446807539,131.3554810395581,2736984
2006-06-14,120.22634887695312,131.67639396768396,117.6008574914009,126.57127567592123,12786016
2006-06-15,125.64749145507812,128.5193181284988,121.63146059954396,128.5193181284988,5967360
2006-06-16,136.93907165527344,139.3771560170884,128.4382861645301,128.89339326128407,8390168
2006-06-19,135.58677673339844,136.93910235304145,132.97802786556886,136.53275486831433,4294088
2006-06-20,130.62933349609375,137.1829067233983,130.0311912070126,137.1829067233983,3687920
2006-06-21,133.3876495361328,133.85088177074465,129.6248672886082,131.65660502040456,5963496
2006-06-22,136.2694091796875,137.34541626255876,134.09463717942128,134.09463717942128,3668104
2006-06-23,137.7404022216797,138.15812857737876,132.06291702249442,134.09465420745587,3304720
2006-06-26,132.75369262695312,139.78350249057812,131.49889664554908,139.78350249057812,6575056
2006-06-27,133.65252685546875,134.74478379090152,130.03115444236576,134.74478379090152,5002632
2006-06-28,138.0443572998047,139.17888615554696,130.51880431530705,131.65657720473067,4785400
2006-06-29,136.59779357910156,139.7835543376284,135.72007892083687,138.9708592542701,6318576
2006-06-30,141.30812072753906,143.60317003104905,138.6181029448051,141.0025466914941,5449760
2006-07-03,146.30128479003906,146.89455584411806,140.79122109579143,141.5714059642897,4285520
2006-07-04,147.51222229003906,148.80440892842358,146.691402575535,147.1790194262016,3584768
2006-07-05,149.7471160888672,151.32374571361018,146.2850388208906,147.66661974308792,4245072
2006-07-06,146.63449096679688,148.88565104548283,145.6478785297694,148.56057320477217,2310920
2006-07-07,141.9534149169922,148.86945648667876,141.40891329953539,147.8860877163405,2928672
2006-07-10,146.15170288085938,147.71532604811713,141.4088197491679,141.4088197491679,3859312
2006-07-11,143.84375,147.50413117351812,143.29112339479082,146.28508876712542,3618984
2006-07-12,153.6237030029297,155.14343832049389,144.65967533288585,144.65967533288585,9521616
2006-07-13,151.75941467285156,154.31127899637366,150.3697081855117,153.76189637424315,5383576
2006-07-14,152.3234405517578,154.08698488094447,148.324974865149,149.53589250049464,4949808
2006-07-17,151.07997131347656,155.54979294996994,150.42981543907752,153.17672797665,8996832
2006-07-18,149.08885192871094,158.47547629380557,147.54473190328412,151.16122354178378,11043936
2006-07-19,142.83599853515625,154.00567161311778,141.860764730746,152.9491683250067,14046384
2006-07-20,146.7856903076172,147.91045716012428,143.84698306231869,144.32647498997795,6312720
2006-07-21,143.648681640625,146.67515617283055,142.4328835177503,146.1225197605611,4391664
2006-07-24,147.7528533935547,148.88574562622688,141.0026029811701,145.87877368945266,6825088
2006-07-25,150.12908935546875,150.75486027895704,148.32165721509753,149.53581828209215,4636600
2006-07-26,153.501708984375,154.0055755006285,148.92623593926214,150.99860648029963,5908720
2006-07-27,154.38763427734375,156.0341548114003,152.42091673926714,154.0056716720401,7399848
2006-07-28,151.14804077148438,158.71805940842398,150.42359614047717,153.04460937144103,3019608
2006-07-31,152.4015350341797,157.09819737497003,151.40033529401256,152.2143155912922,1724700
2006-08-01,151.7259063720703,152.98757565788955,140.49297982735695,140.49297982735695,1762508
2006-08-02,153.0608367919922,153.43526569183533,149.77235483977557,150.58633502912218,1784732
2006-08-03,153.79344177246094,154.98185103791099,152.55618573938003,153.43528844877218,3010272
2006-08-04,154.4202423095703,156.90288289312062,153.51672592051898,156.28425968578816,2674200
2006-08-07,152.39332580566406,154.98178608132378,151.5630702118828,154.81899008754087,1719964
2006-08-08,155.43768310546875,155.95863250820167,152.21432295946613,153.02830329614778,1178400
2006-08-09,157.27723693847656,158.7261255461797,153.5980507208416,154.65622489114946,2052120
2006-08-10,157.2202606201172,158.7261238463518,156.28418347948485,156.44697950394266,2279124
2006-08-11,157.5214385986328,158.53891381161563,155.79580461192654,157.89587742603558,1893972
2006-08-14,157.04122924804688,158.72616455885054,156.12142749942328,158.5226694760828,1721428
2006-08-16,158.27029418945312,160.27268326791088,157.58654891146543,159.37730514909572,3804268
2006-08-17,156.30865478515625,160.02854111009924,155.9586392507376,158.7261725151035,2497168
2006-08-18,157.8633270263672,158.3191539656958,156.28420340058403,157.09818362662872,1803640
2006-08-21,157.79823303222656,158.88896871867917,155.79584330304914,158.88896871867917,2414088
2006-08-22,158.79127502441406,160.02852106013194,157.91217235842115,158.23776446637666,2178096
2006-08-23,156.78884887695312,159.33661066179198,156.30046079829629,158.88892158968986,2497736
2006-08-24,157.977294921875,158.70987716555095,155.18533861868588,157.91217252570186,2369852
2006-08-25,158.6285858154297,159.03557622450427,157.52971171092827,158.07507488457253,2611752
2006-08-28,159.71923828125,160.4029838394724,157.63545033794554,158.7261861169807,2300316
2006-08-29,161.18435668945312,161.4936731427675,160.02850876949645,160.35410085244555,2679596
2006-08-30,160.15875244140625,161.98207019365665,159.71106330268006,161.34716162240474,2744772
2006-08-31,162.4786376953125,163.44727643033892,160.1913545890971,160.1913545890971,6076856
2006-09-01,162.67396545410156,162.9588585634783,161.34717357020537,162.1448782509734,1728728
2006-09-04,165.5880584716797,166.05202338603823,162.63330525750217,162.63330525750217,2010492
2006-09-05,163.7402801513672,167.6799469107005,162.958861026807,166.5403744559676,3945288
2006-09-06,161.7542266845703,165.6450580672495,161.34723636990876,165.6450580672495,2800432
2006-09-07,160.6309051513672,161.98211072087733,159.58900619332198,159.58900619332198,1583584
2006-09-08,161.33087158203125,163.77281212060893,160.35409536660018,163.77281212060893,1570564
2006-09-11,155.21795654296875,162.6333175322836,154.49351184998713,162.6333175322836,4073480
2006-09-12,159.19825744628906,159.540125168566,154.98183587803553,155.47022401630664,1835256
2006-09-13,162.7878875732422,164.09839359035342,159.70290090489752,160.02849295567205,2307632
2006-09-14,164.97755432128906,165.4008201621509,163.1053993686663,164.26124758229355,2388728
2006-09-15,163.23562622070312,165.07521987904119,162.25884977171472,165.07521987904119,2359700
2006-09-18,162.1692657470703,164.58678276570404,161.50993389082393,163.93559865980612,1390388
2006-09-19,164.43211364746094,166.05193599070475,161.23317790117287,162.30762763013,3973944
2006-09-20,167.68807983398438,168.33111628469206,161.835549892617,164.58680712168632,2695896
2006-09-21,171.42425537109375,172.22196005910973,165.72639313178863,168.00553802751068,5107184
2006-09-22,169.23463439941406,171.56260589008437,167.69619986998265,170.121864884475,2488644
2006-09-25,166.96368408203125,170.93591308441194,166.41832109575248,170.44752476131362,1349580
2006-09-26,170.0078887939453,170.93581814341385,166.849642084212,167.67989779782502,3717008
2006-09-27,169.7393035888672,171.7498308091342,168.68112927582513,170.93585056833263,3352740
2006-09-28,166.12522888183594,170.77305405694926,164.91239633907495,170.13001761748606,6121572
2006-09-29,166.38577270507812,168.51026008696613,166.05204264584137,166.39391052383286,1752804
2006-10-03,165.12408447265625,168.49396577542177,164.26126711826143,168.49396577542177,1632712
2006-10-04,160.744873046875,165.40083753040167,160.08554089312412,165.40083753040167,6947628
2006-10-05,162.75534057617188,164.261203942343,161.65646730896592,162.47044750689625,5849400
2006-10-06,161.85183715820312,163.93562464005558,160.842499646847,162.95884832641076,2766944
2006-10-09,163.1460723876953,164.26122140288464,159.62967159708293,160.35411603750384,1546832
2006-10-10,164.66818237304688,165.6937953625086,163.2844161346179,163.2844161346179,2769780
2006-10-11,170.08116149902344,175.7220482167198,167.67991992724973,167.67991992724973,6773716
2006-10-12,176.2349090576172,176.63375151523695,169.47072380401997,170.93588856313252,5052848
2006-10-13,179.66168212890625,182.33154080810857,176.16156772946488,177.3499866141135,4874112
2006-10-16,183.9107666015625,187.21553574681815,181.51767161539323,183.14563279580034,9727060
2006-10-17,181.8268585205078,190.4306232475413,180.70356213273848,185.91303419422283,8749216
2006-10-18,180.0930633544922,181.8431202413268,179.238384409759,180.71982393945174,4995084
2006-10-19,177.83834838867188,181.15124290265183,176.2510874420973,180.05236993963865,3103620
2006-10-20,177.3826446533203,179.40132047345267,176.81285824528302,179.0757282402885,2129404
2006-10-23,176.32147216796875,178.73751369793655,173.2687890880479,178.73751369793655,1327904
2006-10-26,176.18270874023438,178.24776833430397,175.4889153539513,176.46838836988033,5140212
2006-10-27,175.43177795410156,177.93759235638692,173.43202060881188,176.49287368833689,3126408
2006-10-30,176.1990509033203,177.61112865986166,173.07289515879316,175.6521823878779,4154172
2006-10-31,177.46421813964844,179.37420286665784,175.5052717083159,176.30517881993006,3430936
2006-11-01,176.82757568359375,180.53326170667142,176.35417952011562,179.08037229418497,1910904
2006-11-02,176.31336975097656,177.9376550531942,174.99923506149005,177.9376550531942,2204376
2006-11-03,174.17478942871094,177.61111539514994,172.71375008094543,177.1213788637295,3144440
2006-11-06,172.94235229492188,174.65643069519473,172.38731339886996,174.10139179914282,2536892
2006-11-07,173.88092041015625,177.10501851782865,173.07284335836,175.3256388678559,3219180
2006-11-08,173.57901000976562,174.81967226663218,171.5955724920943,173.85651948773867,2436760
2006-11-09,173.62791442871094,175.4889171636533,171.95464800924356,174.5094441376236,3365420
2006-11-10,174.46046447753906,178.70484763807175,173.87278464079745,174.67269160653768,3313476
2006-11-13,175.611328125,176.30512142691146,174.03600523046856,174.8032709560975,2023316
2006-11-14,180.59036254882812,181.2025332693326,176.46841303076445,176.46841303076445,6003860
2006-11-15,179.04776000976562,183.16154065237276,178.02747513536517,182.01882159304424,2698040
2006-11-16,177.50502014160156,180.54955321153207,176.87652884692133,179.57008004763588,2101688
2006-11-17,178.77835083007812,179.1619738501019,176.50106367069424,178.5906144801927,2221684
2006-11-20,182.4840087890625,182.99823618577577,173.94627966388416,177.12956744766882,5174936
2006-11-21,187.49560546875,188.05879440811606,181.85546612034835,182.2145982081431,4158152
2006-11-22,187.4221954345703,191.1605221852511,185.3408148556959,188.38534808008518,5591464
2006-11-23,186.77734375,190.89929264573394,186.09987093610638,188.71179894924472,3870324
2006-11-24,187.7323760986328,188.8587743407115,185.47142929371444,187.73237609863278,3205304
2006-11-27,189.49530029296875,190.01767769022115,187.7322417042563,187.7322417042563,2933708
2006-11-28,187.70785522460938,188.71181914760237,181.39026163761292,187.73234603783973,2682960
2006-11-29,190.1075897216797,190.80138322341043,187.73235929184025,189.36481459003016,2603156
2006-11-30,195.69871520996094,196.71082934850014,190.34425478867317,191.45433217007627,6254552
2006-12-01,194.15606689453125,195.89463577249876,192.83378208855345,195.89463577249876,3762140
2006-12-04,194.65399169921875,197.6903548484814,194.26219840602218,195.8946538548123,2234092
2006-12-05,194.57235717773438,197.47811574465882,193.44595900059863,197.47811574465882,2116476
2006-12-06,195.6660614013672,197.0373276505355,191.35637601573688,191.35637601573688,3180856
2006-12-07,194.96412658691406,201.5184180739486,193.78874692214532,196.71084562690254,2872872
2006-12-08,192.1236114501953,195.731332611256,191.54408201903274,195.731332611256,1887268
2006-12-11,191.5604705810547,194.0989466942449,185.12044201116376,191.8135091385515,4279432
2006-12-12,182.91661071777344,192.62971945289837,180.38630508089213,190.99726420329756,5118300
2006-12-13,182.9737548828125,186.26315641587135,176.36231068049628,182.91662293074833,3617220
2006-12-14,187.6670684814453,189.36482608006372,180.39449164319294,180.39449164319294,2916024
2006-12-15,189.3974151611328,190.73604017541038,187.4058280948592,190.73604017541038,2305716
2006-12-18,192.83384704589844,194.0010569627118,183.4880373160549,188.5486504448785,2351424
2006-12-19,186.40196228027344,193.25012634502488,183.6512782318005,192.7930307482279,3623628
2006-12-20,184.26339721679688,190.6462936354535,182.0269413633006,187.73236482774433,3755660
2006-12-21,185.6020050048828,187.73236723007585,181.36579129792545,185.6101752526924,2255816
2006-12-22,188.377197265625,189.36484082885318,184.1573037205726,185.28370201788653,1750016
2006-12-26,194.49070739746094,194.98044393450638,188.22207573779332,188.22207573779332,1797392
2006-12-27,195.2416229248047,196.874077965982,192.80111060921652,195.07837742068696,2394400
2006-12-28,197.8372039794922,199.15948840060094,193.93563296714254,196.77610834457096,2418308
2006-12-29,199.4860382080078,200.69405911881293,196.302750364263,198.09028095170038,1874468
2007-01-02,203.81204223632812,205.36287475634825,198.50656256257508,200.69405662893212,1545060
2007-01-03,208.97874450683594,210.26021778033714,202.28567856817614,204.54662490587145,4384972
2007-01-04,205.5342254638672,209.77043761436968,204.07316649056418,209.77043761436968,3970700
2007-01-05,206.1790771484375,207.09324801016544,204.5629426294839,206.50556816529965,2718740
2007-01-08,203.04486083984375,205.5261856905491,198.3433801541042,205.5261856905491,4951892
2007-01-09,205.10165405273438,205.99133407353784,200.01655264636753,203.71406727657103,4020568
2007-01-10,201.6735076904297,204.873115711271,200.79197794809826,203.167208097237,2931428
2007-01-11,208.57057189941406,211.89261311961803,195.71499155798887,195.71499155798887,7400664
2007-01-12,216.12896728515625,216.95336539552002,210.61127890274128,210.61127890274128,6175748
2007-01-15,216.5207061767578,223.31988653217502,212.2273606655303,220.38146697254115,12255832
2007-01-16,216.1533660888672,226.73983295099234,215.32081801077845,226.73983295099234,7625964
2007-01-17,212.978271484375,217.93276902695467,212.21917583149144,217.10022086110206,2633828
2007-01-18,214.74134826660156,216.4554265215672,213.03544026001455,213.03544026001455,2719816
2007-01-19,211.917236328125,216.54524415707638,210.93776292824379,214.74137267465352,2882056
2007-01-22,214.91140747070312,216.37585066149865,211.08263124448644,212.72703642534006,3180956
2007-01-23,213.1525115966797,214.99327757913443,212.71073575032622,214.85420147740012,3124152
2007-01-24,213.88072204589844,215.00154038882263,212.40810875556403,214.5924811415075,2355148
2007-01-25,215.23876953125,224.00082589670575,213.18530425828203,216.80138372033247,5553976
2007-01-29,212.34263610839844,215.1651446600223,211.2381762403717,215.1651446600223,2982324
2007-01-31,209.09466552734375,214.9851169047399,208.12928200133027,212.23623160585234,4865928
2007-02-01,211.40989685058594,211.8925785187814,208.62010626366506,211.0662712849303,1859904
2007-02-02,212.79261779785156,213.85617182759862,211.90087663927122,212.54718225252532,4274616
2007-02-05,213.6598358154297,214.9851837929807,211.72906816268386,213.52892886576697,3010736
2007-02-06,212.4488525390625,214.98501793681154,211.08259969047515,214.8377527254519,3411964
2007-02-07,213.74154663085938,214.73964673605224,211.92530843739928,212.71070981692725,2599984
2007-02-08,213.4470672607422,215.14875734170943,212.27715408172773,214.5760745242218,2650024
2007-02-09,210.6491241455078,215.56600361741152,209.95372352360252,214.248845011841,1993360
2007-02-12,205.47862243652344,212.49806223068575,204.52959711646565,204.52959711646565,1786388
2007-02-13,205.0039825439453,210.23993698051277,202.0751165362742,205.5112116352716,4130352
2007-02-14,206.2884979248047,207.31114564404328,202.89330749693264,205.02041475294888,3137876
2007-02-15,211.44261169433594,212.71069468186244,200.45528220124422,206.98386828658153,3673556
2007-02-19,214.31422424316406,215.77045847398978,211.92530342591937,212.93978184828546,4738696
2007-02-20,212.63711547851562,216.6049888628488,211.89261990562767,214.9851107854547,5400148
2007-02-21,210.06817626953125,214.63327916939508,209.43822934006153,212.71070167349998,3938188
2007-02-22,211.77804565429688,214.73962898997777,210.41996170672456,212.71069223852405,6939112
2007-02-23,209.0046844482422,212.6289526219339,208.29292550036308,211.89264612959167,3167688
2007-02-26,210.4363250732422,211.70440807633423,201.6661033949614,208.12923612039828,4677684
2007-02-27,206.84483337402344,211.76171188771278,205.18404939417726,205.18404939417726,4709968
2007-02-28,195.2685089111328,203.70329785578565,191.76695807108862,201.74800281710944,9347956
2007-03-01,205.2904510498047,207.47482315055916,194.77762976634773,196.34841307623896,7858564
2007-03-02,197.7473602294922,206.16578860822577,196.51199374482474,205.3149536605481,5311752
2007-03-05,189.0753173828125,196.18475700978613,188.1671981328224,194.7121441548336,5120880
2007-03-06,195.89840698242188,218.4375638517713,189.98340828115604,197.98460843493876,3623920
2007-03-07,195.00672912597656,200.38993275222845,189.37806998182216,196.6756828378243,4440632
2007-03-08,199.3590850830078,201.20802058432304,194.71216882392008,194.71216882392008,2274988
2007-03-09,198.33641052246094,201.74795961614242,196.02113188981235,200.97893645375694,3232148
2007-03-12,202.0751495361328,205.13490292024215,198.14818306741444,200.38981843720745,3636936
2007-03-13,207.0494384765625,207.62212143901425,196.36480264480966,200.52084870989316,2032088
2007-03-14,198.56546020507812,203.20418602809664,197.1664702071197,200.4389427416777,3824948
2007-03-15,201.96067810058594,204.6931850514855,200.92984112168202,201.2570884199258,3823288
2007-03-16,202.5088348388672,205.81402491273727,198.8273023426095,203.1224235882435,4224284
2007-03-19,206.3130340576172,206.94298102312035,196.64288175388322,199.01542433133744,1213696
2007-03-20,205.0204315185547,208.86558725733045,204.20231327626198,206.16579705776448,2775592
2007-03-21,207.3111572265625,207.70385796740803,202.89331883262628,206.32941536124332,1970036
2007-03-22,213.20985412597656,213.85615970258706,208.9474490743716,208.9474490743716,4125592
2007-03-23,210.77987670898438,215.9831142694534,209.4381714128033,214.6741256981234,5265296
2007-03-26,206.38662719726562,212.49796476121253,205.38852721586872,210.25632939445632,6098736
2007-03-28,196.511962890625,207.78563403202332,195.37478674842754,207.78563403202332,8818048
2007-03-29,204.25953674316406,205.64216828051389,194.540289972118,194.540289972118,10266624
2007-03-30,201.88705444335938,205.3149821987004,199.66177660093558,204.2595975785477,2807056
2007-04-02,194.581298828125,199.62091684950184,193.89408726775383,197.98467982614525,3875896
2007-04-03,196.78201293945312,199.0972918907825,194.3849221522011,195.53028785511813,3256852
2007-04-04,196.086669921875,200.38996177106378,194.7776801626817,199.29369083717884,2402496
2007-04-05,195.39935302734375,197.33012006886312,194.0740054693604,196.2583771818724,2533992
2007-04-09,199.1626434326172,200.7252568452194,196.43013722656278,196.43013722656278,2284524
2007-04-10,195.91481018066406,200.43900894879854,195.587562819115,199.1627362493197,3480240
2007-04-11,194.80215454101562,197.89462570659265,194.22128256412958,197.23196187407947,3826336
2007-04-12,196.50387573242188,197.82105451495002,191.76697757776793,194.38495679384667,3694956
2007-04-13,206.4930419921875,207.54023732505914,195.36663402430418,197.98461236968848,9778848
2007-04-16,209.47909545898438,213.67604442423232,207.84285960302668,210.0926839049685,9986220
2007-04-17,204.57046508789062,215.1650962532103,202.5660754079653,210.37091539668765,10464964
2007-04-18,204.12046813964844,206.98388152036495,203.05691459823944,205.18402168105743,2853584
2007-04-19,203.36788940429688,204.2023662331267,197.18290589914395,201.25713979707197,3164652
2007-04-20,205.78131103515625,207.46662283942885,204.54594434643468,204.85683331183404,2870752
2007-04-23,204.1695556640625,207.76927520953598,203.7114015506588,205.34763770769217,2265224
2007-04-24,200.41436767578125,206.49298856853383,199.4571735856123,203.54776369196205,6922516
2007-04-25,199.8416748046875,200.74979375112477,197.65730379471918,200.43890492428062,21752404
2007-04-26,202.95877075195312,204.46410027796935,199.6208444403636,200.76620994125096,5941756
2007-04-27,201.9934539794922,202.32070137354563,199.17094520578118,202.07526582800554,4805284
2007-04-30,207.14749145507812,207.78562753247672,197.16645118749537,203.06509035145996,3888052
2007-05-03,211.10733032226562,211.86001546579752,208.2193874411227,208.58754083687634,6643028
2007-05-04,208.30108642578125,217.60308652289504,207.63840268310165,212.5471119663901,7101200
2007-05-07,208.27664184570312,210.24012652966243,207.00855798731274,209.7656137363191,5553328
2007-05-08,207.23753356933594,209.43826358396615,205.71582569604797,207.8020271497164,8191004
2007-05-09,202.8114776611328,212.7107067038908,200.4389351632817,212.7107067038908,4699828
2007-05-10,201.2080078125,211.05816418250225,200.602608256627,203.71145781362202,3044200
2007-05-11,204.94679260253906,206.0021570619118,197.9845989236801,204.52954434264473,3867656
2007-05-14,204.57046508789062,209.1928331252695,203.89142295670817,209.1928331252695,1260376
2007-05-15,202.5742645263672,206.16579559511604,200.43896793969614,206.16579559511604,4203120
2007-05-16,200.30804443359375,206.9838966795717,198.07459781192972,206.9838966795717,6523616
2007-05-17,204.52963256835938,205.13503229132297,201.25715844726565,201.7643879413158,2931260
2007-05-18,204.9959259033203,208.7838181345715,204.52960240455673,206.1576500502594,2921004
2007-05-21,202.4106903076172,207.8020828132151,201.2571353230351,207.8020828132151,2856844
2007-05-22,201.36343383789062,203.54780540763588,199.79265090984845,202.4842517620172,6160224
2007-05-23,201.81338500976562,203.13873239028888,200.45530091977542,203.13873239028888,1271812
2007-05-24,200.39810180664062,204.52959972100493,199.7845130074776,204.52959972100493,4552804
2007-05-25,201.2489776611328,202.07528540059053,197.6574451529663,199.77636424525807,5244168
2007-05-28,200.52084350585938,204.52962413898345,200.201785281641,204.52962413898345,2585172
2007-05-29,201.4452362060547,202.07518318726508,199.62082873559788,200.42258851786002,2967280
2007-05-30,198.9091033935547,204.52957203845315,198.0173424753124,204.52957203845315,2600056
2007-05-31,197.71463012695312,201.0934624368219,196.34837666736067,201.0934624368219,5176492
2007-06-01,199.4081268310547,201.10981672232882,198.17278030376602,201.10981672232882,1728988
2007-06-04,197.67372131347656,204.5295560261924,196.67562107478662,200.92983584013143,1853384
2007-06-05,197.66563415527344,199.26096535441,196.34845527834213,199.26096535441,1751600
2007-06-06,196.40560913085938,199.12994641048596,192.7813419372988,198.80269916905542,3832020
2007-06-07,197.49380493164062,198.70462430042292,190.67070466453438,196.34843903725664,2008940
2007-06-08,199.63719177246094,201.33888156012887,194.71212438565897,197.4119143456282,6019076
2007-06-11,199.8416748046875,202.79508869933173,199.30172892251096,202.32876544585724,2648136
2007-06-12,199.18728637695312,201.2571299602879,196.34841947345163,197.98465630239704,1402072
2007-06-13,196.88021850585938,199.62091550147386,195.2521706680523,199.45729180024315,1768488
2007-06-14,197.0928497314453,199.62082680275006,196.56107293873305,197.98459051748162,4176068
2007-06-15,194.4416046142578,200.28601210705784,193.71925761174447,200.28601210705784,4983152
2007-06-18,190.86268615722656,196.18176049155298,190.43585118845309,195.85342281709012,2874456
2007-06-19,190.43588256835938,191.33881132191624,187.69427055088997,191.2731397681741,3495436
2007-06-20,188.30162048339844,192.57000943943015,187.31660764739112,190.59998376741552,4024968
2007-06-21,188.07183837890625,188.92552845851972,185.5108082203531,187.97334107283567,3043728
2007-06-22,187.1442413330078,189.61499012953942,186.2495292657684,187.97330190330965,2677304
2007-06-25,184.8131103515625,188.79420555567123,183.66392823078885,187.14430035193072,2803776
2007-06-26,184.1562957763672,187.15237547141393,183.5160336417283,185.67485671769225,2832744
2007-06-27,186.0278778076172,186.9390026141294,184.52572929509688,185.49432921312513,2956696
2007-06-28,186.6353302001953,187.80092488406007,184.68993357457123,187.80092488406007,4342792
2007-06-29,188.6874237060547,189.7791503349539,187.16066574906944,187.3166181074242,3004456
2007-07-02,186.2413330078125,189.28667301381387,185.67495852439157,189.28667301381387,1477152
2007-07-03,185.1167449951172,188.79413032424307,184.5257412908254,188.79413032424307,1829368
2007-07-04,183.48329162597656,187.1524608638316,183.212409056172,185.18243496000179,2415464
2007-07-05,182.4982452392578,185.2152267764381,180.71701781890485,185.2152267764381,3179204
2007-07-06,190.21421813964844,191.24027332311422,180.60212516488488,183.04824473029535,7605684
2007-07-09,193.18565368652344,194.11321150235133,191.25667010393016,191.8148480847934,5359768
2007-07-10,194.23635864257812,197.0025994687571,191.7491968162569,194.54006697539765,7492968
2007-07-11,188.61355590820312,194.54004613256842,180.58569683192007,194.04753968666319,6062124
2007-07-12,190.85440063476562,191.91328112448954,186.16737450399586,189.61491847629208,5763944
2007-07-13,186.49583435058594,207.09902731801424,185.5518633580544,202.92913405601968,5784648
2007-07-16,185.231689453125,186.82411900681095,182.8840672878624,186.33161254194238,3990240
2007-07-17,189.7381134033203,193.02970625496894,188.79414268987097,193.02970625496894,6164688
2007-07-18,191.52752685546875,192.07748830541004,188.35906112634223,189.9432939909055,4371180
2007-07-19,194.08033752441406,194.5400181572111,191.33872671918107,191.58497990672183,4075512
2007-07-20,193.0460662841797,195.35262554590608,191.6506316984604,195.19667322590854,3744932
2007-07-23,195.51686096191406,196.181752742495,190.78059420289532,192.0447062237304,4716456
2007-07-24,192.38943481445312,195.68922392803069,191.5850036275267,195.344473430816,3127176
2007-07-25,188.49862670898438,192.24168373368897,187.97329451329963,191.74917728518253,2670172
2007-07-26,195.213134765625,198.64426702221832,187.98970687390795,189.61498215757203,6002804
2007-07-27,189.76544189453125,193.38629160977817,185.3216717894555,190.91753044029164,3203236
2007-07-30,187.04153442382812,192.5633373033443,186.02112135649992,189.27165632379996,1835848
2007-07-31,190.30857849121094,191.2466997047214,185.98000917929016,189.4362748366044,3218540
2007-08-01,183.53585815429688,188.4486867110899,182.85283051180863,188.4486867110899,4382172
2007-08-02,180.24424743652344,185.07478585028827,179.39663546181788,184.33415753874866,1912008
2007-08-03,180.5323028564453,183.34668694123678,178.32687190379716,183.34668694123678,1993184
2007-08-06,180.95193481445312,184.00497713145356,176.76327856814052,179.39662350025435,2737548
2007-08-07,182.57310485839844,183.97206936122686,180.07141510472638,183.19851222869582,2985212
2007-08-08,189.69955444335938,192.3987366315477,184.00495085891387,189.2716399711547,4055164
2007-08-09,188.56387329101562,195.6656766277401,186.8357413595003,190.91743243407382,5074436
2007-08-10,188.36651611328125,189.84777312072512,177.81667855620879,183.51128481110405,6290560
2007-08-13,186.72061157226562,189.27166444081575,185.1817546664992,189.27166444081575,1205524
2007-08-14,186.0210723876953,187.62576644279818,184.33408632976665,186.80284641454028,1222796
2007-08-16,179.06739807128906,184.26824862946012,178.5736460545484,181.0424061382518,6663120
2007-08-17,173.82546997070312,179.8903889467626,171.03575792293256,179.06746859476462,6901104
2007-08-20,173.7266845703125,180.94369042000338,172.99427356685644,178.32680026959434,4386844
2007-08-21,167.0939483642578,177.1747209200921,165.3246699156828,177.1747209200921,4363364
2007-08-22,168.8467559814453,169.96591530169567,163.9256895949191,167.87570621166415,3826620
2007-08-23,165.88426208496094,172.48407823593809,165.24238029473457,169.8507335300459,3113748
2007-08-24,167.6123809814453,168.94550761273314,164.50173878122433,167.052791258572,1926972
2007-08-27,168.9455108642578,170.96990251834734,167.88394183610623,168.6903975752835,2666856
2007-08-28,169.3158416748047,171.0028281896691,166.39447478321026,170.50907603897707,2263504
2007-08-29,169.7849578857422,171.13455959477096,164.7486883150569,167.875786295063,3196688
2007-08-30,172.15487670898438,174.29446886693543,168.69861245383268,171.49654066038406,7003172
2007-08-31,175.17501831054688,176.05553890313828,172.31948924523076,173.14240944219938,2377496
2007-09-03,174.66482543945312,176.92785615774994,173.37284464753628,176.1049358965511,2496264
2007-09-04,175.46310424804688,179.01811677481072,174.6237293597715,175.2820657569808,2182756
2007-09-05,176.49168395996094,178.23627069347987,175.29844971942248,175.611163400625,3516964
2007-09-06,177.42166137695312,177.91541368134168,174.62373165208467,175.28206805793607,1871860
2007-09-07,177.1335906982422,178.4914091635249,176.10494034575532,177.25702874054062,1691576
2007-09-10,172.36068725585938,177.13362583826083,171.8257889664523,177.13362583826083,2201060
2007-09-11,168.4270782470703,180.128999815516,167.87572571509276,180.128999815516,3386556
2007-09-12,167.15158081054688,170.79712205198567,166.80595827481326,169.52159548402335,2344104
2007-09-13,169.65322875976562,170.34447366002732,166.29571047815676,168.68217894972236,2153072
2007-09-14,168.27896118164062,172.81324967596058,167.56301454859238,172.81324967596058,1900228
2007-09-17,164.1973114013672,169.8178617505474,163.87637043634047,168.69868197041166,5086176
2007-09-18,164.9872589111328,165.85132504783365,163.43193785598893,164.09027396014196,4942808
2007-09-19,168.37771606445312,170.13053022926124,167.41490335740454,168.6986569819405,4642668
2007-09-20,164.9214630126953,168.22137156065716,164.12323430259835,167.87574903668852,2355156
2007-09-21,167.5135955810547,168.69860240704477,160.96315429667297,163.10274632720134,7928660
2007-09-24,165.7772674560547,169.5215542117015,164.61695203096966,167.87571387954907,3595068
2007-09-25,164.8638153076172,166.888196750239,163.9586031950666,166.229860668384,5400496
2007-09-26,171.29083251953125,172.6157420228629,165.4069533337775,166.22987349961718,8340892
2007-09-27,174.87060546875,175.69352596507352,172.31955193014704,172.81330422794116,8602140
2007-09-28,174.48374938964844,177.75073810423308,168.69861718225823,168.69861718225823,6249532
2007-10-01,171.43898010253906,174.6236774593391,168.3694835446785,174.6236774593391,2176580
2007-10-03,177.61907958984375,180.21951533604513,172.79677949881673,172.8132338838789,5122872
2007-10-04,177.6356201171875,178.57374141362686,173.47163451609467,178.57374141362686,4359804
2007-10-05,176.56581115722656,177.63560768993145,174.01475788693028,177.63560768993145,1744048
2007-10-08,177.4792022705078,180.84495807110008,174.8211659051807,177.92359124991592,2662144
2007-10-09,180.21133422851562,181.8325035239836,176.9772730597496,177.75081021602418,3707640
2007-10-10,185.23934936523438,186.02112360733554,180.7791256021488,181.8159930687555,3983236
2007-10-11,176.43411254882812,186.86874598452695,174.4591038262666,186.80290834227603,5598340
2007-10-12,175.03514099121094,176.927857607477,169.57095844840845,173.1424243749449,4912920
2007-10-15,176.78793334960938,179.66815376882482,174.4179193864903,176.10490563203078,6871600
2007-10-16,175.84156799316406,183.511179176455,174.62364224772983,181.0424189184758,7060528
2007-10-17,180.17019653320312,183.51126161965132,164.58409113870073,174.45913660702277,6924440
2007-10-18,184.9678192138672,189.25524264833484,177.30644214041152,186.8029357728859,13645436
2007-10-19,182.49905395507812,189.27169289735383,178.14581305477105,188.91783310551014,8094132
2007-10-22,176.90444946289062,184.33908209429597,175.7739944835889,184.33908209429597,3836808
2007-10-23,175.52647399902344,181.53358953638414,174.76733756275527,176.2526123862348,5862364
2007-10-24,172.95204162597656,181.53363147764716,172.1764059859783,181.53363147764716,4100988
2007-10-25,173.21600341796875,174.9323245939935,171.32641230949346,174.76729409909353,4925272
2007-10-26,176.79721069335938,178.89309031698627,171.99480626692704,173.28205242881512,2960060
2007-10-29,176.25262451171875,179.88329655222233,175.16342692863378,179.7182660049267,3536052
2007-10-30,173.03445434570312,177.40776196626692,171.6812124986008,176.91267053752384,3145804
2007-10-31,171.3016815185547,175.54295786796408,167.836040562977,172.78695621380228,47216528
2007-11-01,168.8345184326172,174.10724702775403,168.24866193819452,174.10724702775403,5518404
2007-11-02,168.5292205810547,169.9814875866794,165.52566218392178,166.68087617722932,3494680
2007-11-05,166.89535522460938,170.11346029001774,165.89692263882873,168.4961532098922,1876468
2007-11-06,165.74012756347656,168.29810028921503,165.03049843473963,167.5059559112607,2198988
2007-11-07,164.5436553955078,166.5405304573705,162.7365694346939,165.87214888486267,3504016
2007-11-08,163.32254028320312,164.99759486000255,161.7299909352326,163.39679599641602,2686964
2007-11-12,159.06463623046875,162.59629280044135,158.42927286315523,162.59629280044135,5280988
2007-11-13,156.3417205810547,160.52525195200687,152.92559553164713,159.06472523199363,4697988
2007-11-14,162.8356475830078,172.47342577088608,158.4293298325081,158.4293298325081,3588368
2007-11-15,161.76296997070312,164.6840131327821,160.07965610843164,163.5452981478925,2295396
2007-11-16,162.20846557617188,164.70042183743325,159.609235472024,161.72987314697855,3666816
2007-11-19,163.95791625976562,166.18582956576145,158.44588968104898,158.44588968104898,2943548
2007-11-20,158.64381408691406,163.2151608491944,158.11571448419414,163.2151608491944,4111392
2007-11-21,155.9208221435547,161.72989804712694,154.46855568582734,158.64382552904203,3337028
2007-11-22,156.81204223632812,160.03013819962533,154.30357567604528,160.03013819962533,2402356
2007-11-23,158.58616638183594,159.41956894616146,156.73782153894084,157.1916557155474,2273540
2007-11-26,162.57154846191406,164.04032400368826,160.0795918345851,161.72989690504474,2234300
2007-11-27,164.3621826171875,164.84902476704656,160.09613674369845,163.46276408145906,1503964
2007-11-28,161.15232849121094,165.65766039148593,160.07962994006616,165.03054632996512,2927688
2007-11-29,159.4277801513672,165.11308530302102,157.60419436720147,165.030570018012,5029688
2007-11-30,167.04388427734375,168.001059221045,159.42772220991785,159.42772220991785,5334612
2007-12-03,173.26564025878906,175.9226290321774,166.7469312092853,167.6710985897676,6516348
2007-12-04,169.9319305419922,173.28205839577527,169.16455468535946,173.26555937166043,1783824
2007-12-05,170.509521484375,172.45688963600315,168.41364198424995,169.9814318900318,2069240
2007-12-06,170.89732360839844,173.56254977511747,170.17942489579679,171.63170119480492,4163452
2007-12-07,175.3614501953125,176.9210009070355,169.36259401258084,171.63176396890043,4805808
2007-12-10,170.90560913085938,177.24278537442973,169.98144221197637,176.5991622923285,3864020
2007-12-11,171.84629821777344,173.1170252352488,169.197550164384,173.1170252352488,2907456
2007-12-12,173.84323120117188,174.93242908907436,169.33788794102637,169.68444815826768,3718608
2007-12-13,169.91543579101562,175.2789282095788,169.6018737436338,173.2325455346612,4645736
2007-12-14,171.6977996826172,174.1072418439985,167.55552655817928,167.55552655817928,2720436
2007-12-17,167.07696533203125,176.97880025713778,165.8557349955345,176.97880025713778,3203328
2007-12-18,165.83917236328125,171.63173954381978,165.57511748961574,166.68082398005575,3845860
2007-12-19,169.07386779785156,169.78350751194694,166.3508626063781,167.01098507703833,2671020
2007-12-20,172.5146942138672,173.93395302010873,168.82626517675527,169.89896383134854,3036020
2007-12-24,183.13438415527344,184.83420679374063,173.28206886913185,178.23298512253564,4655664
2007-12-26,181.58309936523438,184.78467551595148,179.2479133476242,184.0090400867217,2905996
2007-12-27,183.3076629638672,184.83419538107697,179.31393215751464,182.37523643131658,4008568
2007-12-28,178.5878448486328,181.53363665067002,174.93241349973655,181.53363665067002,2196596
2007-12-31,177.80386352539062,180.8816863586197,173.61208482470263,178.72803029006937,2156168
2008-01-01,174.0330352783203,177.73796436028584,173.61219917086416,177.73796436028584,928388
2008-01-02,173.28208923339844,175.09742540631976,170.22902385166714,174.9323948451451,2864924
2008-01-03,166.85411071777344,172.45689907053065,165.9134347083105,169.99794021261255,5168280
2008-01-04,165.8887481689453,168.8097915751751,165.41015543728392,166.8541730744219,2318868
2008-01-07,161.0037841796875,166.48279989710127,160.4921935557734,165.0305332193043,3647344
2008-01-08,163.0254669189453,163.7103479075046,159.96415143984564,161.72998079572028,3207732
2008-01-09,164.41986083984375,166.02065846783316,163.36367183950972,164.17231512642252,2450128
2008-01-10,162.00222778320312,166.59832412754207,158.7593737599757,164.70047298592073,3342376
2008-01-11,163.3389434814453,165.69062819436334,151.06066979335571,151.06066979335571,2149188
2008-01-14,158.61911010742188,164.99753453765993,157.70318253752288,164.99753453765993,4158864
2008-01-15,155.128662109375,159.74951587433512,154.13847915974068,159.25442439951794,2935588
2008-01-16,155.94569396972656,159.53511012933865,152.6533309260311,155.12879034645323,3131956
2008-01-17,152.27369689941406,159.41951800021127,151.66308182421756,159.3865098742909,6302096
2008-01-18,149.05557250976562,155.1286938280767,148.04888026153827,153.39587331191203,4333816
2008-01-21,137.1486358642578,149.30313983890238,132.89084971048234,149.18761643995782,4840032
2008-01-22,132.065673828125,163.38021504510309,119.64712717949469,134.45036686023525,6376872
2008-01-23,144.4398193359375,147.42982672091736,133.34945001161626,142.2946305092899,5359120
2008-01-24,139.68568420410156,147.0985918449359,136.786781774725,144.11686363186286,2013336
2008-01-25,146.53536987304688,148.7054114337545,140.8203908993345,141.3007844804829,2243116
2008-01-28,141.51612854003906,144.1168601066054,136.66253975626375,144.1168601066054,2485660
2008-01-29,143.7358856201172,146.53539140442166,141.63210842029807,141.79776000909374,3258712
2008-01-30,144.09197998046875,147.76116543085413,142.4603164467876,146.10465012333333,3032856
2008-01-31,144.73802185058594,147.42985916683432,138.37699916365534,144.1168286237594,5966956
2008-02-01,153.97314453125,155.89469882651898,144.66352365743478,146.60164917714496,4169520
2008-02-04,161.61801147460938,163.82945661727678,155.54687539294528,156.54078513986508,3730520
2008-02-05,158.2054901123047,161.51024012466112,154.9918565289849,159.02546719966634,1722872
2008-02-06,150.0968780517578,154.05595447441394,148.17532395415407,154.05595447441394,4007952
2008-02-07,145.61593627929688,150.09680693911696,144.29072439554594,150.09680693911696,2574652
2008-02-08,148.82138061523438,153.22770851311327,145.77338755842126,146.435993865505,2576820
2008-02-11,150.0968780517578,154.3872576023159,142.4769061100126,148.82136909779052,3200988
2008-02-12,143.23062133789062,153.22768865626378,142.4603375614993,149.9146575501824,5161328
2008-02-13,143.94290161132812,148.58942508950523,141.01914800987743,144.94509136378716,2185376
2008-02-14,144.74630737304688,149.08637955555537,142.62596977481462,146.60160656296276,2246480
2008-02-15,144.56410217285156,146.94119774723694,142.46032557538066,142.46032557538066,2213044
2008-02-18,141.3338623046875,144.94506299490465,140.80377548076453,144.56406656571681,1723160
2008-02-19,145.01963806152344,146.43595666096115,141.63206215511514,141.79771368979948,1947288
2008-02-20,146.7838134765625,148.20014211552123,144.65519540687188,145.75678210149164,3060624
2008-02-21,151.51316833496094,154.22156666995426,146.10464210837773,148.75506645501497,3562052
2008-02-22,149.177490234375,152.54850509247558,146.60161084558584,152.39941466433783,2401516
2008-02-25,149.2106170654297,153.89027283239986,147.47127598390094,153.7246213008257,3255460
2008-02-26,148.82138061523438,153.06205693634232,148.25816120998527,153.06205693634232,4999584
2008-02-27,145.3675079345703,151.54630839822318,144.78772754046355,150.41159938541273,2364056
2008-02-28,145.9224090576172,147.42983364958351,144.4481066768953,146.60157615717011,5579004
2008-02-29,145.34268188476562,147.7114971559271,143.040121170851,145.77337189386088,3416480
2008-03-03,140.5718994140625,143.9015015910699,139.14730014725828,143.45424038991152,3141328
2008-03-04,142.2615509033203,144.11685030871863,140.3234257218825,142.1290316837708,3010532
2008-03-05,144.9947967529297,146.2371833527387,139.97555691181492,139.97555691181492,2209348
2008-03-07,140.16607666015625,143.47081731446252,139.520031508321,142.89103683327627,1996828
2008-03-10,138.09539794921875,141.46640244090833,137.49076583835352,140.16604201304938,2494168
2008-03-11,136.41404724121094,139.14729773238275,135.83426683399267,139.14729773238275,4043520
2008-03-12,136.42230224609375,140.80378681072906,134.2191391334038,138.98162015788435,1884412
2008-03-13,129.15853881835938,135.00603756437087,126.06085225335734,135.00603756437087,3408600
2008-03-14,133.1590118408203,134.6581666528683,124.23867875074467,129.20822590077447,2216056
2008-03-17,131.17112731933594,132.14019459483904,127.34458197352794,128.37990377819077,1958904
2008-03-18,135.45326232910156,137.291990325241,127.55168207946781,130.86471278283062,3596080
2008-03-19,134.4178924560547,139.14724008196592,133.4405447017297,137.15942236650926,4361924
2008-03-24,136.44715881347656,138.73314776346575,134.41792769693632,134.41792769693632,3301984
2008-03-25,145.193603515625,149.0615636951163,138.31906324648816,139.14732111023957,2928896
2008-03-26,145.50001525878906,155.71243598205143,141.06055634013757,155.71243598205143,2171768
2008-03-27,141.21791076660156,145.11072121002107,139.32947952854624,144.4481151770986,6151152
2008-03-28,144.29075622558594,144.89538832515277,141.13509675338932,141.30074827540034,3633696
2008-03-31,134.25228881835938,144.2907678142367,132.02427364625575,144.2907678142367,4051860
2008-04-01,137.8800048828125,141.2841508741298,134.17769836114718,135.83421315572923,2086728
2008-04-02,141.01095581054688,143.95127236342466,140.67965253698318,140.80389126456956,1428844
2008-04-03,146.6678466796875,147.7611425692698,140.8037793541248,140.8037793541248,3287172
2008-04-04,144.59715270996094,147.41322732024565,142.46852554114386,146.767182630132,2020844
2008-04-07,149.76556396484375,152.4159887941161,145.47519483880012,148.25813888742243,3659528
2008-04-08,146.99090576171875,150.24596291654163,144.94511306722595,149.9146598009594,4055352
2008-04-09,145.15213012695312,147.76114131040478,143.95115672504681,145.77332326587018,1482600
2008-04-10,149.01185607910156,152.34145844118444,145.27641549081855,145.77337016182477,2925932
2008-04-11,150.41162109375,153.2276977001308,147.96826050880196,149.59164382448412,2189264
2008-04-15,161.36944580078125,163.166760899457,145.83961449689892,152.73071426324807,5703772
2008-04-16,160.9967803955078,165.98288908733633,159.35682565071613,163.16681212677275,6438768
2008-04-17,165.8005828857422,167.30800742325053,162.26391745456533,165.6017990726313,3999556
2008-04-21,164.5582733154297,171.44937456784174,163.43183455348495,167.14243375744186,3399296
2008-04-22,146.9660186767578,163.15845344681136,146.10462882032982,163.15845344681136,13785196
2008-04-23,147.2890625,150.03059330974065,145.7816275049666,146.93290766492808,6326156
2008-04-24,147.5541229248047,149.89809647718366,143.1229438192885,149.74900603314447,15290096
2008-04-25,147.31390380859375,151.07419556685588,146.60160425073184,151.07419556685588,6828568
2008-04-28,146.05491638183594,148.42373059579435,119.26906922876333,134.0120513973188,6598136
2008-04-29,150.83401489257812,154.05593952079877,144.1416984248972,146.11294577823108,16209848
2008-04-30,152.56504821777344,155.00840811051194,150.16310120457288,151.75335173460329,9487980
2008-05-02,156.33363342285156,159.35677388374378,153.0620156638038,153.2276671959075,5298780
2008-05-05,153.6334686279297,157.28608177499933,152.58986631599038,156.54065010781923,3613764
2008-05-06,155.2238311767578,157.36902143848084,144.54758343705396,150.74295737791323,3982796
2008-05-07,160.14364624023438,162.3219683067625,157.3689825996614,157.3689825996614,12585540
2008-05-08,156.87203979492188,159.85376811203759,152.0681441729021,159.83720699894815,10845832
2008-05-09,151.90249633789062,158.85986258237418,150.7429352971434,158.85986258237418,4492296
2008-05-12,153.5424346923828,154.85935650321878,150.79261273569804,151.90248020752875,3898508
2008-05-13,149.92298889160156,155.94443103298323,147.26428255045963,154.05599861859105,4462876
2008-05-14,160.87246704101562,162.164546789355,147.62034631842576,149.91461567429783,9373188
2008-05-15,163.12538146972656,165.98287101565475,159.0420662772594,161.1789755471378,7177896
2008-05-16,162.5124969482422,164.65768714798864,160.4335714314155,164.65768714798864,3838648
2008-05-20,158.37948608398438,163.99507920398563,156.91347351108624,161.5103052766525,4946904
2008-05-21,159.87034606933594,160.35073972638085,151.57120542318026,153.7246761013238,3140184
2008-05-22,159.2159881591797,163.24959927720508,157.5346209159026,158.4457044227769,5445200
2008-05-23,154.45347595214844,162.2887905551368,153.40986332377722,161.4936653087408,5401384
2008-05-26,158.2717742919922,159.50588035242347,151.73681867100188,152.39942486607177,5457272
2008-05-27,160.49978637695312,164.65763612212777,156.706361943192,162.33851448660482,5682072
2008-05-28,167.2169189453125,168.17769568208246,160.69852595448157,160.69852595448157,5469588
2008-05-29,164.76531982421875,170.34776902404207,163.0011267556543,167.14241554517804,8258940
2008-05-30,172.1367950439453,173.76845860434454,162.00719972835935,164.1606696633989,15485284
2008-06-02,162.97625732421875,175.1599357116502,159.8537299593943,168.13630664122817,7054764
2008-06-03,161.53514099121094,163.99506289033803,155.4060325801579,159.02551553002473,4900256
2008-06-04,158.4871368408203,163.96191911197963,156.76435649855807,163.96191911197963,3787856
2008-06-05,162.6449737548828,165.12146650174742,159.68809756922363,159.70465868034574,5905256
2008-06-06,160.052490234375,165.42788373080808,158.6610135126668,163.99499413179387,4137784
2008-06-09,151.4220733642578,159.8371799456025,147.42987517071614,149.4591065986277,6140140
2008-06-10,145.607666015625,152.2337259025704,143.6198480495414,150.74286242800767,6155372
2008-06-11,147.4878387451172,150.74289542124234,145.77334941834422,147.4298647526436,4113368
2008-06-12,147.13998413085938,149.48395752544022,141.96337337477792,148.09248050997837,2464004
2008-06-13,150.67666625976562,152.71418868940327,145.77338375936043,145.77338375936043,6732432
2008-06-16,150.87538146972656,153.72458924069733,149.62471468928865,152.2337257674578,6541784
2008-06-17,152.6147003173828,153.55891573723255,149.9145833249142,149.9145833249142,3504824
2008-06-18,150.0497589111328,153.39751827294563,148.40085643995064,153.3642051609121,6431336
2008-06-19,147.90126037597656,149.56681510994025,146.5688165888056,146.6104554571547,3289068
2008-06-20,143.87892150878906,149.88325361774312,140.16473700454662,149.88325361774312,8157760
2008-06-23,142.97950744628906,146.47717139139476,140.40622408209973,143.87890064701722,3572312
2008-06-24,140.639404296875,144.52014364858388,137.1417403877772,141.5721106063399,9287176
2008-06-25,146.03582763671875,147.40158446376805,138.45755408519167,139.90658864357647,5914196
2008-06-26,146.7936553955078,149.56680796130868,143.3043265272198,147.2350314452081,7028316
2008-06-27,144.15374755859375,146.79364747705142,141.76368082481304,146.79364747705142,6260948
2008-06-30,142.93789672851562,146.23569277852837,141.57213993365502,145.06980456731003,3258044
2008-07-01,141.1890411376953,145.23633608489538,139.08211086558188,144.07044806586526,5059616
2008-07-02,145.9858856201172,147.90127373720944,139.90661029195485,141.5721651763829,8141112
2008-07-03,142.67970275878906,146.73532311689468,136.66704607532947,146.73532311689468,4172528
2008-07-04,140.65606689453125,144.91155628726335,139.1570679578222,144.88657907109382,3939584
2008-07-07,141.94692993164062,143.90395712635672,138.57418093649164,140.73940251362433,1794132
2008-07-08,138.2743377685547,140.7393564158263,136.24235922857505,138.2660120291333,3947624
2008-07-09,146.0275421142578,148.2260768601614,141.5721822607575,141.5721822607575,3578548
2008-07-10,144.63674926757812,148.06778729150247,141.9635263025601,144.90323390731962,3504368
2008-07-11,133.01121520996094,157.06183292951485,130.81269079253275,152.73139002795878,5523784
2008-07-14,127.88960266113281,133.24436463103794,126.74870185527485,133.24436463103794,4559896
2008-07-15,125.0248794555664,130.98756381279458,122.77638039774298,127.88962567812713,4509844
2008-07-16,121.26902770996094,128.855637130024,119.23705920792703,125.69108335478863,5739900
2008-07-17,130.45460510253906,131.06253678916676,121.59384980867564,122.4183016283003,10350716
2008-07-18,132.2200164794922,133.5774472226754,124.75000993738638,129.91322797217808,8339496
2008-07-21,135.3762664794922,135.74269049926355,130.4129161483722,133.07780332381788,3582068
2008-07-22,138.5491943359375,140.56452206869005,134.25206429145445,135.90929361810782,4241164
2008-07-23,143.32931518554688,144.9032664926669,136.39228559600267,138.24104734357874,5971420
2008-07-24,133.6691131591797,145.6527832978515,131.9702450429691,145.6527832978515,11742336
2008-07-25,133.1111602783203,141.48890006165374,130.24640358824394,133.1111602783203,8842536
2008-07-28,134.285400390625,136.06754665221354,130.74609526405038,133.24442829457362,1969372
2008-07-29,134.73500061035156,135.5427902805052,131.91188438487663,134.36025093880363,2472192
2008-07-30,139.73167419433594,140.90588789363565,133.244338433698,140.90588789363565,4420076
2008-07-31,139.3639678955078,140.7429816707857,137.31634138070126,140.40867530102136,5195580
2008-08-01,140.51734924316406,143.2419445097381,135.60304081710072,137.90139744111937,4011724
2008-08-04,136.28839111328125,140.40872258919921,135.5612785950483,136.22989155975878,5238928
2008-08-05,138.68704223632812,139.57295234851463,134.60014356723522,136.29675299703186,4768200
2008-08-06,143.8437042236328,145.41494860303155,139.8069600035833,140.39199628494322,5009932
2008-08-07,142.64013671875,145.40652951781794,141.24441199471923,143.58455609877376,3072320
2008-08-08,141.2611846923828,143.25031212719696,139.30550014484015,141.23611783026382,2086672
2008-08-11,139.3973846435547,143.383983566545,137.8177851864798,142.41449724545882,3405100
2008-08-12,136.9402313232422,141.02712827470629,136.22983036733888,139.57289368923676,3323504
2008-08-13,138.45301818847656,140.02426262932232,133.7225838260739,133.7225838260739,3697968
2008-08-14,139.2720489501953,141.18595513984351,135.56124585190597,138.57000346637489,3741508
2008-08-18,140.66770935058594,142.48132686588283,139.5728584296946,140.4086240490341,1956648
2008-08-19,140.61761474609375,142.24735827509753,139.58961859306467,141.16086258909502,1953300
2008-08-20,140.67616271972656,141.91310077676232,139.5729554164859,140.86003740508275,1127256
2008-08-21,136.70620727539062,140.74296015404576,136.26325752450336,139.7400411980787,1976516
2008-08-22,136.8984832763672,137.8596142639607,134.30760844024545,136.8984832763672,2645284
2008-08-25,136.7646942138672,139.57286478221556,136.39695528417712,137.73418033598278,942244
2008-08-26,139.4141387939453,139.8988872048143,135.38575033948425,135.38575033948425,2205004
2008-08-27,136.8065643310547,139.74010150277957,135.91228842139532,137.0823610416339,2131788
2008-08-28,132.44384765625,137.77603936939093,130.82246961010208,137.06563819581507,6580688
2008-08-29,135.76173400878906,137.05717038253283,133.7224643864528,133.7224643864528,1998500
2008-09-01,136.22149658203125,137.065618165656,134.89262665815167,136.22985220123124,1527432
2008-09-02,141.87960815429688,142.58165350626052,136.22147745067494,136.22147745067494,2647848
2008-09-04,141.11073303222656,142.88255286570995,139.12996149718518,141.24445355135748,2461676
2008-09-05,140.14125061035156,142.08022369995632,137.90139359113405,142.08022369995632,2445368
2008-09-08,143.20013427734375,146.15874766434226,140.7429804406087,143.75173774218942,5170432
2008-09-09,144.5541229248047,145.7074843857363,140.40872452683814,142.9160231791031,2815328
2008-09-10,142.2306671142578,145.45672195070145,141.76262997552234,143.94398747633565,3063456
2008-09-11,139.8570556640625,145.08894770563035,138.56997424881055,142.23063265545105,1908976
2008-09-12,135.4860076904297,144.58750036050313,133.8813412470857,144.58750036050313,3573964
2008-09-15,127.13674926757812,133.55543771420685,124.52916282488623,130.3795261790755,8550948
2008-09-16,125.17266082763672,125.53204426293964,121.1860613723452,125.28131448078996,5072364
2008-09-17,122.03852844238281,127.81367877465473,121.68751085733624,125.03057434242788,4200868
2008-09-18,120.54248046875,125.19769093047147,112.15974714866002,121.68747529690685,6357104
2008-09-19,128.181396484375,130.32932070867795,122.03851786303655,130.32932070867795,9544368
2008-09-22,128.17311096191406,145.0890220214497,125.86639813611939,145.0890220214497,4472944
2008-09-23,120.51739501953125,128.32344747247402,119.57297584591188,119.57297584591188,2966120
2008-09-24,119.18852996826172,125.03053354254456,115.3857964948755,121.1107908449185,7380724
2008-09-25,115.06827545166016,120.3252358177886,112.16816109633065,119.19695163453365,15122632
2008-09-26,113.02899932861328,117.00724356953302,111.35746727761996,117.00724356953302,4217244
2008-09-29,103.63497924804688,113.46358491693353,102.2977537093624,113.46358491693353,5578636
2008-09-30,111.25718688964844,113.11259388203574,98.62040665958135,98.95471312283418,8391372
2008-10-01,112.28516387939453,114.48323257511622,107.87231524857499,111.92578041281067,6017916
2008-10-03,109.90328216552734,111.14857614838054,107.37090587960591,111.14857614838054,4172404
2008-10-06,103.46784210205078,108.85853339088946,100.29193095513808,108.85853339088946,5882984
2008-10-07,96.2635498046875,111.15689860448987,94.60872873705453,105.49876581656429,8884604
2008-10-08,91.3659439086914,94.09890511533354,84.91383384322518,92.77003500588577,8301380
2008-10-10,87.72203063964844,91.93429492006754,80.30042676086917,90.26276228515722,13742076
2008-10-13,95.75370025634766,100.77666174854943,87.72199156378288,88.24852819012348,13866024
2008-10-14,99.07169342041016,103.53468543865941,97.17449867555389,100.12475643090882,7424624
2008-10-15,90.78089141845703,98.39472721786063,89.47709860547661,97.78461400684412,5308752
2008-10-16,82.74082946777344,88.37389403966002,78.21097697567929,87.75542519309305,8031800
2008-10-17,75.86250305175781,88.42406868939561,74.38319577841408,83.57662447012818,9743540
2008-10-20,82.13070678710938,84.41234641758047,76.09647664673962,83.01661650114706,12413060
2008-10-21,93.4553451538086,94.92630139869289,82.4650279294294,89.99528225645794,11804900
2008-10-22,91.37429809570312,92.77002319257677,85.43199895486356,92.77002319257677,6020668
2008-10-23,91.48291015625,98.28604489613708,83.78551021120529,87.6968977114285,10501016
2008-10-24,83.38439178466797,89.66099878079652,73.54742294548674,84.19508598963036,8479936
2008-10-27,83.03336334228516,86.58536932320827,69.42709204028901,80.40070008583625,8972576
2008-10-29,90.94568634033203,96.6970614387481,89.17150752677595,94.51086700621987,10955572
2008-10-31,90.3907470703125,100.06045489643896,89.08743862418241,95.68806527071222,10375980
2008-11-03,92.05558013916016,98.04238368198298,88.63333983324647,94.16609595117122,7532020
2008-11-04,85.51383209228516,100.32949879747744,82.40270939079592,100.32949879747744,9422540
2008-11-05,85.16068267822266,92.30786209438611,84.08440334186768,86.60693544212371,9233164
2008-11-06,84.11805725097656,88.87723345104747,81.07420016880525,88.87723345104747,7861916
2008-11-07,88.31385803222656,89.97031676797158,81.68800256082653,84.08440819436596,5877720
2008-11-10,91.89586639404297,92.913285842279,86.61536061334012,92.47605095576469,4099016
2008-11-11,88.93605041503906,92.11444429181327,87.44776089775061,91.14747385880929,6498776
2008-11-12,89.95352172851562,93.24122068432222,86.61536390647527,88.93609197738509,7742044
2008-11-14,89.27241516113281,92.24059897871169,88.03637842362,91.65200810099884,6617464
2008-11-17,87.27960205078125,90.30664027219564,85.00932338472047,88.96128995156703,8090972
2008-11-18,81.2507553100586,87.44777666349859,80.72102461246023,87.44777666349859,9755152
2008-11-19,81.1666488647461,83.41170277844958,79.32520407016922,82.4026902448393,8175088
2008-11-20,79.5438461303711,80.72102778557743,77.35765162784503,80.72102778557743,5016448
2008-11-21,85.16910552978516,86.94328462351571,77.35766136715131,78.988901061866,6845692
2008-11-24,87.43094635009766,89.40692936870099,82.44473828683282,84.75705884051757,8370556
2008-11-25,84.75704193115234,90.80270997094755,84.09277337904933,87.29638570872513,5774020
2008-11-26,88.70063781738281,89.12946621519899,83.60511997147752,84.63095070339413,6135556
2008-11-27,88.70063781738281,88.70063781738281,88.70063781738281,88.70063781738281,0
2008-11-28,94.07362365722656,95.51987112133818,87.11143176206546,87.11143176206546,12138064
2008-12-01,94.87245178222656,99.85024516165363,93.56072666599727,94.07364982093334,11958704
2008-12-02,89.60871887207031,95.85619235679674,87.96066709140878,95.85619235679674,6658808
2008-12-03,89.93667602539062,92.77873297236484,87.71684571781302,90.19733562367301,9997992
2008-12-04,92.39196014404297,93.11508406674673,84.6477823731772,89.9703248644373,8256508
2008-12-05,87.75048065185547,91.70244758087115,87.15348344520773,90.54208898151555,7105448
2008-12-08,87.82615661621094,91.86220785371991,86.16969802650026,89.97030883613758,7621404
2008-12-10,90.98775482177734,93.63641422622288,89.04540664469303,92.45923226869152,8088380
2008-12-11,85.37088775634766,92.44238866544462,84.42073509100719,92.44238866544462,7300252
2008-12-12,80.93966674804688,85.75770848337123,79.92224724209983,85.75770848337123,7121036
2008-12-15,78.98047637939453,84.42073811927892,78.57687228333282,84.42073811927892,5997716
2008-12-16,80.6117172241211,81.54505203348272,78.19849386029118,79.03933788029431,5847868
2008-12-17,80.26698303222656,82.73906696386726,79.375690258019,81.62074523559383,6476068
2008-12-18,85.85018920898438,86.45559290183542,79.37568914131366,79.86337773037945,5723936
2008-12-19,86.36309814453125,89.80215267334704,83.09221757305171,84.58891909118645,4943988
2008-12-22,85.85855102539062,87.36366335156477,84.656145520601,87.36366335156477,4106852
2008-12-23,84.18531036376953,86.03516734081875,82.78109972295209,83.27719978327546,3567120
2008-12-24,80.40992736816406,84.88321940221033,79.41773226883373,83.52946233432388,9148436
2008-12-26,79.3167953491211,83.24353695726316,78.23210991651572,78.23210991651572,3154564
2008-12-29,80.1828842163086,80.63694204290613,77.35765034355957,80.0483512250747,4875608
2008-12-30,81.14983367919922,82.99128366752048,79.03931777859094,81.5618491970566,3522528
2008-12-31,80.36787414550781,82.78950400938977,79.41772138510852,82.78950400938977,2543696
2009-01-02,83.79847717285156,85.5474360927964,83.1005779608883,83.58826625767574,5375740
2009-01-05,86.64896392822266,87.95227197372238,83.7480524721104,84.42072759236832,4829776
2009-01-06,85.16068267822266,87.78411708890987,83.79010793017115,86.60693544212371,5918992
2009-01-07,84.8916244506836,87.41415693395,78.13124047479288,87.27962392101799,9013828
2009-01-09,90.29824829101562,92.45921348258561,81.56187619985884,84.06759054535102,14219980
2009-01-12,86.19489288330078,89.1294396959424,84.94203874419514,86.04354203099244,7595416
2009-01-13,88.39795684814453,90.30666911956806,82.10003159506417,84.01715538794109,13359808
2009-01-14,90.63457489013672,93.77091678507756,88.79312451635911,88.79312451635911,5958904
2009-01-15,85.84180450439453,87.95232183791086,83.80696008554732,87.44781521168957,7171524
2009-01-16,84.5888900756836,87.27959035642104,81.8141054111731,85.54745410353772,9790076
2009-01-19,84.21054077148438,87.09464028252253,81.94866797800026,87.09464028252253,6868376
2009-01-20,83.48741149902344,85.41294138009636,82.40272057332842,83.19311606840441,4635196
2009-01-21,82.78950500488281,84.25257573820865,81.56187471662912,82.57088759972144,3669860
2009-01-22,83.51263427734375,84.76548886565907,81.25076167028327,83.2435631478187,4848136
2009-01-23,81.75524139404297,83.89939307739361,81.27595940310864,82.41951004682427,3031220
2009-01-27,83.93305206298828,86.60693505075572,82.57088370858457,82.57088370858457,5243956
2009-01-28,85.8532943725586,86.28471588673695,80.39705498560318,80.39705498560318,4789396
2009-01-29,86.96146392822266,87.63820683816992,83.93304043883641,86.6315496943679,10017036
2009-01-30,86.55545043945312,87.13068108779298,84.305276354253,85.43882320259311,8707524
2009-02-02,83.12092590332031,86.08167542387815,82.41880633535837,86.08167542387815,3234692
2009-02-03,84.5674819946289,86.25087678725687,83.40855879617207,83.40855879617207,3808560
2009-02-04,84.36448669433594,86.77538918046665,83.40858808662034,85.10044585714003,2484756
2009-02-05,81.69982147216797,85.03278378456551,80.91310853783133,84.59289967363443,4341548
2009-02-06,85.06658935546875,85.92943767577695,82.39345668634205,82.90101391438932,6840388
2009-02-09,87.13066864013672,88.59412963227413,84.0261088316903,84.59288217489001,4595224
2009-02-10,88.75482177734375,89.33005733768033,86.45390018855046,87.46901447647865,6790772
2009-02-11,87.08836364746094,88.48414606628863,86.62310284118504,87.63821732760518,4502732
2009-02-12,86.267822265625,87.24910282012762,85.28654687426227,86.6231134118563,2844372
2009-02-13,86.48778533935547,87.97661835393488,85.7772028950865,86.2847603086669,3257208
2009-02-16,84.71977233886719,87.12221228173054,84.2545114822883,85.8786958687917,2501996
2009-02-17,82.09735107421875,84.55900064859269,81.20912625579598,83.91609713098919,2950388
2009-02-18,81.33604431152344,83.05327853581079,80.70159778803261,81.43755678790977,2629412
2009-02-19,82.8164291381836,83.3747400783537,81.03997866637373,81.54753594403368,3477072
2009-02-20,80.20250701904297,82.47805754370988,78.55294586816876,82.30887178464586,4771388
2009-02-24,79.33116149902344,80.48162718000486,77.91000287017533,79.51726677303454,4495532
2009-02-25,81.33604431152344,82.02124449163792,79.51729761084974,79.51729761084974,5517928
2009-02-26,81.58140563964844,83.00256551540853,80.70163729777042,81.37838058747919,8808288
2009-02-27,81.73363494873047,82.73182981778966,77.02181088864774,81.5475295954491,6750148
2009-03-02,77.800048828125,81.54751122633411,76.94565790515297,80.21094516624794,3988944
2009-03-03,75.49068450927734,78.84056032925608,74.33176107695976,76.4719598043428,3560896
2009-03-04,77.91849517822266,78.57832373441987,75.49068379371099,75.79521607877173,3258300
2009-03-05,78.36683654785156,79.66956364322374,77.48706863779998,78.6629115917733,4284496
2009-03-06,81.49681854248047,82.02975288851776,77.42789612494153,77.82548386863796,5805604
2009-03-09,78.33296203613281,81.20911830959773,77.65621938355284,79.70336694023462,4535184
2009-03-12,80.76925659179688,82.05506901517779,78.10458167016996,78.10458167016996,8617456
2009-03-13,85.75182342529297,86.2847576605683,80.08409914758897,80.08409914758897,10199700
2009-03-16,87.94274139404297,88.450298589845,84.99891069101896,86.2847232863452,4672896
2009-03-17,84.17835235595703,87.63820237199883,83.41701662106516,87.13064521540424,6946172
2009-03-18,85.46417236328125,87.04606000632523,84.5928668671771,84.5928668671771,6413800
2009-03-19,87.12220001220703,87.63821446066767,84.86356932118169,85.5233926831419,7382584
2009-03-20,86.25089263916016,89.48234663574007,85.52339598486117,89.48234663574007,4139380
2009-03-23,87.9173812866211,89.6007712796214,86.45392038251123,88.7379280638496,4587312
2009-03-24,88.2557373046875,90.09139828476768,86.65693014311084,88.34878738789521,6681544
2009-03-25,88.99172973632812,89.65155847895424,85.21042611889591,85.21042611889591,3831616
2009-03-26,94.48174285888672,97.78086354198426,86.73304096076374,86.73304096076374,15230328
2009-03-27,97.25637817382812,98.97361685315738,90.79349384717091,90.79349384717091,7079424
2009-03-30,88.52645111083984,96.43588558658139,87.63822584885817,90.30290163480318,5148188
2009-03-31,91.11498260498047,92.02013255339038,88.8225177827017,88.8225177827017,4777672
2009-04-01,92.12168884277344,93.69511507180091,88.06122872849141,90.68360921896522,6724568
2009-04-02,97.91624450683594,99.31202682593987,92.31620078736647,92.31620078736647,8503764
2009-04-06,98.05162811279297,100.49636498276472,97.40026691471367,98.93985356087296,5414580
2009-04-08,102.21357727050781,103.82929915375317,94.9132078648314,98.99058040017088,10193512
2009-04-09,101.94284057617188,104.8782186412074,100.53860134373576,103.54164749241276,6586724
2009-04-13,100.2002944946289,103.03415677033179,97.31567854193106,102.27282063656087,4121008
2009-04-15,97.7386245727539,98.43228212179994,93.06063374961187,93.31441241286484,9767236
2009-04-16,96.78269958496094,99.650399916052,95.96215288424489,98.12772827047564,8868964
2009-04-17,96.96034240722656,101.42685002508075,95.60685650197111,97.5863317036628,6664024
2009-04-20,94.98088073730469,98.4322637164194,93.51741992234598,93.51741992234598,5330200
2009-04-21,93.17903900146484,99.5658001858594,92.206221072716,98.06004308737202,11488980
2009-04-22,91.85940551757812,95.52227082884244,90.8781302276014,94.74402050520403,6584924
2009-04-23,96.11441802978516,96.91805032209533,92.24007064788843,92.96756728935564,7373712
2009-04-24,98.78759002685547,99.31206186188264,94.73558816331624,94.73558816331624,5377524
2009-04-27,101.83289337158203,103.00026869394722,96.85882885946704,98.77908273341892,8141124
2009-04-28,101.2576675415039,102.83955011360422,97.51019919036717,101.35917485714948,8388692
2009-04-29,105.50421142578125,106.41781844917845,101.8498039847463,101.8498039847463,10531292
2009-04-30,105.25045776367188,105.25045776367188,105.25045776367188,105.25045776367188,0
2009-05-04,112.74541473388672,118.36237470820397,106.61242983837003,106.75623362954556,11142936
2009-05-05,110.13992309570312,114.19192386778235,107.61905129372319,113.18526659143686,8822316
2009-05-06,107.4921875,109.92000978123001,104.04926080548542,107.98283042130255,52522096
2009-05-07,106.87466430664062,109.12483322097981,104.77675640567837,107.60216112952428,7738864
2009-05-08,106.74774169921875,108.61724200808997,104.64137723053528,106.24864171507866,9001752
2009-05-11,104.0915298461914,108.21966616402024,103.03411893755477,108.02509842631973,5298612
2009-05-12,108.46501922607422,109.2601946024771,103.20334463815033,103.20334463815033,9487452
2009-05-13,105.18277740478516,109.10788866720516,104.04923087310706,108.61724588704836,7324800
2009-05-14,104.86136627197266,106.07950620755518,102.40817194978837,104.55683386964769,9443176
2009-05-15,108.96405792236328,110.79126158316383,105.57188639433895,105.57188639433895,10942472
2009-05-18,125.84883117675781,133.9274517130516,117.58411042354305,129.6978074532119,73380
2009-05-19,113.3121566772461,126.88931318840548,110.91817417124668,126.88931318840548,13015576
2009-05-20,114.47956085205078,118.75995897160949,112.17017085107531,113.35447129746676,8507664
2009-05-21,109.5393295288086,115.89225316631945,108.95563655344486,113.35446660063363,4459324
2009-05-22,107.2721939086914,109.12477943883849,106.58699387049342,106.58699387049342,5861456
2009-05-25,106.8154525756836,108.95565711378863,105.34354435085514,107.60217069001486,5673644
2009-05-26,105.64803314208984,108.21965835150085,104.97974743082023,107.42448334035514,6058900
2009-05-27,109.72544860839844,110.30914168409979,106.7224006561089,106.7224006561089,9222868
2009-05-28,112.20397186279297,114.01426113678426,105.47038225443255,105.47038225443255,16863676
2009-05-29,119.20831298828125,120.12192045748476,110.41911875949508,113.14300606470836,13871224
2009-06-01,118.03240966796875,120.09646698074155,113.92118882963823,113.92118882963823,7905804
2009-06-02,117.54183959960938,120.12192316045002,116.73820701508524,118.43006508776763,4118172
2009-06-03,117.8971176147461,119.23368953142148,115.57081292363996,116.73819904459853,3914944
2009-06-04,119.64815521240234,119.95268747359596,116.12062640193255,116.23060126143925,7020704
2009-06-05,122.04212951660156,123.28565090236812,117.81248601320125,119.95268975643305,13220132
2009-06-08,125.55271911621094,126.84699400920306,121.81371882177552,122.60889377378416,9267824
2009-06-09,132.3286895751953,134.50272317141517,123.6917454425959,123.6917454425959,9690708
2009-06-10,132.26942443847656,136.1945361160202,129.80777370809503,132.81082093301347,9383796
2009-06-11,131.1359100341797,134.07128987303665,130.27306658084524,133.31841099442343,3883200
2009-06-12,129.35092163085938,134.46878892771042,128.78415368056125,132.81077117448152,6358660
2009-06-15,131.62655639648438,132.81085703244247,127.73528287833638,129.37638725342043,6595868
2009-06-16,132.52896118164062,134.01039969911383,126.41591360655704,130.5366825128366,4344006
2009-06-17,128.98716735839844,134.52127024836273,127.71006669148359,133.49958971483085,3741568
2009-06-18,128.18692016601562,133.84022434149853,126.70548048972704,128.73181883228102,4753108
2009-06-19,129.3447265625,133.49956409197827,127.71004217982616,128.39116240478523,7727732
2009-06-22,125.88807678222656,132.06924237931682,125.32615452668611,130.91133976936956,4106208
2009-06-23,124.86637878417969,128.646598584264,121.92053552128793,122.60165583146272,5135694
2009-06-24,130.0088653564453,132.30764686569484,122.66979669525574,127.0119395460604,7303954
2009-06-25,129.5831756591797,133.4996185503244,126.10945693763038,130.09401603628552,9694662
2009-06-26,135.338623046875,137.72254447585948,128.2379407119282,130.26427808379404,6099700
2009-06-29,131.5243377685547,136.90518413193456,130.55373923527372,136.17298186755463,4745206
2009-06-30,132.7673797607422,135.5429429716222,130.48562254343867,131.96706131031058,5923948
2009-07-01,133.82313537597656,134.52127963202767,130.2472532591758,131.83085611800163,3684738
2009-07-02,132.8184356689453,134.62339999644945,129.82151102133525,132.8184356689453,3715428
2009-07-03,133.1420440673828,133.63585023176742,131.11570626783185,131.11570626783185,2919844
2009-07-06,129.65121459960938,135.69615545947877,128.85089640715393,135.20233923200877,4488916
2009-07-07,132.52896118164062,133.92525967389204,129.4128383371366,130.77507874068542,3804568
2009-07-08,129.80447387695312,132.44381452671215,125.41125087403259,132.37570874578554,6694766
2009-07-09,132.18841552734375,133.19307209198558,126.34781123743494,130.12803084902893,3964808
2009-07-10,134.5723419189453,136.71787711134778,132.8184592156098,133.1590193674447,7468748
2009-07-13,135.3726348876953,136.56459519488257,132.22245407584327,132.81843422943692,5119832
2009-07-14,138.5909881591797,140.0043110187837,136.36031244253272,137.92689156110063,4464136
2009-07-15,144.10812377929688,145.52144728808605,139.6297568279431,139.93625909358394,4470094
2009-07-16,142.96714782714844,148.07555011339343,140.71945913565747,145.7597452341908,7596876
2009-07-17,147.83718872070312,151.80471307466246,143.37584790674794,143.51206991165523,9094956
2009-07-20,170.46734619140625,175.35439587715933,151.54923764887036,151.54923764887036,34539536
2009-07-21,162.6515350341797,174.75845499818487,161.44254022632632,171.30176104826091,13005820
2009-07-22,158.80319213867188,165.17167103476646,154.03535008818375,164.72894700159236,10674690
2009-07-23,161.98744201660156,164.4565032374369,160.06327914380628,160.40383931219736,7662678
2009-07-24,165.01841735839844,166.8744743424975,162.10663221842614,166.8744743424975,7909322
2009-07-27,164.24893188476562,167.20699415188216,163.15462918249273,164.83028769632625,4652338
2009-07-28,164.36871337890625,165.83919811038538,161.17127554922686,165.63401298085932,6334984
2009-07-29,170.9174041748047,172.59307338989007,162.43651253681435,164.14637056351765,11072150
2009-07-30,182.30508422851562,186.37455534552814,167.6516068956792,172.78118181344604,15672482
2009-07-31,179.85997009277344,184.6646669757397,178.30400346215814,184.32269537022907,5634966
2009-08-03,181.80926513671875,182.90355789382556,178.2014469546132,181.2450034750947,3520548
2009-08-04,181.29624938964844,185.07503133892925,177.9962151498657,177.9962151498657,5481292
2009-08-05,180.90310668945312,183.62178704195034,173.56780641198876,181.07409261260005,6424010
2009-08-06,176.93606567382812,182.7495812797878,175.8417526794259,180.90292679721628,4178748
2009-08-07,174.0977783203125,178.49211634271205,173.0718633159926,176.66255539496507,4552666
2009-08-10,184.33981323242188,188.6828573494969,175.77342759880636,176.16670334410225,10623976
2009-08-11,185.3144989013672,190.8202357044948,182.64710256464787,183.80981485872033,8843480
2009-08-12,177.70556640625,183.2967942244407,174.747503449047,182.95482259342495,11326536
2009-08-13,180.1336212158203,182.74971347988205,177.68851482856525,182.74971347988205,10033928
2009-08-14,178.3382568359375,181.24501653508509,177.1413557833473,181.24501653508509,5151814
2009-08-17,174.45681762695312,176.97031108907046,172.78115879759005,176.73092678367053,5962820
2009-08-18,174.0123291015625,176.06414918931176,170.81489111458998,172.6957357614974,8149844
2009-08-19,170.31903076171875,176.01286891023182,168.93404930925064,175.3631142178148,5603370
2009-08-20,171.3278045654297,173.85839280511482,170.33608882184123,172.6614919748174,3660960
2009-08-21,174.14901733398438,175.26042490656258,169.27592259267996,171.669723518233,6929022
2009-08-24,178.3553009033203,179.82577474982722,175.61952784105932,176.44026810865444,4207204
2009-08-25,180.6637420654297,181.58707032629607,175.8077371402462,177.1414358361984,5529298
2009-08-26,187.5714874267578,189.7943035949874,180.06520403804618,180.11650814469346,8852624
2009-08-27,187.31503295898438,193.55601762626227,185.00672356149803,188.08446942481316,10230928
2009-08-28,184.9382781982422,188.08442179176333,181.6211487667285,186.63104216882698,4563136
2009-08-31,180.23614501953125,182.54445354255455,178.26980812954844,181.5869371444996,7170352
2009-09-01,180.18495178222656,183.4165686304934,177.5175550145805,182.954915044256,9862194
2009-09-02,182.81805419921875,185.65643587862905,178.16724763856956,178.16724763856956,8161418
2009-09-03,182.49319458007812,186.16939012394576,181.39888103442132,184.63051757069883,7796744
2009-09-04,181.8947296142578,186.0325782446799,180.28745867922933,184.66469163993963,6263446
2009-09-07,188.40931701660156,189.29843510999086,182.47609534936086,183.22843728269615,5925720
2009-09-08,189.6746063232422,195.0948492641338,187.96474787219805,188.7341841751679,9892042
2009-09-09,191.65805053710938,193.14561913827987,185.74194408247814,190.1362722412943,7532186
2009-09-10,190.32435607910156,194.5819081560978,188.78548334324492,192.8720495607015,4898914
2009-09-11,191.62384033203125,194.58190398761585,189.9652858789466,191.84613029358962,9130296
2009-09-14,191.1963653564453,192.83784618196162,182.4932024606466,182.4932024606466,3200972
2009-09-15,195.5736083984375,196.87309658311162,192.1880804823047,192.87202382921683,4308186
2009-09-16,195.09478759765625,198.32642322311816,193.2823423868948,198.00154604564938,5816522
2009-09-17,199.3524169921875,201.0793699919789,195.94979422687737,196.63373766222426,5283220
2009-09-18,199.71151733398438,201.7633479915253,198.00165845270027,200.0534891102412,3925348
2009-09-22,206.0892333984375,207.2348301335917,199.1130030450227,201.7461890545123,3763280
2009-09-23,202.07110595703125,209.16701943709273,200.8229007790891,207.9188142591506,4522410
2009-09-24,206.0550079345703,208.36331650935406,199.027494892465,201.0793247367172,6803348
2009-09-25,200.8741912841797,204.4990830699456,189.7942995047154,189.7942995047154,3068206
2009-09-29,208.73953247070312,210.12451367090517,202.10527319130858,203.45606557068433,7146124
2009-09-30,212.3644256591797,212.97997054460214,209.35507887421736,210.2955010490366,4373424
2009-10-01,215.39089965820312,222.24744998395846,210.32972190282982,211.33854274573616,5686944
2009-10-05,210.41525268554688,218.51998884047586,208.94477806186345,211.5779652004425,6259596
2009-10-06,210.03895568847656,214.89495646257475,206.8928128719982,213.71515029735917,7448054
2009-10-07,202.34466552734375,211.646300238897,201.30165598348927,211.646300238897,10075972
2009-10-08,195.4027099609375,204.75563106439367,194.41098331542014,203.47323671534738,10162172
2009-10-09,192.10267639160156,201.90017771536859,190.35862839945128,196.6508975771911,10032478
2009-10-12,198.29234313964844,199.79702743329605,192.71820688250824,193.89801378635664,5174220
2009-10-13,198.6855926513672,198.6855926513672,198.6855926513672,198.6855926513672,0
2009-10-14,202.77212524414062,204.49907816792216,198.5829718870218,200.03635162316507,3979580
2009-10-15,198.95912170410156,204.4648783434031,196.63371842587205,203.13118042603128,4232380
2009-10-16,204.60165405273438,206.68769384535076,193.55597285072952,193.55597285072952,7189942
2009-10-20,212.38150024414062,214.00586566719568,209.30375523203628,209.97060415911773,7840584
2009-10-21,216.39971923828125,218.65674531179366,211.3385415124431,212.02248501248337,5731638
2009-10-22,214.02291870117188,220.21261721896408,210.43221688120553,216.1260524017825,4292924
2009-10-23,218.79351806640625,220.8795582322821,215.30540209629655,215.47638796863234,7494460
2009-10-26,220.4178466796875,224.8976883027301,217.15202124332183,219.8877947393007,4071746
2009-10-27,219.8022918701172,224.98317104257796,216.99811998918616,224.98317104257796,3940880
2009-10-28,220.52268981933594,222.59809324437364,217.82984110350733,220.36833896536135,3582314
2009-10-29,217.50387573242188,221.43167650548335,216.52622294854297,218.1728059759681,4882712
2009-10-30,215.53150939941406,222.54666471351896,212.68428843527056,220.2311502829737,2876124
2009-11-03,207.8988037109375,218.17282703308103,206.16646076553727,218.17282703308103,2768288
2009-11-04,214.6395263671875,215.42851195277476,209.25380938087994,209.63114394085272,4555798
2009-11-05,214.22787475585938,216.1145894254466,207.74442869811963,216.1145894254466,2731302
2009-11-06,213.4217987060547,217.81269529207304,210.50596616114728,212.684256216776,4179484
2009-11-09,213.62757873535156,215.42853383508756,210.96902596907458,214.3994166352384,3432086
2009-11-10,214.96543884277344,215.77157227199208,212.68422068145483,214.74245507514632,4610406
2009-11-11,221.3460235595703,221.9463421046757,212.16972579867374,215.1027065029845,4049412
2009-11-12,224.81065368652344,226.9203524127305,220.76279671230367,221.2602075679685,4727766
2009-11-13,229.88766479492188,231.5171005451192,222.13496845256847,224.6734662068014,4597896
2009-11-16,228.37831115722656,232.23750154478765,226.4058360702509,229.83622752586075,3523808
2009-11-17,236.8514404296875,237.69189073028315,226.1657600452278,229.15020553231594,5344330
2009-11-18,235.6336212158203,242.08275361503553,234.4672796283511,237.0400734794303,5582914
2009-11-19,233.23226928710938,237.52025761098298,229.66465462666937,236.66265994620827,3464664
2009-11-20,237.77752685546875,238.75517977699252,229.8704599706592,232.58047685172545,2800774
2009-11-23,238.1034698486328,240.1274092443863,235.32486105949857,238.41221346406925,2543474
2009-11-24,239.80148315429688,241.49953091855704,233.95267057735214,241.49953091855704,2721872
2009-11-25,241.08786010742188,244.12376851367006,237.38304224826143,239.80146356344645,3893254
2009-11-26,235.97666931152344,242.64876486744419,234.9818472765403,241.82548336646397,4409118
2009-11-27,229.99063110351562,235.46211041862247,224.6906713848858,232.08316180555488,3769058
2009-11-30,236.14808654785156,237.70891001243555,231.20831593334933,231.20831593334933,3882888
2009-12-01,235.23904418945312,241.29369219978426,233.35232928891796,241.29369219978426,3229964
2009-12-02,234.74166870117188,238.3950437519714,232.25463504861776,238.3950437519714,2161954
2009-12-03,236.71401977539062,238.7208101658106,233.0092033574157,235.92503438949234,2978706
2009-12-04,238.48080444335938,240.47042718550762,233.60964466951594,233.60964466951594,3933408
2009-12-07,239.92153930664062,242.15129331158172,238.41215898985683,239.4412762229066,2207652
2009-12-08,239.5442657470703,240.41901150707136,236.7828044140489,240.07597231197676,4226172
2009-12-09,242.4257049560547,243.86647317810943,237.79467770209172,239.44126098267895,4708848
2009-12-10,242.06553649902344,243.55774813019565,240.79628770860265,241.84255272082808,1659484
2009-12-11,242.219970703125,245.06721281259348,240.12743995846742,242.58017861302366,2688312
2009-12-14,241.87684631347656,244.226676567924,240.41893022721086,240.4703944640566,3008842
2009-12-15,240.45330810546875,244.24388671032312,239.1669112302388,242.8717300434112,2087152
2009-12-16,244.6383514404297,246.21632298286156,238.4121831739307,240.71054941503908,3565378
2009-12-17,247.93153381347656,249.73248926490618,245.27298052803286,246.30209792884978,3782302
2009-12-18,249.560791015625,250.93294656760094,246.8336276685864,247.93135629765356,2795290
2009-12-21,251.8078155517578,256.93625364034534,249.2178748594271,250.45280708939703,9326994
2009-12-22,248.37744140625,254.70651661259723,246.71371024510483,253.84891891356492,3189142
2009-12-23,256.0958557128906,257.1078253236016,248.89203405605858,249.8868558979331,4470686
2009-12-24,257.03912353515625,259.6805280742581,254.20905172985556,257.2792550273363,3057686
2009-12-29,254.3291473388672,257.89674071816745,252.69971193277266,257.279274646504,2256278
2009-12-30,254.79225158691406,256.8504858642907,245.35867781560455,254.53497230224198,1472110
2009-12-31,257.36505126953125,258.99448678240066,255.15244517509382,255.99289504816755,2853462
2010-01-04,257.8454284667969,260.3324627189962,256.95351396560613,258.92598940700566,1963682
2010-01-05,257.9139709472656,260.5553765323495,256.09586767926817,258.99455262126054,2014488
2010-01-06,252.082275390625,258.03401636478594,251.44766142775674,257.91394011678034,3349176
2010-01-07,245.06724548339844,253.64322662521036,243.90090367313044,252.3053651921061,6474892
2010-01-08,240.05877685546875,246.47361271701254,238.92675192400728,245.61601489962558,6048178
2010-01-11,244.9985809326172,247.02249948579612,240.26464454452213,241.49957718926015,4318408
2010-01-12,257.29656982421875,258.65157896784063,249.38951977403198,251.1047159210336,9027690
2010-01-13,270.50347900390625,273.19634851019737,255.44407502702612,255.5641303374415,10910272
2010-01-14,267.51910400390625,273.89964550174534,263.9171925081336,273.89964550174534,10327614
2010-01-15,271.4811706542969,274.2940747164327,264.9119630657108,273.0591422470778,7945008
2010-01-18,275.1859436035156,284.3793864072381,272.02998000113365,274.43125346898734,7261084
2010-01-19,267.81060791015625,275.18594796400197,267.10738199948753,275.18594796400197,5154850
2010-01-20,267.36468505859375,271.7555813863091,264.44885268521585,271.7555813863091,4347054
2010-01-21,264.363037109375,271.6697642682084,263.4196797759297,264.91189118294864,5089504
2010-01-22,259.9721374511719,262.4248750504767,255.46118647518782,261.0527188410625,7574990
2010-01-25,259.4062194824219,262.596479513714,254.24348426209795,259.8521662072349,3008286
2010-01-27,255.65731811523438,261.2980907878843,254.5738912312874,257.9617808897798,4844398
2010-01-28,255.12384033203125,260.6958111142134,250.2913673392974,257.78944162973704,6537196
2010-01-29,253.21507263183594,254.45327972821076,244.94310943594454,252.45838118717768,5473326
2010-02-01,256.6374206542969,262.3641559162926,247.64315060660508,252.57880778053485,3378012
2010-02-02,253.97174072265625,262.3124970998132,252.8023066890859,259.68128102076173,4739188
2010-02-03,258.9762268066406,260.33482862699077,252.97431665876724,255.89788116128187,2977676
2010-02-04,254.07498168945312,259.3030076260475,251.9424949398328,258.9762520688287,2716612
2010-02-05,248.84706115722656,252.80247401598,246.4738050447835,252.80247401598,4607118
2010-02-08,249.0703582763672,252.71620461745712,243.56718131293837,250.73850039622488,4170344
2010-02-09,252.85403442382812,255.19288267300738,248.00434248780607,249.36294479944618,3005894
2010-02-10,251.87356567382812,255.7945882681237,250.42897729735304,254.48758773434432,2337374
2010-02-11,255.45077514648438,257.25650632660614,252.80236521704543,253.81701836446945,2413156
2010-02-15,256.6374206542969,257.9616152152136,254.02339702433403,257.9616152152136,1956482
2010-02-16,260.7648620605469,263.1037103382572,255.27887300944187,257.0158107233972,1660490
2010-02-17,260.936767578125,264.13548724479546,258.8386672857725,263.08644759510366,2528290
2010-02-18,260.98822021484375,263.79140998916154,259.8531939171725,261.4009627757129,1814806
2010-02-19,258.1507263183594,261.2290717841921,256.51696977988024,259.6469159546406,2215880
2010-02-22,260.4552917480469,262.67376624281184,259.2686639026634,260.36930452726506,2143460
2010-02-23,262.1233825683594,263.1208425254476,258.3915463362647,261.05714964289507,1853052
2010-02-24,263.2411804199219,265.0813189191076,258.68385925728165,260.02526784573604,4076058
2010-02-25,263.5506591796875,264.7716727169361,261.8309158897711,264.7716727169361,2672984
2010-02-26,262.02008056640625,267.7812205241559,256.6372967240459,263.84300423504254,3015934
2010-03-02,262.5017395019531,264.4966384280441,259.68135502363236,262.08899672583823,4053352
2010-03-03,264.4106750488281,266.21640648818595,262.82851875629365,264.4966622602261,2754742
2010-03-04,262.7425231933594,264.8406026875922,260.36926783702245,264.15270501827376,2053606
2010-03-05,262.2953796386719,263.7915697035814,261.45272176652935,263.1208652602062,1287312
2010-03-08,262.3297119140625,264.8405335530503,261.50422652917854,264.0150481681663,3015740
2010-03-09,264.3934020996094,267.76409557166807,262.43289007216794,262.43289007216794,3457732
2010-03-10,268.2973327636719,269.81071630685744,261.4011615810817,262.6737766979003,4587874
2010-03-11,272.2698669433594,273.4049147996647,265.5112854885575,268.29726242519814,3214030
2010-03-12,274.10992431640625,275.1589636667933,272.40737403012537,275.1589636667933,2510976
2010-03-15,281.3501281738281,282.038025797725,272.11511097020013,274.1100098809072,6054434
2010-03-16,285.1336975097656,286.1483511747714,280.59356688520006,282.55408022228283,3088856
2010-03-17,289.1578063964844,290.94634463983795,285.4775494519432,286.85334487098874,4174794
2010-03-18,284.0501403808594,290.6367690469824,282.21002248881547,290.6367690469824,3724554
2010-03-19,282.3476257324219,287.0081285564762,276.964817711288,276.964817711288,4716624
2010-03-22,284.65191650390625,286.7844024985192,277.27423418139705,280.2837851032005,3310110
2010-03-23,285.0131530761719,286.509321809684,282.7602718666084,285.47747551265036,1694964
2010-03-25,285.4088134765625,287.8164559491174,281.3502203642794,283.4483004074582,5517582
2010-03-26,283.7749938964844,287.5412379946498,282.82913456097566,285.4775448989944,1997806
2010-03-29,279.2692565917969,285.2367603924312,278.0998221731333,283.41383579284326,3443266
2010-03-30,275.1590270996094,280.6965941228019,274.1787814627541,278.11697824374306,3097160
2010-03-31,268.503662109375,277.6526925756264,267.3514209349264,275.15906356209496,7083046
2010-04-01,277.8418884277344,278.52978615644525,269.0023984152049,270.4641810887155,5781432
2010-04-05,276.31134033203125,281.0062512127637,274.90115823965897,281.0062512127637,3001836
2010-04-06,273.8004455566406,278.22020035373464,272.45905779560366,278.22020035373464,3702366
2010-04-07,274.4883117675781,278.25455499860004,268.6755901489252,271.7195283669889,3024558
2010-04-08,274.9697570800781,277.73853956069803,271.7194380841504,273.78313001896674,4494438
2010-04-09,272.2698669433594,277.8762492860557,271.1176468382847,275.8469429296598,3018012
2010-04-12,274.5055236816406,275.1590347864458,271.75393333377616,272.06349564509827,2869882
2010-04-13,282.3304138183594,283.34506715569523,270.7737404997142,275.15908847224057,8404916
2010-04-15,282.62274169921875,287.1628701950114,281.7112689544873,282.725922143743,4290952
2010-04-16,280.35260009765625,284.7895470908222,279.23476673045195,281.69400853548717,3810958
2010-04-19,279.2692565917969,283.7577846226889,275.4170254989311,278.59855217500365,6947704
2010-04-20,271.547607421875,286.38900816897336,270.6877353274422,283.75779116282064,12016986
2010-04-21,269.999755859375,274.8150381294785,268.3659993748756,273.4392431951632,7107490
2010-04-22,270.3265075683594,272.9749169784125,268.62395716239917,271.4099334681781,4751116
2010-04-23,268.348876953125,272.4074688818105,267.42021092879753,271.0488668270508,4306068
2010-04-26,270.0342102050781,272.0635166404184,268.34887358273363,270.3437725402893,2512548
2010-04-27,270.7908630371094,271.6851424369196,268.64118321972956,270.3265405937421,2621234
2010-04-28,264.94378662109375,269.6386966730774,263.12086197203854,268.28009455972557,2400382
2010-04-29,261.31524658203125,266.6464559561958,259.8878498685305,266.59485521022134,4622964
2010-04-30,263.2583923339844,265.803600591526,262.2781257609117,263.1208044312128,3690224
2010-05-03,263.73992919921875,265.32210623635325,259.3717753473228,261.8310176044401,2416560
2010-05-04,261.7449645996094,266.5086457683961,260.3003758394946,266.5086457683961,2896028
2010-05-05,263.3787536621094,264.15263834476,254.57367411447024,257.9615608835547,4371230
2010-05-06,263.84307861328125,265.1501006620402,261.1258960749417,264.13544764754187,2580872
2010-05-07,255.00360107421875,262.29529747751764,252.80232076830202,260.36919295456414,4267152
2010-05-10,264.926513671875,289.9487841939508,256.24180809548443,261.40103913096397,2327814
2010-05-11,260.1284484863281,267.93608970190905,259.30298404066457,266.56029463283636,1351288
2010-05-12,261.21185302734375,264.1354170737515,258.3398686918593,260.36917448596296,2740076
2010-05-13,263.32720947265625,265.94123311312325,261.89983445851163,263.1552350618217,1321452
2010-05-14,262.7252197265625,267.24815376337267,259.68128197084474,263.4647178671087,2026996
2010-05-17,256.49969482421875,266.54299917549866,252.492684825021,266.54299917549866,3722050
2010-05-18,252.836669921875,256.5857189851973,249.80992569275992,256.5857189851973,3199180
2010-05-19,248.15914916992188,252.11456180395388,246.37061056289474,251.08271502985858,3929266
2010-05-20,251.08261108398438,251.87368908469654,246.31892884622187,250.73866230167755,2398092
2010-05-21,247.19607543945312,249.67251168609894,235.69098068428843,244.20371584946338,2675092
2010-05-24,246.8176727294922,251.08264663109912,245.1323360533672,249.3629024760916,2885428
2010-05-25,240.6092987060547,245.57936140936027,237.85770922247642,243.51566929667658,2297366
2010-05-26,253.834228515625,256.1730762870937,242.17435515003638,243.5157639418191,3689464
2010-05-27,255.15838623046875,257.94438385891584,250.1195493535857,252.80234555681983,6883872
2010-05-28,258.23663330078125,259.165298822293,252.9742233361599,257.89268466266276,2479374
2010-05-31,255.57102966308594,258.95893632189535,253.8340932506805,257.4455539270113,3327660
2010-06-01,254.24697875976562,258.6323263323508,252.699209028265,255.57117335508352,3136912
2010-06-02,259.4233093261719,261.22904001753733,253.249425906625,253.76534896130084,2769330
2010-06-03,263.2755126953125,264.4965262707923,256.2761446904195,261.4009882520184,1684434
2010-06-04,263.2411804199219,264.7373701521159,259.75011303073603,263.27558789240106,1368210
2010-06-07,259.079345703125,260.64430801359237,253.14623091603053,257.92712601122173,1734922
2010-06-08,258.03033447265625,262.08892517840087,256.9296943678024,259.3373354127484,2242222
2010-06-09,252.13162231445312,260.9023152768468,251.42653158861847,258.6494552047074,4867400
2010-06-10,258.1334228515625,258.99329434673757,251.08247659112675,251.08247659112675,1796036
2010-06-11,261.0914001464844,262.53598861050017,258.30542460320714,262.020065658563,3237024
2010-06-14,268.62396240234375,270.7220412915269,260.71314148652567,262.55325882410614,3550492
2010-06-15,268.3088073730469,272.371452054518,264.99918041904516,264.99918041904516,2642976
2010-06-16,271.355712890625,273.15938941140405,268.72901196297414,272.1612302332086,2328816
2010-06-17,271.5307922363281,274.8579463274668,267.4681705281323,272.12618198049756,1528920
2010-06-18,274.2976989746094,276.29399648245794,270.46271033145473,271.53089804911633,2225672
2010-06-21,275.8736877441406,278.08011257371464,274.78797170815017,277.694871597939,1907428
2010-06-22,272.7040100097656,275.4532808678444,270.8302844661631,274.9279408534747,1468324
2010-06-23,275.3833312988281,276.31144087850157,269.6220961064,269.67463867738064,2959524
2010-06-24,270.88299560546875,276.153906088167,268.86919096373515,275.3834026456644,3777510
2010-06-25,265.64703369140625,271.7059531905489,264.8064808023058,271.7059531905489,2037322
2010-06-28,267.83599853515625,268.6765515726838,265.3318678669756,265.6295735318361,1153124
2010-06-29,264.0009765625,267.9235212799991,262.31989207675724,267.9235212799991,2614662
2010-06-30,263.0203552246094,266.1373826319255,259.6056435555815,264.4212625760054,3316516
2010-07-01,256.36602783203125,262.6701104836386,254.1771102446676,262.6701104836386,3407744
2010-07-02,260.49884033203125,261.2693440132003,255.96339637185162,257.3467973077433,2943550
2010-07-05,258.8175964355469,262.2848501885927,258.15215698762194,262.24981468409067,2165596
2010-07-06,265.87469482421875,266.83781856426066,257.71439294403564,257.9420489239594,2760904
2010-07-07,267.78338623046875,268.7640383109653,262.3023499738631,266.6626776404375,2152934
2010-07-08,272.0563049316406,272.8268085377876,269.5521949318601,270.3752197576021,2187564
2010-07-09,271.2331848144531,274.5778469142629,269.93734121067365,273.1769395320473,1836666
2010-07-12,277.2745666503906,278.0800840291498,273.10685910755507,273.10685910755507,2725776
2010-07-13,271.3031921386719,277.3796184107207,269.51702267927834,277.3796184107207,5545886
2010-07-14,271.3031921386719,274.8229671122149,269.76218570815354,272.4764433378039,2833842
2010-07-15,273.9123840332031,274.89303621817027,268.0110707385855,270.024874929042,3795536
2010-07-16,291.9665222167969,293.6651133080139,278.4302505424819,278.4302505424819,19135452
2010-07-19,289.5325622558594,292.3343772599056,288.324275260134,291.19613991451183,3027924
2010-07-20,289.7250671386719,292.28171803432537,288.937056983263,289.5324467092451,2342062
2010-07-21,295.24127197265625,295.8716761073316,290.54822303733897,291.38877613434164,2943720
2010-07-22,295.4863586425781,296.2918760160921,291.5638141647715,295.2411956046875,1362882
2010-07-23,293.9454345703125,297.6928666969043,292.47447730669705,297.6928666969043,1894472
2010-07-26,297.43011474609375,298.2531391890445,294.3306160660519,295.0310696774646,2766490
2010-07-27,297.3949890136719,301.12489026904933,296.36181604932364,299.44380650774264,2106602
2010-07-28,299.2513427734375,300.4771367751272,296.6421484088965,298.04305583939896,4359228
2010-07-29,298.3913269042969,300.1465700037339,298.04027828440945,300.1465700037339,5331904
2010-07-30,294.81060791015625,298.39130789009863,293.1255789273322,298.04025929258086,1283426
2010-08-02,294.2840576171875,297.84720972619306,293.8276986906237,295.9339904375099,2827762
2010-08-03,292.08990478515625,296.4604629649259,290.8612350156154,295.2317931953851,1281552
2010-08-04,304.99102783203125,306.11438766836915,293.42397185677817,293.4766377187576,5583934
2010-08-05,308.1679382324219,309.76522615771256,303.88516338053046,306.11431293747887,2912950
2010-08-06,303.5516052246094,310.1513119346775,302.12986325821583,308.9226423344835,2437734
2010-08-09,308.8699951171875,310.22154461466437,297.02210897243543,302.30540571283797,4259986
2010-08-10,303.48138427734375,310.67787748461444,302.3931426555435,310.67787748461444,1545194
2010-08-11,301.2522888183594,306.46535064541575,300.0762634486475,302.6038170175812,4020248
2010-08-12,299.6024475097656,300.81356952790486,297.0573450276312,300.81356952790486,2278092
2010-08-13,299.93585205078125,302.9197643513222,294.1786479827467,300.8485695957207,2589906
2010-08-16,299.8304138183594,302.79677692481687,297.969861683221,300.84846269437674,1319098
2010-08-17,298.46148681640625,302.2528069387395,296.28498148234166,298.4263691049983,1733196
2010-08-18,305.79840087890625,307.44833344382766,298.3912846194625,299.44443032988414,2888916
2010-08-19,306.1319274902344,309.23872045749465,304.46444663944186,306.81647654582093,2148534
2010-08-20,305.04364013671875,308.88762602342183,302.95489699040036,305.061188278862,1746396
2010-08-23,305.5526428222656,307.3254335771838,300.86613218700313,301.9017296145459,1049830
2010-08-24,305.657958984375,309.58970680085173,303.65697808054915,305.41222072841356,2650474
2010-08-25,305.83343505859375,309.4492300581887,304.11328896421145,306.1142695527402,2379968
2010-08-26,307.694091796875,308.57171327946736,301.9895521600248,306.8164703142827,4204428
2010-08-27,300.5150451660156,306.46532115059097,298.74225463820494,306.1493689500193,1276514
2010-08-30,296.8641662597656,302.88463505049515,294.9158299853075,302.88463505049515,1558570
2010-08-31,296.1971435546875,297.58378928236607,291.44044111975035,294.88071180555556,2447874
2010-09-01,301.3400573730469,302.25277495220786,294.8807560509345,295.582853089151,2745484
2010-09-02,296.32012939453125,304.5346756127052,295.40741155975957,304.5346756127052,2758800
2010-09-03,293.9329833984375,298.91787771726905,293.1606722065668,298.39130482639894,2777970
2010-09-06,300.26934814453125,301.02411104595427,294.17866478893256,294.17866478893256,2287978
2010-09-07,305.88616943359375,307.13240902476053,300.4975823394997,301.19967949449847,2484236
2010-09-08,308.58917236328125,309.9407219121921,301.5155581108554,303.30589684811963,4189478
2010-09-09,307.06219482421875,309.8003694416717,305.886169234578,309.62484515303623,2938158
2010-09-13,308.8349914550781,312.0821908537249,305.6580060584199,305.8861747820012,2349410
2010-09-14,314.31134033203125,315.592676230966,309.0280634412344,309.9758989009377,3071038
2010-09-15,321.1390686035156,322.7539040820382,315.59250822803693,315.94355662428615,5560394
2010-09-16,314.32891845703125,320.665341269661,303.4815083726681,318.75212215428877,2334264
2010-09-17,320.7880859375,322.52578014024994,315.97871763817625,315.97871763817625,3007978
2010-09-20,320.24395751953125,323.6315837278288,318.29564285249324,321.91143770393,2419108
2010-09-21,334.8828125,336.30455502879585,319.55953271130755,320.1563196098766,4997184
2010-09-22,328.318115234375,337.00656575781875,326.4751105778869,335.60237173382785,4031066
2010-09-23,326.9490051269531,331.8461358856975,325.70278726304673,329.9855831595261,3327236
2010-09-24,327.15972900390625,329.24847234391905,324.7199370832629,327.5634220158484,2738784
2010-09-27,325.6325988769531,330.4946337391456,323.66673573368985,328.2303664978308,3423290
2010-09-28,322.84185791015625,326.58051269474333,320.89352101286147,324.8077215261198,2521714
2010-09-29,323.0874328613281,329.0201602455572,321.1742359470568,324.71981672674355,3370194
2010-09-30,325.4045104980469,326.47520446398465,321.26214122129204,324.71996142923206,7560924
2010-10-01,337.56829833984375,339.1129206275095,323.6667834560701,325.4220263164609,3326156
2010-10-04,335.5321350097656,342.27227015343146,334.5492035448412,339.37612017521013,2140956
2010-10-05,333.5838623046875,339.09532845596584,332.1445719165666,333.49610017306304,2211664
2010-10-06,336.88372802734375,339.7798783795751,333.4961011660313,333.4961011660313,1838960
2010-10-07,333.0748291015625,339.11286788751136,329.42393737553147,337.00657678261996,1972940
2010-10-08,330.8984069824219,335.14610796486676,305.0612381874695,331.4074317456715,2695996
2010-10-11,330.3015441894531,334.8827228565016,326.1416065838756,330.8983095019704,3065370
2010-10-12,333.7418518066406,335.53219079303454,329.669675880229,330.9159153403001,2608902
2010-10-13,348.53863525390625,350.24123402150946,333.1802571833832,335.58495323421033,5350604
2010-10-14,346.1514587402344,352.452785231578,344.8525746687613,349.9603488069367,2949086
2010-10-15,333.6014709472656,354.91012465546095,331.74091770465935,350.697541573497,5717798
2010-10-18,344.4664306640625,345.4318142914013,326.47519033638537,340.51713400676755,4480734
2010-10-19,339.7272033691406,346.6253153198767,338.4458677076386,344.72964475173967,2200912
2010-10-20,338.14752197265625,344.2031095709208,335.6726339351479,338.58633266818265,2206638
2010-10-21,346.20416259765625,348.88967175676686,340.51717051614565,341.9389131799463,3752354
2010-10-22,365.1607971191406,368.39047048615714,358.7717286809388,358.7717286809388,9610404
2010-10-25,374.5512390136719,376.657530345907,364.10754449133924,366.1436432535426,5156316
2010-10-26,373.0242614746094,374.8321704693113,365.63471360773895,373.3402138085812,3507024
2010-10-27,367.96905517578125,374.49859217212986,366.33671377929824,372.1114450065181,2141382
2010-10-28,369.6191101074219,374.76198109366885,365.0905742220293,368.60106051262574,5255690
2010-10-29,369.6191101074219,372.1115468032222,361.9311365604925,372.1115468032222,2212398
2010-11-01,370.4984436035156,375.07076148391894,368.9860443617123,370.0236345643087,1147948
2010-11-02,369.10894775390625,372.8195748470355,367.0865774186511,371.06099194681366,1565778
2010-11-03,370.28729248046875,379.50225119304946,368.73973069136673,369.61902228356564,2217878
2010-11-04,376.0379333496094,379.3616391231505,373.34729190074944,373.5231502577446,1717440
2010-11-08,375.6860656738281,380.69802683423603,373.5581632355731,379.85389847302116,2248586
2010-11-09,383.7580261230469,386.4310640615515,375.80923846348253,377.70851694989625,3504086
2010-11-10,384.18023681640625,389.70217281346856,381.9995671286056,384.1626338046128,1540224
2010-11-11,374.4903259277344,383.3711718818788,372.20416756330116,383.3711718818788,1926096
2010-11-12,371.3775939941406,376.3016267583251,368.66935021334416,372.819623573963,1802330
2010-11-15,374.9300231933594,379.8012911742815,370.3577058373428,374.5783064736658,1389396
2010-11-16,368.9156188964844,375.0706605405104,366.55909147798786,374.9299652875286,2178076
2010-11-18,366.77001953125,377.0401251700591,365.78519606050514,377.0401251700591,2765160
2010-11-19,357.13299560546875,368.9506631697382,353.826851428748,367.5086338928923,2172652
2010-11-22,365.46875,366.840453475186,355.7613793769421,357.3441042481198,2221236
2010-11-23,362.28582763671875,367.54397547098483,356.0780188900159,363.6750915186587,1684448
2010-11-24,353.3872985839844,363.85086875852886,351.34734633917,360.5095606355651,3008608
2010-11-25,359.384033203125,366.45355005056774,354.21379466504385,355.2513629735455,5855006
2010-11-26,368.3353271484375,370.70941495770177,360.5096302956777,360.5096302956777,3617826
2010-11-29,376.79400634765625,379.32634866438246,369.39035483056807,371.0610086610324,4518892
2010-11-30,378.44708251953125,381.98185171858586,370.3927633474792,372.9954749181811,4808408
2010-12-01,380.5222473144531,384.49661964770104,374.22651077381335,374.22651077381335,3776032
2010-12-02,385.4110107421875,386.60681265890645,378.11289236607234,383.7227541369447,4095716
2010-12-03,385.9561767578125,391.4605497686132,383.7755511564821,384.4438212388745,2030112
2010-12-06,387.4862976074219,390.4055635899155,385.235344921447,386.88839635036675,1930954
2010-12-07,382.4918212890625,386.8882790050287,380.5925429689336,386.8882790050287,2158324
2010-12-08,379.55511474609375,384.4087798209689,376.77654401436945,383.70534636656635,1984132
2010-12-09,377.25128173828125,385.93870901941125,375.66855676488666,381.15532808582196,2579902
2010-12-10,378.0602111816406,381.20805782156316,371.764474967637,375.2816412398001,2245624
2010-12-13,378.4823303222656,380.1002185470499,368.7397949564083,376.68858374839243,2115066
2010-12-14,380.18804931640625,383.2304065550152,374.27923607691554,377.46224561105635,2615340
2010-12-15,388.17205810546875,389.8427120584552,380.38152634839497,381.64769759961627,2572034
2010-12-16,401.2031555175781,402.36383760741745,388.3479380398303,390.0537551631346,4515704
2010-12-20,410.3477783203125,413.9704768118711,392.1112794961881,399.12805208115,4514046
2010-12-21,408.2725524902344,412.2996894597316,405.88086298701666,411.15661077280976,2810642
2010-12-22,404.3861999511719,411.1567451558338,400.1656003430709,410.45331188781694,3186836
2010-12-23,400.9570007324219,407.83307875198096,398.1784304738469,404.47416740551324,2850924
2010-12-24,401.3438720703125,404.0521161123454,395.94502992707123,398.84669237157345,1624640
2010-12-27,401.37908935546875,407.7979192662265,400.3239392331524,402.71563001740344,1664936
2010-12-28,403.1904296875,404.79075784310805,400.97464024223575,401.3790800991287,1012876
2010-12-29,406.91851806640625,408.6947041349757,403.4365579464888,404.122388167889,1042370
2010-12-30,411.5787658691406,413.19669664613383,405.3533989547351,405.3533989547351,3845552
2010-12-31,409.978515625,415.0256408913808,408.6244151292628,412.3877660552068,1532980
2011-01-03,407.30560302734375,413.95301531239045,406.07459439171674,410.45345079334896,1405042
2011-01-04,402.627685546875,410.15443138699777,400.2887609444166,409.36306882532017,2502868
2011-01-05,407.6219177246094,410.0663737431306,401.5724096553782,402.80341769899,3069674
2011-01-06,412.1063537597656,415.7290521834199,405.564433099041,410.805019416442,2846720
2011-01-07,401.88909912109375,417.434960214275,400.30637395817934,413.6188425749705,2532724
2011-01-10,397.7563781738281,404.12244111367755,394.27437466356184,403.59486612527854,3952426
2011-01-11,386.3606262207031,399.39174143849283,382.59727634787964,394.9776816075099,3768730
2011-01-12,399.53253173828125,405.0369061778997,389.7020680438725,390.3703382997335,3160874
2011-01-13,395.41748046875,406.5668821350744,392.58614399975505,397.0705317035367,5589198
2011-01-14,393.975341796875,404.47407328621256,393.9225757222244,397.4045785051712,3151692
2011-01-17,400.0425109863281,403.26072679749217,393.92263292371695,394.3446757138999,3000212
2011-01-18,422.9569091796875,425.1903015027861,409.52130629172603,412.9153808282976,8481370
2011-01-19,419.5979309082031,425.22539687176663,416.78419792642137,423.2733524419923,2952040
2011-01-20,426.35101318359375,428.65477499415425,415.0257513789555,415.0257513789555,4545208
2011-01-21,426.1573791503906,429.094203843968,423.4667388755225,425.57703823868957,2597404
2011-01-24,425.29583740234375,429.09439512300213,421.44455652142403,422.0600607767234,2016678
2011-01-25,418.032958984375,428.848249010608,415.02576360828965,427.2655236409154,2467094
2011-01-27,422.5601501464844,426.276990686815,416.2890219554526,418.38528991561844,4714118
2011-01-28,416.2008972167969,424.03978506074895,410.5287218051775,421.009931394282,3014578
2011-01-31,408.5029602050781,411.8499012330628,397.5989958481022,411.8499012330628,5940816
2011-02-01,405.2087097167969,410.44049628270085,399.1665942388842,410.44049628270085,4212708
2011-02-02,416.5884094238281,422.3839273145234,409.50699608324237,412.2021727370613,3937618
2011-02-03,417.0286865234375,421.2564000021167,412.43107391928913,417.3809959799941,1883412
2011-02-04,404.73321533203125,416.81740670763554,401.7209515730047,414.3160175837347,3457600
2011-02-07,398.5147399902344,413.43503274093734,396.87649286976216,413.43503274093734,2578382
2011-02-08,396.3833312988281,405.12062237000276,394.0580976609175,398.8142749684029,5288638
2011-02-09,386.9414367675781,397.9686953416905,381.797685048652,395.46730716714865,6012732
2011-02-10,384.281494140625,392.64884274098245,377.67569261402707,387.54035622708,4551822
2011-02-11,383.8763732910156,389.0200827290166,372.0035618686521,381.9386712899072,2945056
2011-02-14,391.8739318847656,394.5866982324992,382.9604830167202,384.3697212246934,2462548
2011-02-15,386.7301330566406,394.23434284422393,379.27882130355056,394.23434284422393,3625426
2011-02-16,386.3073425292969,390.9578104351095,380.846545621678,389.3019730915395,2464592
2011-02-17,390.7816467285156,392.6312714451027,384.8628734393531,389.3019641578568,1477760
2011-02-18,383.91162109375,398.9552616129597,381.2340776614203,391.15159807151974,4076928
2011-02-21,401.1396179199219,404.45133606742536,372.81392341284766,384.0173835483394,5657800
2011-02-22,401.1923828125,404.3455351608645,394.58658068057076,395.52020931652163,3305400
2011-02-23,396.54193115234375,403.37670029261164,395.6787471687143,397.4579271499185,1879344
2011-02-24,391.6977233886719,401.1924473101053,384.47537856333076,394.2343346125206,5378830
2011-02-25,391.0813293457031,393.5298641176749,383.4009620645118,389.40785857170226,3070474
2011-02-28,391.1516418457031,404.53940351211764,387.5404692909466,387.9632235093781,3229396
2011-03-01,396.17193603515625,398.81425664010396,386.69480419743985,392.1203777742365,3167804
2011-03-03,405.22625732421875,406.91735965787194,390.0065083474149,394.55130823840403,3452600
2011-03-04,400.0650329589844,409.8592103500198,398.9904718806685,409.8592103500198,2061198
2011-03-07,390.4469299316406,396.3481129466237,385.585042543553,395.99580351289336,4184588
2011-03-08,393.7763366699219,397.687006780602,389.35487796001865,389.35487796001865,3947902
2011-03-09,396.94696044921875,400.92807363786017,394.0580407416051,395.48491093035676,2424486
2011-03-10,390.5525817871094,395.29112576231313,387.5403193748168,395.29112576231313,1871324
2011-03-11,379.4549865722656,388.38602432305095,374.6107306613676,387.5404728718421,5012882
2011-03-14,386.6772155761719,388.24497527007173,372.88429337974685,377.32338340675756,3248618
2011-03-15,383.9467468261719,385.9372602484285,375.4384674225119,378.73255124365426,3411868
2011-03-16,392.7721252441406,395.80197747709343,384.42240968257613,384.7218640707048,2677874
2011-03-17,386.8357849121094,394.19906118614955,384.95093791297757,389.30195111828857,2056102
2011-03-18,381.463134765625,390.71125971376415,379.1202678441231,385.25046212533914,2211348
2011-03-21,377.2530517578125,384.54584162962266,375.73810361703397,384.54584162962266,2619090
2011-03-22,376.7948913574219,380.49413994017357,374.5048803300042,378.76781533358604,2657774
2011-03-23,374.9806823730469,377.3235496157598,372.47929302638846,377.3235496157598,4352248
2011-03-24,385.21527099609375,385.9727451307364,376.97121891569543,377.3235284660839,3094834
2011-03-25,394.46331787109375,397.58124816769157,388.86158853796155,393.476834124513,4146434
2011-03-28,394.5514221191406,396.94710094235046,390.3589304203594,395.94302745728663,2248642
2011-03-29,401.17486572265625,405.8253775673384,394.2872398525737,394.5866943675274,3159588
2011-03-30,405.8428649902344,410.0882111831861,403.3591091027053,404.4512598267162,2294770
2011-03-31,417.0991516113281,422.066706078223,405.8604719550191,405.8604719550191,7394126
2011-04-01,415.7778625488281,422.33080745633777,413.10032025405656,417.48655419041523,1799624
2011-04-04,427.4219665527344,428.4084505823495,417.1345439880771,417.48685356914814,2311616
2011-04-05,436.8108215332031,438.2552815398367,424.0924601963246,428.0735738061756,2891014
2011-04-06,430.4692687988281,439.3122268978087,427.75650338820213,436.51138412961024,2422352
2011-04-07,422.4894714355469,429.81752513221403,421.06264397980124,429.81752513221403,2149016
2011-04-08,421.362060546875,427.7036300199885,417.39857962617907,421.6791476218348,1983768
2011-04-11,415.16143798828125,421.0097658837724,414.06928736428046,415.7779794864374,2256232
2011-04-13,426.3297424316406,430.3108572184803,413.71708739349833,413.96368685539466,3757530
2011-04-15,419.7413635253906,429.7821798887753,415.7250283787344,428.72525185052433,7566770
2011-04-18,403.2532653808594,427.175078370934,401.65028367417847,422.0665928976321,7765454
2011-04-19,410.33489990234375,411.9907805275865,401.63287155460796,403.2534868209774,3120224
2011-04-20,429.3595275878906,431.22678495410975,415.5666464449473,415.65472381115524,5338548
2011-04-21,419.9881286621094,438.90717381930705,412.5015521023849,437.2160710879106,17333968
2011-04-25,422.0140686035156,424.18078136211454,413.13588340553133,421.7146140286139,4191552
2011-04-26,418.89593505859375,423.4759578977542,415.84844972200136,422.7713389994218,3155246
2011-04-27,415.93658447265625,420.9922171644311,414.3336020616952,420.9922171644311,1774478
2011-04-28,408.2032165527344,416.9580948608468,407.1286558863993,415.7778671987067,2846194
2011-04-29,410.6695861816406,412.9067429538471,405.2440111626814,412.9067429538471,1866696
2011-05-02,408.13275146484375,414.84426182046786,406.03652802385494,412.201941681484,1543070
2011-05-03,401.08660888671875,409.38351224541833,398.4619211269949,409.38351224541833,2120156
2011-05-04,400.59344482421875,403.7465969432878,392.87785989389357,403.7465969432878,2722934
2011-05-05,392.8249816894531,403.3942637080034,390.39403822388283,403.3942637080034,1885596
2011-05-06,404.7857666015625,406.3887911729014,394.4983518993119,394.58642922726443,2405348
2011-05-09,400.0650329589844,405.84287381984944,396.1719961411141,405.15588756094377,1012232
2011-05-10,401.59759521484375,408.6613746671779,397.40510369336846,399.16665113881777,1529158
2011-05-11,401.7209167480469,405.75484341455507,396.73572860542515,401.28052986277163,1460670
2011-05-12,391.6800537109375,399.4837170814782,390.48219291029125,399.4837170814782,2540458
2011-05-13,397.0879821777344,402.44311175224817,391.7681179543004,391.7681179543004,2365488
2011-05-16,398.497314453125,404.239977191755,394.5866871372682,394.93899667935506,2227368
2011-05-17,402.2318420410156,404.8741639682533,395.3089929968864,395.3089929968864,1391414
2011-05-18,406.93505859375,409.2074374060073,402.42548030737134,402.42548030737134,2225180
2011-05-19,410.3876953125,412.20209776293325,407.2697649691887,410.4405503365959,2050922
2011-05-20,413.9637145996094,416.9231233733734,409.8240774536133,413.52332766918425,2050600
2011-05-23,410.9867248535156,412.3783303805061,405.1559845686305,410.0883182938138,2017284
2011-05-24,405.1205749511719,413.1884685593559,401.3332490199943,409.6125196602429,1681994
2011-05-25,397.6164855957031,405.1206950067116,394.58663255418236,404.8388302094181,1867470
2011-05-26,400.1354675292969,402.68971110366397,394.586593557396,401.28047326953043,2060218
2011-05-27,403.23583984375,405.12068699460013,400.3292865810796,404.64507778928714,1286704
2011-05-30,405.8428649902344,408.66134066846934,402.4431131085841,405.5081882060543,1140868
2011-05-31,407.6748352050781,414.9147676491964,405.1910367057012,406.91736138561066,2644154
2011-06-01,414.10455322265625,414.6682397646164,407.62205047379877,407.62205047379877,982386
2011-06-02,411.4093933105469,412.9067085934155,407.498766702478,408.29146302870254,1697654
2011-06-03,405.895751953125,413.96364781829374,405.15591063067046,410.7928624307494,1367808
2011-06-06,410.21136474609375,411.4973024174504,401.63264105812794,401.63264105812794,1357074
2011-06-07,415.4786682128906,416.8350513748238,407.9744576188413,409.7360053633096,1837442
2011-06-08,419.06121826171875,420.338186370386,412.71179733497394,415.69141845537393,2127670
2011-06-09,420.81689453125,423.4595520524922,416.7908806421185,416.7908806421185,2693966
2011-06-10,421.82806396484375,424.7722227873626,420.3737376658771,420.8881016193539,3774550
2011-06-13,416.8974304199219,422.28909239796855,415.92196212584844,421.8279446115746,3229400
2011-06-14,422.4841613769531,423.8498081928421,417.8551040669741,417.8551040669741,2125782
2011-06-15,420.0721740722656,427.4325267106439,419.0080267028615,420.692926704418,2812382
2011-06-16,408.3310546875,420.65742731439815,407.30237032620977,419.62874295310786,2337520
2011-06-17,393.45074462890625,410.40617704202003,391.6062398050044,409.6967454481704,3788146
2011-06-20,379.2975769042969,396.92693273609865,375.2892715234963,395.5080697057641,5310408
2011-06-21,392.5815124511719,393.98262183013094,377.1336298794369,381.31929151570796,3425946
2011-06-22,384.3345031738281,396.1820175154732,383.09299808743367,395.8627646903481,3570834
2011-06-23,389.123291015625,390.54215442862636,379.58142590313577,383.7316273663298,2428236
2011-06-24,403.5777282714844,404.6418752148502,389.832496919676,390.18721256746454,4151588
2011-06-27,408.13592529296875,409.59025117942036,397.9910637017988,397.9910637017988,3125218
2011-06-28,409.34197998046875,412.17970601152916,402.83295455677643,411.4702745037641,2133332
2011-06-29,414.96429443359375,418.1744899329538,409.590341086726,409.590341086726,2958704
2011-06-30,420.0543518066406,422.82115183168355,413.9532585466231,414.94647991465393,5172916
2011-07-01,422.7856750488281,424.9494322793474,418.45811728753097,424.9494322793474,1920840
2011-07-04,420.5863342285156,425.658785408062,418.5644723179276,423.17577582651495,1603734
2011-07-05,418.3695983886719,422.46658383921266,416.22359344337343,422.04094213278455,2061136
2011-07-06,419.5577392578125,423.1403590992586,415.6203604228934,417.94376553357046,1490178
2011-07-07,424.20440673828125,425.6587320795038,419.66402960933505,419.66402960933505,2602634
2011-07-08,415.6026611328125,427.4324211408503,414.7513347875014,424.2399798211261,3412060
2011-07-11,410.2820129394531,417.7842602979106,406.7171020534384,415.01745991172606,1822504
2011-07-12,406.2736511230469,407.4974463669664,394.47935314619434,402.850635681743,4079404
2011-07-13,407.586181640625,414.3080283071805,401.183544533751,407.9231443092959,3952600
2011-07-14,398.5940246582031,410.97361155536674,396.96234105777563,407.92306511974016,6937844
2011-07-15,406.52197265625,417.8196598013168,404.7661038429598,414.30796547499574,7279700
2011-07-18,399.0728454589844,408.63241457357043,398.09737745544504,407.21355202296775,3125208
2011-07-19,404.3936462402344,407.2668347156186,397.3702581446234,397.84911567381147,2195292
2011-07-20,401.69781494140625,408.5615990224378,399.0552000478602,407.92309338225704,2807746
2011-07-21,398.1861572265625,401.71556139509545,397.29936790780954,401.53820353134483,1850624
2011-07-22,402.034912109375,404.83717569906526,399.5873643335628,399.6760432870323,2090442
2011-07-25,404.34051513671875,405.7948411345782,398.39902598549133,402.6023992025754,4740714
2011-07-26,406.025390625,408.6147896117269,399.85332793429177,404.3050279029444,3968722
2011-07-27,406.912109375,409.572477029938,403.7196681890744,407.55057163203224,2024290
2011-07-28,401.71978759765625,407.17894271735145,398.4300634821702,405.4362693680097,4093814
2011-07-29,404.36920166015625,406.14743033940056,398.9100482976334,402.9466187167608,1719138
2011-08-01,403.74688720703125,408.95710676632194,400.1370737190303,406.28976331417243,1982346
2011-08-02,402.11090087890625,403.30230553259804,399.1234677107215,402.05754533033695,2025292
2011-08-03,394.89129638671875,400.3504506100857,389.55660950776877,398.32328696160187,3064246
2011-08-04,389.7345275878906,398.1455613040053,388.0452096636441,394.784725114973,3049294
2011-08-05,376.2554931640625,381.96362617209775,365.60391778856285,381.6613358955964,5269388
2011-08-08,357.5484924316406,367.50657472258723,354.43659171571977,359.6290333629943,6549306
2011-08-09,343.126953125,350.38213379398536,337.0454205840049,343.19808660349787,8159270
2011-08-10,349.9732666015625,359.91357166227067,346.3278969281057,355.29017597886207,5949080
2011-08-11,347.9460754394531,349.7421041759708,342.4869208460065,348.5328997186774,2900464
2011-08-12,336.8498840332031,352.76503149868637,333.4178938299558,352.28489670743477,4169084
2011-08-16,346.2568054199219,347.9461232783727,340.01522483165735,343.9095513940979,2983568
2011-08-17,355.6103210449219,358.98895687594546,344.9765006413605,346.5769070876348,4557892
2011-08-18,342.2556457519531,358.9532164420712,340.7085955717276,357.7440340330707,3619896
2011-08-19,330.3772888183594,336.77891551579796,321.85956451010867,335.3741097602569,5443614
2011-08-22,326.50067138671875,330.750643676414,320.79255978078004,330.3949978229985,3528922
2011-08-23,349.1018371582031,351.3779784951799,327.31853636586527,327.4963592294762,4874670
2011-08-24,342.3446960449219,347.82165096994925,339.64179619253736,347.82165096994925,3194790
2011-08-25,338.0057067871094,346.04329151466214,333.5956911004657,344.86966495984495,4445488
2011-08-26,337.3123474121094,344.7986890263816,334.3071353118089,338.25479599283636,3584910
2011-08-29,362.6166076660156,364.1814585535003,342.87825712918044,342.87825712918044,5590444
2011-08-30,370.7252502441406,373.53486119890283,364.2347133499588,366.31523293190895,5966682
2011-09-02,363.5054931640625,382.2302495938454,359.9134799618251,381.6078695642671,4413506
2011-09-05,365.4971008300781,367.45315235296977,355.0944848925016,361.2649296501391,3789658
2011-09-06,367.7021484375,370.58287032057416,357.42397761245394,362.04737234773944,4763292
2011-09-07,366.6708068847656,373.42807684675455,364.53693215992706,367.77330014317374,4432156
2011-09-08,368.46685791015625,375.18852897159513,365.9595375903023,367.38212082680496,4892662
2011-09-09,361.35394287109375,373.997147843629,359.4334684045118,369.871664879654,5062650
2011-09-12,350.5600891113281,357.01504772011464,348.05279042173674,355.6458199958897,3297170
2011-09-13,353.42303466796875,364.181320754717,351.6448055627211,354.8633959018397,3798204
2011-09-14,361.0160217285156,365.9595067414056,353.42299302650326,356.00142492531296,4745632
2011-09-15,370.49395751953125,371.93434016266,359.20220503453476,365.60382849059573,3852238
2011-09-16,365.5149841308594,381.39457835625325,363.22106429675875,372.71681184056496,4656504
2011-09-19,362.0652770996094,367.2043643119904,360.0914468434773,363.2922597043082,2240234
2011-09-20,376.2554931640625,378.407167827851,363.5055986826976,363.5055986826976,3487986
2011-09-21,371.11639404296875,379.81191652829017,368.7691404347035,379.81191652829017,2740760
2011-09-22,353.6542053222656,367.73777084196473,350.73790531270026,363.82566689683745,3141570
2011-09-23,352.1960144042969,360.9804695818047,349.33307019382033,351.37803344514583,4564232
2011-09-26,354.56109619140625,358.4909780679341,344.6207914164962,354.2232283290302,3388478
2011-09-27,370.06732177734375,371.6499285093028,357.77973978981686,360.5537731923339,3964578
2011-09-28,372.6811828613281,378.6560052968807,368.8046355789463,372.8945616244216,4425190
2011-09-29,377.5002746582031,379.82977236924637,368.3423939105364,371.0275374758579,5380350
2011-09-30,368.9114685058594,378.4071956168134,367.4177298433017,373.39259766592977,2691018
2011-10-03,371.0452880859375,373.3925417311329,361.08718377559745,362.7587234111262,3949264
2011-10-04,371.9877624511719,376.6289581967368,365.99513851295455,369.3026623102308,4718224
2011-10-05,371.1341247558594,378.0514169478575,370.2272107645528,375.0284281952171,3415262
2011-10-07,372.9124450683594,383.3150853910031,368.9825413587308,382.35481562063484,5085808
2011-10-10,378.6560363769531,381.963559424638,372.71676934545684,372.71676934545684,3854814
2011-10-11,370.17388916015625,383.38613813197054,367.9155472147714,382.31920082733615,4476374
2011-10-12,383.75970458984375,387.44063076901875,377.69592496383876,379.1185084853598,5871662
2011-10-13,388.6319580078125,392.97081951458483,384.1330298386212,389.96562979232795,5408918
2011-10-14,403.3912658691406,405.70296366781764,387.26273683343777,387.4405597410283,6710132
2011-10-17,398.41229248046875,410.41534079219906,395.22927925665715,409.5262261024412,4358690
2011-10-18,367.5777282714844,378.4960367971317,362.93653328773587,377.69583375950566,12006778
2011-10-19,373.0545654296875,374.9928606769038,368.16443671675165,370.93849073396734,3827420
2011-10-20,371.61444091796875,372.361288688163,366.4220190230352,368.4491834583924,2245412
2011-10-21,373.37481689453125,376.98463124439627,370.93865130934466,375.1708459466415,2461130
2011-10-24,384.0085144042969,388.4718861164429,376.8066876696944,376.98451055203026,3271720
2011-10-25,391.8189697265625,394.7968778489137,382.1184241138458,388.3774164204761,4158746
2011-10-28,399.9681396484375,406.24493812633796,396.22345354383776,402.6429154374373,3259116
2011-10-31,397.9353332519531,403.7128316263401,396.5800960852387,399.4331903016793,1778740
2011-11-01,395.3139343261719,400.50301574640474,390.96298398218715,395.1534652244136,1458210
2011-11-02,394.7433776855469,400.09292893087144,392.30042465713393,392.7462205942443,1550844
2011-11-03,394.08343505859375,395.65264477392,387.66397638795604,391.51566900423484,1891268
2011-11-04,392.22918701171875,401.21641734637046,387.7355283096254,399.7898700846944,2716008
2011-11-08,394.1726379394531,397.57853519259277,390.8737490899259,390.8737490899259,1692104
2011-11-09,400.4851379394531,408.705630735957,394.54717211127297,395.8667103987018,3921980
2011-11-11,403.3560485839844,406.92241506129636,394.8859282003685,395.86667898162926,3629590
2011-11-14,402.4289245605469,412.2720903285675,401.0380325038704,406.5659022271341,2329150
2011-11-15,401.00238037109375,406.19141909167575,399.43316992514997,401.23420297130605,1468478
2011-11-16,398.45233154296875,403.9980493421842,394.15484212630014,401.57290249933567,1871602
2011-11-17,397.7033996582031,400.681307208656,395.01077532892646,397.649895449623,1391988
2011-11-18,387.5213317871094,395.7953272614079,383.8480008243097,394.35093157675726,2789442
2011-11-21,380.6026916503906,388.12776129946286,378.0705796354936,386.9508427049831,2871704
2011-11-22,385.827392578125,390.51717373680043,376.9649795797243,381.20896487796955,3723582
2011-11-23,378.8552551269531,385.8631327730791,371.25887457336296,385.8631327730791,2355750
2011-11-24,389.37603759765625,391.0165580103644,372.68541957503254,378.74824458247326,3766844
2011-11-25,379.4258117675781,387.98509297206635,377.0006646790709,386.95083778623956,2140604
2011-11-28,388.198974609375,390.8737493540423,383.0277434363516,384.43644072131167,1504486
2011-11-29,389.9107666015625,394.4043785291754,387.3786122098548,389.8037582201785,2554696
2011-11-30,397.8460998535156,400.48517668368606,385.5777883040899,385.5777883040899,3481698
2011-12-01,404.71136474609375,409.61511961551355,401.64425414541574,406.5658582646266,2481448
2011-12-02,420.11798095703125,422.61443755015455,402.856758091915,404.72910053675747,3968866
2011-12-05,421.1700744628906,422.22217880130916,414.6079943065409,418.1565118976567,1530476
2011-12-07,420.6707458496094,425.4318360571761,418.5487318230426,420.8312149159764,2637422
2011-12-08,419.9753723144531,424.04103943142763,416.24853618583285,417.264942081388,3326444
2011-12-09,418.12091064453125,421.8299413406935,414.05524321863714,414.05524321863714,2763230
2011-12-12,420.95611572265625,424.3976685485086,411.9510391421102,419.4047548008791,3172170
2011-12-13,420.36761474609375,426.85842809466146,416.0701691035359,419.0480765147977,3274558
2011-12-14,421.70501708984375,424.041004714746,417.2649079194725,421.0095929905447,3346176
2011-12-15,421.7228698730469,424.36198998554505,411.77269789382785,420.72426976515555,3669372
2011-12-16,408.812744140625,421.74082696697377,403.8198293938972,419.60100636123326,3550896
2011-12-19,407.8676452636719,412.7714007856016,397.4360198806578,406.2092755983943,3667724
2011-12-20,404.1942443847656,410.5245465794786,402.37540570056035,408.47388530513496,1809396
2011-12-21,413.23492431640625,415.838389624181,400.30684402148637,410.1322024595267,3116976
2011-12-22,410.7385559082031,415.0717014267069,404.5152616051065,410.8455643544921,2086268
2011-12-23,412.68206787109375,414.41174674738505,406.2447595546231,410.48874398127384,1578590
2011-12-26,423.8271179199219,424.46903794227023,411.38048676974165,412.6822196004122,2229352
2011-12-27,420.6351013183594,424.3976355855598,417.2649022143739,422.75711561713695,983902
2011-12-28,416.9795837402344,422.09735486341776,415.8027088314844,420.3676321587806,1197910
2011-12-29,415.7314147949219,420.1537189118324,413.52028450384495,414.94683141028344,1585728
2011-12-30,413.9304504394531,421.722954679432,412.45039922770667,420.1180893127872,1545410
2012-01-02,420.33197021484375,422.95324103027224,411.20208017718323,414.055173534874,2248542
2012-01-03,427.1079406738281,431.49458782835706,420.8311458494615,421.9902146833689,2708884
2012-01-04,418.3348083496094,429.74718163791925,417.0152701020482,429.7115266783431,2386770
2012-01-05,417.9783020019531,422.61458009583146,416.31993228449795,418.26362883702,2547312
2012-01-06,417.0509338378906,423.80918137288006,412.5573204680065,415.8383604435409,2119728
2012-01-09,417.7464294433594,420.7243374637354,415.57095407405967,417.6216152934768,1509028
2012-01-10,415.62445068359375,422.79284019504854,413.16364855838356,419.0481545585677,3591790
2012-01-11,405.4958190917969,419.048010055287,404.1227768721811,417.7641269867468,5675380
2012-01-12,388.5556945800781,397.6499306624939,381.11982790199494,392.6570167348931,9528684
2012-01-13,387.21832275390625,393.49512038402037,382.6712045267708,391.28399011100214,4019828
2012-01-16,395.6526794433594,397.2931992071042,384.7752624094126,386.5941004851893,3047202
2012-01-17,393.70904541015625,401.10925651899197,390.16052785861496,399.3974265761119,3704218
2012-01-18,383.7945556640625,390.980793169215,372.7923232581313,385.16759811706703,11665532
2012-01-19,383.5804748535156,388.34156428874564,379.96060501225355,387.6639461083798,4163292
2012-01-20,384.9892272949219,389.07269913764975,382.67108928897744,385.1496963583592,2572694
2012-01-23,384.3472900390625,389.2510438457603,383.081256086181,387.30739156900404,2130496
2012-01-24,388.27032470703125,390.5171531389911,384.45432975692455,388.02069645225777,2641310
2012-01-25,392.6690979003906,396.9426648827348,390.18364156422314,391.5604780307701,5845238
2012-01-27,396.51361083984375,400.7335702255721,393.4201701054377,395.17252760137757,5209718
2012-01-30,397.5865478515625,400.1614106634587,393.6527029886282,394.278541944095,2595558
2012-01-31,404.97137451171875,406.2230521699954,398.03349533197485,398.03349533197485,3538120
2012-02-01,403.64813232421875,405.90116949356013,396.33477629183966,403.8984940402849,2288804
2012-02-02,410.5505065917969,412.2134594479446,404.2206077065501,406.2590378817781,3386140
2012-02-03,418.97216796875,420.56356877292427,408.04679589277777,409.47728422193734,2777558
2012-02-06,426.9473876953125,429.1646722188326,419.61613031227466,423.3175125039169,3427196
2012-02-07,428.431396484375,432.6155587709905,426.24990979088267,432.6155587709905,3407656
2012-02-08,436.1738586425781,438.7487206290595,433.08041835191216,435.0115866692968,3627184
2012-02-09,439.3746032714844,440.5905274190732,424.85515143982065,433.116215097918,3038062
2012-02-10,441.0911560058594,442.7362091180999,433.43803348234013,439.1599877197308,2324302
2012-02-13,438.3374328613281,442.71830400961966,434.1532713490597,437.08575539038765,1631770
2012-02-14,436.29876708984375,439.7140740811214,434.51065738865583,438.0868767910316,1826646
2012-02-15,444.023681640625,446.5985874814289,436.1202403416632,438.8560586984328,2167166
2012-02-16,438.2123107910156,444.166728564374,435.58379661143925,442.73623990555154,1886660
2012-02-17,439.42822265625,448.45818206383524,436.6566509568922,441.6097090692511,4096568
2012-02-21,442.3966064453125,443.4515745841143,430.8453907098482,437.5687062381468,2489504
2012-02-22,447.8681640625,453.05368608550145,439.5176942254361,441.6634274763333,3141826
2012-02-23,450.53265380859375,455.9327425603807,444.8822032188655,446.688213547659,4086880
2012-02-24,454.1802062988281,458.0603985428898,449.62052312535565,450.2463619923028,2346400
2012-02-27,447.7608642578125,457.73848807392,445.45417502270465,457.3987644677274,1861370
2012-02-28,438.64154052734375,450.74704364318865,435.977228861369,448.9052805248421,3973490
2012-02-29,436.99627685546875,443.45137276785493,433.52736019180014,443.45137276785493,3060216
2012-03-01,436.1560974121094,438.7846122791227,432.7408310390038,437.3720218211197,1568594
2012-03-02,435.3156433105469,438.802459923632,431.6500155890985,438.44483770690533,2309232
2012-03-05,431.7571716308594,437.17511143196384,429.5041349762118,434.1532221991017,1540878
2012-03-06,429.86175537109375,436.763879221348,425.21266816658107,430.2193774637486,1717722
2012-03-07,426.5896301269531,431.29237076137343,424.33663647272425,427.3585265836163,1945666
2012-03-09,432.2041931152344,438.8023031951503,430.20147449283803,438.8023031951503,2225758
2012-03-12,425.2306823730469,435.8877974392968,423.13855763803855,434.8328294410869,2240278
2012-03-13,428.07366943359375,434.49296890251463,425.5703146415844,425.5703146415844,2492464
2012-03-14,412.892578125,434.1531927113279,411.6230023152705,432.75845790818346,8065314
2012-03-15,416.16497802734375,418.7577392349556,409.477459684906,414.4841709823634,4284236
2012-03-16,418.2569885253906,421.9941224015896,414.1264353737634,418.4000024564051,2054724
2012-03-19,401.25201416015625,418.2569632383193,397.6042860388995,418.2569632383193,5132864
2012-03-20,405.84747314453125,409.47734656341703,400.5367931450018,403.7553923756313,3683204
2012-03-21,420.4742736816406,421.92266095732083,406.4555018361378,406.59851578258207,4553242
2012-03-22,417.6133117675781,425.4631013646865,414.8417397990928,420.0987685224569,3421694
2012-03-23,423.6571960449219,426.24995728919305,416.55840330023943,420.2061326922251,3158436
2012-03-26,415.4139099121094,423.7822775414055,412.6959901120523,420.9213001402821,3053384
2012-03-27,420.11669921875,421.86905681221856,411.96289521304817,419.4908603393009,1588246
2012-03-28,416.6654968261719,420.08080531734555,412.8568127589831,419.84834222309627,2051096
2012-03-29,408.1184387207031,416.2722423735467,404.9713895418392,411.62315375597274,2681214
2012-03-30,417.98876953125,420.4742259115324,409.6561563101513,409.6561563101513,2543342
2012-04-02,427.0903015136719,428.7890069205716,418.4179633837104,418.4179633837104,2326988
2012-04-03,421.2787780761719,431.7749765917994,420.3132159959063,429.2179701840141,2269154
2012-04-04,421.43975830078125,425.49880417556244,417.3450026010316,418.06024682142754,2165054
2012-04-09,416.3079833984375,424.8551624858554,414.21590231417673,418.41796305425146,1576628
2012-04-10,413.482666015625,420.4384422463951,412.07007614349857,417.0946842497475,1532992
2012-04-11,407.00982666015625,413.0536507132924,405.97271352475695,411.15823554669873,1781586
2012-04-12,404.7030029296875,410.5501147351965,403.79104923720746,407.7785438386827,2114686
2012-04-13,382.065673828125,395.0652322436715,379.5265649046501,390.2909845398394,8994680
2012-04-16,382.5662536621094,384.1934517309623,376.68338739172015,380.95695416084317,5016110
2012-04-17,390.1120300292969,391.57827179919883,384.01459987097616,388.01994963095785,2473664
2012-04-18,392.50823974609375,398.64142518756864,391.18501149169816,393.38439662200415,2882264
2012-04-19,394.43927001953125,395.8161500016389,390.20145694841204,393.7061709218923,1767416
2012-04-20,389.2538146972656,396.22744667586466,385.3021161024217,390.9704184924784,2450024
2012-04-23,380.5992431640625,394.242532258432,374.6627262323738,391.22059992988375,2843868
2012-04-24,427.0722351074219,430.9345707135911,399.57113435686506,401.2519405316591,18113782
2012-04-25,418.7934265136719,425.5703486370927,417.52385044857624,425.2127264953808,5417898
2012-04-26,427.2332763671875,429.8260367491925,416.4509606682543,418.41788233736156,5476292
2012-04-27,430.57696533203125,433.43794184586534,425.5702564328216,425.5702564328216,3711146
2012-04-30,445.81182861328125,447.02775283199503,430.5771315277776,430.5771315277776,4604822
2012-05-02,453.196533203125,455.7535395371324,444.20233010631927,444.20233010631927,3981448
2012-05-03,457.5773620605469,459.22241457649545,450.08519840871116,451.569294827048,3358922
2012-05-04,456.6119384765625,463.2100491025136,451.6946343459626,457.75631179403007,3571718
2012-05-07,455.3424987792969,457.2200154638375,446.4555952034828,450.6040042897421,2627762
2012-05-08,429.39691162109375,441.55606510558266,427.59094589951525,438.08714760290985,9631578
2012-05-09,438.2838439941406,441.5202982630399,427.0366011682246,427.35846983467445,9271544
2012-05-10,440.7873840332031,444.09539031350283,438.0873182018511,438.2840279291926,2992620
2012-05-11,440.14349365234375,442.342878768454,436.72818440533064,437.7295439613803,2745190
2012-05-14,438.42669677734375,441.30557149261045,436.29886322608166,438.90952142707005,2573752
2012-05-15,438.552001953125,440.94805257892557,436.2274582858395,437.72945365499186,1875510
2012-05-16,437.5149841308594,444.13099446672436,431.56056609757064,436.2990599867712,4567936
2012-05-17,437.0142822265625,441.6633703353557,428.806871065751,437.0142822265625,4137524
2012-05-18,432.95526123046875,438.051376827972,430.09428405292306,430.86318040039794,2656670
2012-05-21,432.4366760253906,438.08712332292123,430.59495692076416,433.0804133420878,2227088
2012-05-22,437.7475280761719,443.4515854430323,433.7957847922566,436.6567627628568,2360916
2012-05-23,438.1407470703125,441.86002583252457,434.1890052001415,440.94807196862547,2162806
2012-05-24,436.817626953125,439.4997935036294,431.68575701750416,438.08720324905227,1205674
2012-05-25,436.5850524902344,438.0870477634076,432.40084796347065,433.47371420289124,915046
2012-05-28,437.9798889160156,439.87530402954644,434.5288696255177,437.72957083915844,790194
2012-05-29,443.57659912109375,446.3124171398591,435.7268108489612,439.1599745574896,1575032
2012-05-30,443.648193359375,449.5310604997586,440.32228976955275,440.32228976955275,1581514
2012-05-31,445.3645324707031,449.1374618929487,436.65644582429536,436.65644582429536,4411602
2012-06-01,437.9441833496094,445.2396857262561,435.76269643168115,443.4515745386004,1479528
2012-06-04,433.8851623535156,434.86862346744283,427.7876859851444,432.7228901279653,1204430
2012-06-05,438.6236572265625,440.19720374134624,434.15337943175444,434.15337943175444,2063398
2012-06-06,447.4390869140625,451.9451185340128,439.5534988378546,439.8753675939353,3291908
2012-06-07,449.2682800292969,452.78217729848956,446.1348121197667,451.73162978047225,2149728
2012-06-08,445.8994140625,450.13777726716586,443.4541943166034,446.0080639633186,2400244
2012-06-11,446.8592834472656,451.38746700041554,444.52271420151476,446.66002568271,1545048
2012-06-12,452.1302185058594,453.90527591500165,442.34933865773087,442.34933865773087,1092142
2012-06-13,452.9635009765625,456.44113890505935,450.13789528559073,452.45633531144375,1450858
2012-06-14,454.2674865722656,456.9843973771237,451.007193606436,452.4562127023603,1471124
2012-06-15,460.950927734375,463.68596812520445,452.45607358467214,454.28547731900704,1986040
2012-06-18,455.4088134765625,465.98664019454316,452.8186817727077,462.23731035358,1495388
2012-06-19,461.494384765625,463.41435247778935,454.6658921094754,455.31796829639273,1769058
2012-06-20,453.8326416015625,461.5124224661593,450.3912224387458,461.5124224661593,1753740
2012-06-21,443.41802978515625,453.5430343085328,437.9660770599171,451.02538099959645,4155980
2012-06-22,446.8230895996094,449.15965919570834,439.8678163073058,439.8678163073058,1919560
2012-06-25,440.7735290527344,448.6525709733401,438.69056394728693,448.10918877191904,1588758
2012-06-26,447.42071533203125,448.10900802030926,440.8820453447373,441.04504225119365,1109714
2012-06-27,451.623046875,456.0063653838874,447.8375018579324,447.8375018579324,2305862
2012-06-28,456.0243835449219,457.85378772205235,447.837435032721,451.7135431724887,1894228
2012-06-29,462.7622375488281,466.22178753773335,457.49145832460863,457.65445524741847,1990150
2012-07-02,456.2416076660156,463.32370386125825,455.1548437007429,463.32370386125825,2111100
2012-07-03,448.9786376953125,459.9911931886712,445.68212764113014,458.25235234530317,2227292
2012-07-04,452.0395202636719,452.63724936504553,446.1347951636255,450.46372115681004,1301806
2012-07-05,449.4132385253906,452.03958548930234,447.45705401160825,452.03958548930234,1520876
2012-07-06,452.0033874511719,453.83279172054176,444.4866010038773,449.1959129949534,1929928
2012-07-09,456.22357177734375,458.089192300908,450.409366233736,451.0070953246606,1912768
2012-07-10,457.05682373046875,460.1541196893801,452.65546366961445,458.2522821547457,2517598
2012-07-11,455.82513427734375,461.69364308419273,453.9957302434402,453.9957302434402,2034538
2012-07-12,447.7467956542969,452.81836130086657,441.6971600355345,443.7619940748492,7859080
2012-07-13,452.6009216308594,465.1349223772934,450.282483267115,461.4399430185845,7217154
2012-07-16,437.3682861328125,456.1693174718933,435.75627010036663,452.4562060928289,3620626
2012-07-17,429.5979309082031,443.39982849013364,425.72177842420166,441.2262999191036,6383816
2012-07-18,433.00335693359375,436.2998681155248,426.9174561203558,432.8946627609887,2975286
2012-07-19,435.0679626464844,438.32825545565873,432.98499779617856,435.79247215963426,1335352
2012-07-20,443.0556945800781,444.8488379242069,434.814398926352,435.06795956593857,3378226
2012-07-23,440.9493713378906,445.65208727620205,436.137694030724,438.6797122307365,2903198
2012-07-24,439.0973815917969,442.5472637742361,434.7214606707788,438.7160610925506,1648092
2012-07-25,440.54998779296875,441.94808915162565,434.6488732089803,437.22719748443495,1666030
2012-07-26,435.2117004394531,443.40064907755396,432.215750107848,440.4954851196339,2945746
2012-07-27,444.9623107910156,446.74168872510654,436.9549327704231,441.221893468576,1842976
2012-07-30,447.0321960449219,451.335462177546,441.05846915849213,448.44847263180014,2625712
2012-07-31,451.6258239746094,453.6594295216589,445.3070846115143,448.48460713167805,1979964
2012-08-01,444.7262878417969,452.04368087567616,443.8002487885662,449.61057864902835,1295750
2012-08-02,447.6857604980469,449.1019923908745,443.7637716259413,446.65076042812893,951058
2012-08-03,449.1748046875,450.39133359025766,442.34764962742247,445.9427999587474,977736
2012-08-06,446.2694396972656,453.2055087294327,444.92577497285714,452.11607241037154,1015540
2012-08-07,459.03411865234375,459.8148460677391,448.357631350454,449.9373055184992,2099154
2012-08-08,453.6414489746094,459.9783660573174,452.6246679298733,459.37916697366654,1643000
2012-08-09,456.8913269042969,460.4138190362577,454.02246979896216,454.02246979896216,1129474
2012-08-10,464.8443908691406,466.6419432690868,456.0199379456465,456.1107243159323,3082356
2012-08-13,459.8511047363281,464.4993399358539,456.5646206558905,464.4993399358539,1428038
2012-08-14,460.61370849609375,462.37495510422605,457.29091868446625,457.5632777783819,1136930
2012-08-16,458.8524169921875,461.75758037637,454.6943753010111,461.24916791828304,1788292
2012-08-17,464.31787109375,466.4604386110716,459.0159551610701,459.39727570363937,1287576
2012-08-21,471.5989074707031,473.9048725055438,463.77310429646496,464.7899294174626,2051576
2012-08-22,469.0569152832031,475.35748112902536,467.76773096783063,470.6002837284272,1134096
2012-08-23,480.604736328125,481.53077478056485,469.09304549230365,469.09304549230365,2337314
2012-08-24,480.38690185546875,482.40237663408726,476.80992839482775,479.35194629182985,1578938
2012-08-27,479.5155944824219,483.31049263714954,477.5364686747663,477.9722256673133,967200
2012-08-28,490.5733642578125,491.93516015885615,477.5364292992962,481.87600117223775,2266204
2012-08-29,487.8135070800781,493.1517297216346,484.79938083827847,490.2465648926412,2139290
2012-08-30,496.4745788574219,504.3366909601747,480.58695684291666,486.57886000267297,3333432
2012-08-31,487.976806640625,493.51477598110466,484.67219117872105,492.7884849200581,1773848
2012-09-03,485.83428955078125,492.0259392203119,484.0730424108689,490.2465170702723,1223826
2012-09-04,486.9235534667969,489.15690678456406,480.09644580486076,484.03656495579264,1508018
2012-09-05,495.51202392578125,497.87246962421847,483.70979543359516,486.4333866240997,2028960
2012-09-06,499.5430908203125,501.1046346705622,491.572062435347,495.36691631726586,2291684
2012-09-07,503.5736999511719,507.2415038927007,500.7411924765301,504.77209748265955,2636656
2012-09-10,498.0359191894531,502.55710763373474,496.03861877524446,502.3028791652625,1476024
2012-09-11,505.73468017578125,506.8059418612647,495.34872587827226,497.14627869406115,1274180
2012-09-12,513.8145751953125,516.029753872469,504.735937723946,507.29608689330064,2114466
2012-09-13,514.8312377929688,517.1008966397129,511.87163812023374,513.1244720719268,1881210
2012-09-14,513.160888671875,522.8568999586092,509.1844632445495,518.5717653979768,2814840
2012-09-17,487.37774658203125,516.229693804256,484.98099426321363,515.0312954801967,5094390
2012-09-18,472.0166015625,488.43076261917537,469.38379633648583,488.43076261917537,7220206
2012-09-20,480.07861328125,485.4894930532318,469.03897518410986,470.2736794245225,4042506
2012-09-21,473.5600891113281,483.8189534313112,471.47200168336695,481.13166683207476,4247758
2012-09-24,468.2580261230469,476.8101218203922,463.73688161815755,475.7206851368727,4937020
2012-09-25,469.6197814941406,475.62985774517847,465.6615306820053,468.4940392174061,3823694
2012-09-26,466.8599548339844,473.90498804316707,465.5526395948967,470.3461435813165,3292812
2012-09-27,461.75762939453125,471.9075273137774,457.9627327235281,464.8624964934102,5605398
2012-09-28,470.6001892089844,473.90480387976163,463.55515873755996,464.3904109895189,2912996
2012-10-01,473.160400390625,475.6479824706819,469.5652954884115,470.2734114650818,1795618
2012-10-03,480.31463623046875,481.1680197014365,472.4525234955237,472.4525234955237,2318230
2012-10-04,478.3172302246094,479.9513854051996,475.2304926612723,479.3521863064572,1319284
2012-10-05,473.5416564941406,479.11593016446994,383.118441412054,475.8113155072452,3836110
2012-10-08,469.4381408691406,477.6270891156281,466.80533615818206,475.72057535941667,1685408
2012-10-09,470.2189025878906,471.65335379081296,466.6419285771052,471.32651400221795,1291154
2012-10-10,468.2215576171875,472.72456987575214,466.64188384124566,467.00502927614156,1163978
2012-10-11,468.2580261230469,472.6521228766761,467.02336667849175,468.5485603037023,1635526
2012-10-12,471.52630615234375,477.04614492831286,462.35688131652216,464.3905317930467,2469542
2012-10-15,470.1462707519531,472.96064801964496,467.5497718907429,469.91021734106505,814528
2012-10-16,470.6001892089844,475.79314245469783,467.6587199817931,470.99964033107346,1282744
2012-10-17,465.9700622558594,473.8684752716662,461.9209818899469,472.5611606038706,1597480
2012-10-18,474.7581481933594,476.08363782049935,464.8987413360274,467.09578882274394,1447128
2012-10-19,468.34893798828125,476.22922537451535,465.55273414983617,475.35766692834284,2825616
2012-10-22,478.9526062011719,484.76293416945225,473.1785839168363,481.20409055716675,5397342
2012-10-23,477.39111328125,480.80469018923685,476.4106380646945,480.80469018923685,1136696
2012-10-25,477.6634521484375,480.7683640844875,473.63254573147384,477.5363600819537,2254470
2012-10-29,475.13958740234375,479.2794550234102,472.3796904313946,476.0837568490783,815628
2012-10-30,476.2654113769531,480.0784398325063,473.68708671572335,473.68708671572335,805268
2012-10-31,478.81317138671875,479.2863606701487,474.6274234042427,476.4837027537657,999536
2012-11-01,478.7220764160156,480.57835537603916,476.8839696978995,478.5946929990265,1579768
2012-11-02,484.52764892578125,487.00271788020206,479.86875571223703,482.2346134597866,1673974
2012-11-05,483.9452819824219,488.9499809516181,482.38020278151686,486.23836182794935,1223826
2012-11-06,480.6510314941406,486.7840501958695,480.2506202611926,482.27071536962745,1297466
2012-11-07,484.63690185546875,485.31025254001776,480.99712039204053,482.2710439042404,1058390
2012-11-08,484.52764892578125,485.801572328308,479.2135773328544,481.9070242700953,1239044
2012-11-09,482.2528381347656,485.2738745901277,480.778753267284,484.0909455877516,711382
2012-11-12,485.7289123535156,490.64261809856805,480.45122840512596,480.45122840512596,1466782
2012-11-15,471.042236328125,481.1790168668598,469.89569650160064,480.4874496357088,1735402
2012-11-16,468.36700439453125,475.6465658900576,465.92832463497956,473.0987193666234,1598890
2012-11-19,459.4676208496094,471.35151147292703,458.0663144314121,469.5680103811721,1676286
2012-11-20,463.271240234375,466.94740933913124,457.17460841771987,464.07197410360135,1256040
2012-11-21,466.69281005859375,471.2425373615785,464.52715763474527,464.52715763474527,941744
2012-11-22,464.5998840332031,467.38432572036965,462.61622092121416,466.6563694325314,611624
2012-11-23,469.0220947265625,470.04125101368464,462.7070846016625,466.6198485422468,749676
2012-11-26,470.8783874511719,471.6063435541688,467.7117961755012,468.80373032999654,456334
2012-11-27,471.4244079589844,473.1351316534667,468.9129946637367,473.1351316534667,1338160
2012-11-29,472.47979736328125,477.53910006878857,470.3869240207542,476.81114412356175,3470578
2012-11-30,478.2672424316406,482.27100169096184,469.93213472377846,471.3516582564495,3579294
2012-12-03,479.28643798828125,481.1791065654877,475.0642559714077,478.631259556442,1319512
2012-12-04,472.9714050292969,481.1063524980204,470.5873747257921,478.66767215308,1595120
2012-12-05,472.4071960449219,475.9195936791467,469.0221818625246,473.1715411868086,1790058
2012-12-06,466.14697265625,471.35187991338506,461.8884444865526,471.35187991338506,2370092
2012-12-07,460.1228942871094,466.1467047945481,457.53865883017966,464.6726202432946,1957214
2012-12-10,450.3137512207031,461.0875400488223,448.12988231191036,459.37681607837857,3029430
2012-12-11,443.94403076171875,452.42473749927694,440.54084471981014,449.5129129618721,4926914
2012-12-12,446.1644592285156,451.6969096484538,444.4537351683887,445.83686998883775,2487948
2012-12-13,444.9814147949219,449.367323954229,442.9977076212408,447.7294226114606,2297162
2012-12-14,452.38824462890625,453.1525895081604,442.6518335691927,442.9612059690211,2196814
2012-12-17,438.7756042480469,454.57226284336855,437.5380698086123,451.02347633037107,4482898
2012-12-18,440.650146484375,445.8732239357226,435.68183596004894,442.12423130087245,4688482
2012-12-19,448.65771484375,450.07723863946796,442.6338581604155,442.6338581604155,6642060
2012-12-20,455.7188415527344,456.7925592782696,446.65577710796066,446.65577710796066,2314030
2012-12-21,458.13922119140625,460.21392304030877,450.4956810164327,454.9726294627141,2457968
2012-12-24,460.8689880371094,462.65248936403333,458.64873082359406,459.3402980031255,1254818
2012-12-26,459.4130554199219,461.94272940748715,456.9016425372814,461.16016775045745,1435258
2012-12-27,455.31829833984375,460.39581851113337,454.1171975007528,460.39581851113337,1994158
2012-12-28,461.3422546386719,462.98015613443044,455.24562129334817,456.42855015139605,1501622
2012-12-31,457.1018371582031,460.65062323849355,455.7005305152459,458.9763330508986,704170
2013-01-01,460.1228942871094,461.48781207396496,458.61237638347234,461.14200624274434,509580
2013-01-02,459.81365966796875,463.1258522709379,456.9928287294024,461.16036118239583,1880246
2013-01-03,466.1101989746094,467.34773301050694,458.59404469382764,460.4321512915041,2635130
2013-01-04,472.8802185058594,473.53539670410146,466.21944750131155,467.71174847407406,5228760
2013-01-07,471.29705810546875,474.62746677770855,469.6227676456583,473.1715543029303,1820752
2013-01-08,473.262451171875,474.7365800207611,471.09679958490744,471.3515664430518,2341870
2013-01-09,464.6543273925781,475.8648680831514,463.39862100689606,473.5353998892895,3135898
2013-01-10,458.0298767089844,466.6561366443474,456.90155391187625,465.8554028995361,4522838
2013-01-11,475.48291015625,481.361166941189,469.53187550407097,469.53187550407097,7805006
2013-01-14,485.7289123535156,490.80639051769657,475.8468952467236,480.0872502017888,5790224
2013-01-15,486.8025207519531,509.5693700205999,482.99896715524,505.92958880616703,8262978
2013-01-16,490.5514831542969,493.1903243732682,476.4473318115189,486.6023296645031,4109492
2013-01-17,495.7383117675781,499.305315924182,488.8227259206002,491.2613621047929,3028544
2013-01-18,491.7344055175781,497.21229361047864,487.02090696762724,495.9201536030349,1440470
2013-01-21,484.0909118652344,493.15397616904653,483.0353664043059,492.280419772729,1260038
2013-01-22,479.5411071777344,484.7095779988582,476.1197044338882,482.6349207724294,1386630
2013-01-23,478.6106872558594,482.91544710911216,473.66755680181234,479.99697792922706,1877654
2013-01-24,484.6667785644531,487.71292332346906,476.0755129883984,476.0755129883984,3498470
2013-01-25,489.02642822265625,490.66806860087485,482.91587792595396,482.91587792595396,1521100
2013-01-28,490.68597412109375,492.47350117760436,488.0957966493727,488.9531327453354,2428154
2013-01-29,490.6494445800781,494.88126113738167,488.9531197463364,489.2814119513754,1731804
2013-01-30,491.08734130859375,492.4371159629891,487.311579394301,489.20856721112483,2279144
2013-01-31,490.35772705078125,493.38561318382136,483.8823712519034,492.07231049164,4313168
2013-02-01,491.79876708984375,493.2215304109562,489.62817239837733,490.3030598168085,1484540
2013-02-04,494.80816650390625,498.98525195329756,490.72232774249466,492.12683203346097,2487304
2013-02-05,496.158203125,497.96398878789535,490.7042850998345,490.7042850998345,2161994
2013-02-06,499.9885559082031,501.94027344646025,496.86942387054125,497.0518282111692,3573706
2013-02-07,506.0444641113281,507.0841601375206,496.5047064368097,496.5047064368097,2612782
2013-02-08,518.9771118164062,524.2303686762046,505.2967786046055,505.62511550815566,6973618
2013-02-11,516.0948486328125,521.2751588777029,515.2010851332385,519.4875873462429,2312126
2013-02-12,514.3985595703125,516.2043449428758,511.4071013113252,514.0337508459712,2225502
2013-02-13,523.646484375,525.9265390438577,512.5927615274508,514.3073893578224,3822666
2013-02-14,528.133544921875,531.0885310610579,521.3116399447601,521.7129206141824,2946958
2013-02-15,526.1089477539062,529.6293610981037,521.9136471286276,526.7838350349874,1820790
2013-02-18,519.9800415039062,526.0176429519313,518.0283239784774,525.3609695170629,952086
2013-02-19,526.6195678710938,528.5712853286731,515.365184893722,518.6119909291488,744294
2013-02-20,529.993896484375,531.5260746312725,525.8715419224293,525.8715419224293,2261518
2013-02-21,529.3558959960938,531.4717605922688,525.5800887984743,525.5800887984743,3849146
2013-02-22,530.833251953125,534.0983172847741,526.1637262438173,528.9727360637789,1310694
2013-02-25,537.6188354492188,538.0931048121565,529.5200960236239,530.0673093505515,1730030
2013-02-26,545.89990234375,547.1949468764952,534.8097058133252,535.174514616745,2853670
2013-02-27,541.0843505859375,548.3258403061288,538.9320144658708,545.480314083336,2556682
2013-02-28,553.4149780273438,556.3334485772573,541.8322980323746,542.1971068511139,4599424
2013-03-01,547.887939453125,553.0499914859238,546.4834348587822,552.7216547481042,2537326
2013-03-04,552.0286254882812,554.4728710221852,543.9298884232778,543.9298884232778,3136076
2013-03-05,561.8600463867188,562.8997421238435,550.3503157649778,553.4147173051656,3440054
2013-03-06,569.5394287109375,571.1081242205429,560.4009958252676,560.4009958252676,2299510
2013-03-07,580.0093994140625,582.818408777002,568.8644750787092,569.4664183800005,3908702
2013-03-08,577.5468139648438,582.1069220172897,574.5371426502294,580.0457442711231,4341502
2013-03-11,571.3634033203125,579.8817226158496,567.8795067401085,574.5737378909785,2221330
2013-03-12,569.2840576171875,572.0018650072387,564.7239482162167,568.3720357369933,1809452
2013-03-13,566.0736083984375,568.6272691469582,564.7238341014289,567.6605617751515,1794496
2013-03-14,571.9108276367188,575.3035678217134,563.1919315752414,568.0073906774937,3051218
2013-03-15,572.8410034179688,576.5438215488832,569.3205896823474,573.4794188014946,4212398
2013-03-18,571.6369018554688,574.0811465535871,567.0585799728944,569.0467693217784,1694988
2013-03-19,564.2680053710938,570.743361501908,561.9696921427203,570.743361501908,3739910
2013-03-20,568.2443237304688,573.7164546471446,561.787182529402,561.8054407787171,4168136
2013-03-21,569.0833740234375,574.3548870161283,566.8033194069579,570.1960584892063,1664604
2013-03-22,562.5897216796875,569.8676371221703,558.8869046257377,569.6122888559573,2714456
2013-03-25,563.0277099609375,566.1833153090419,557.5738356579733,564.9064843788991,1857316
2013-03-26,567.7701416015625,572.7497904055016,560.4010219837965,561.8419988664738,1781536
2013-03-28,574.8475341796875,577.6383307342413,562.4075615436959,567.6425595326631,3065662
2013-04-01,567.9524536132812,574.0994717122829,565.9095336633287,570.9256536232776,968812
2013-04-02,571.7828979492188,573.1874025154297,562.2613999370392,567.6423281765016,1130332
2013-04-03,563.0457153320312,574.5736605029623,558.5220788762128,572.7496171362862,959932
2013-04-04,550.0587158203125,561.8420131131472,547.577998215335,561.8420131131472,1126338
2013-04-05,546.611083984375,550.6239795173274,541.4125602257776,549.0370706448491,1865248
2013-04-08,540.1904907226562,546.8117776345999,538.0928406658234,546.8117776345999,896416
2013-04-09,546.2647705078125,551.955779553117,539.041537602249,539.9170877320643,1672354
2013-04-10,558.3216552734375,561.4043166019883,547.5780530580151,550.8248605469033,2046284
2013-04-11,560.6744384765625,565.4898949757779,554.7645114650086,561.8053364161336,2244658
2013-04-12,551.4995727539062,556.1508838520457,539.3149528138861,540.610041560019,5032060
2013-04-15,537.1627807617188,552.3206065007449,528.3708962621955,552.1382020732348,5391496
2013-04-16,541.0660400390625,544.8235429833406,531.8728339483763,536.2687966590851,3071582
2013-04-17,531.3987426757812,546.8483863111971,522.0413881329707,545.3891511242427,5279004
2013-04-18,529.9759521484375,545.3526510449597,520.7462722536948,542.8172033189024,8554458
2013-04-22,519.9619140625,532.5478155713826,519.852453627757,527.5134371549028,2962484
2013-04-23,521.8771362304688,528.243030630598,519.4876212831296,519.6517673954687,3384170
2013-04-25,511.5712585449219,521.8771043344668,510.2396978815802,521.8771043344668,7929194
2013-04-26,499.55084228515625,508.3427240667697,498.00040513061987,508.17857794568675,4754076
2013-04-29,500.0615234375,505.15058696833097,497.9638734212566,497.9638734212566,3968916
2013-04-30,502.852294921875,504.16559726733954,497.9638496887977,499.05827573206983,4020570
2013-05-02,523.0993041992188,524.8868760786478,501.06484558518616,501.06484558518616,5630326
2013-05-03,517.4812622070312,527.9695147896552,513.6142979873804,520.2173280981506,3641790
2013-05-06,535.247314453125,537.1443464395406,518.0283613807192,518.0283613807192,3727118
2013-05-07,536.8526000976562,539.4974637938236,531.672333153954,535.2109605621041,2260180
2013-05-08,539.9534912109375,542.7625456655551,536.2689312699016,536.9985488634661,1768130
2013-05-09,546.6476440429688,548.471687760997,541.0113667671883,541.0843107029825,1949700
2013-05-10,545.7175903320312,551.1897233097593,543.9664899662254,546.6478262188457,1139714
2013-05-13,529.5563354492188,540.2817208533787,527.4039550687281,539.9169121289673,1862498
2013-05-14,531.8729858398438,536.4696124640408,526.6927185594103,530.8332896395422,2250100
2013-05-15,536.8345336914062,538.8956682702297,528.9728843897828,531.927827458183,3565926
2013-05-16,530.4501342773438,535.9040067990991,528.0423611124359,535.9040067990991,2415652
2013-05-17,537.6551513671875,539.369734672258,530.4683923021468,530.7967290822695,2900200
2013-05-20,537.1443481445312,539.1872679936604,532.9855199856142,536.7248092257597,1385504
2013-05-21,544.6049194335938,547.9429295419973,534.4450011844381,534.4450011844381,1898432
2013-05-22,546.6295776367188,550.5512726873395,544.4042526074835,546.4836451934856,1846944
2013-05-23,544.5499267578125,556.9716807619569,539.3149308377256,545.3890045777799,3063962
2013-05-24,536.1046752929688,548.289250983393,533.934036677417,547.2130830662885,1586612
2013-05-27,546.4835815429688,547.2131991418246,532.6208471647092,536.0865307592741,2023864
2013-05-28,552.3570556640625,553.2326057864118,543.6746319926149,546.4836422473096,1400254
2013-05-29,546.2464599609375,557.2454544328028,541.777552061231,553.0501531392008,1452038
2013-05-30,546.9942626953125,551.5908441568222,542.4706251727478,547.2131390444664,2408346
2013-05-31,546.6476440429688,550.5875962868367,538.7313121196529,543.9298367160335,1929868
2013-06-03,536.0502319335938,549.7670383162372,531.5630644383161,548.6726115644465,3097612
2013-06-04,534.5723266601562,537.6914583155692,529.0272531975379,532.6206093610816,1305320
2013-06-05,535.4663696289062,537.2356833865017,529.9577211726744,533.022123971532,1728676
2013-06-06,541.3370361328125,544.1895685346682,534.4541694707617,535.0614468766255,2540452
2013-06-07,559.0780639648438,566.4578610888902,540.3249773089609,541.0979127727354,3550844
2013-06-10,561.322998046875,568.555509598478,559.1329630683707,561.322998046875,3360430
2013-06-11,552.673583984375,567.5619451839237,549.1585098666759,563.2187164769484,2205468
2013-06-12,540.361572265625,550.2994257454936,538.1347839069924,549.9313570980911,4805954
2013-06-13,532.0985107421875,538.852562218367,528.2153680901629,537.3802874582076,3151342
2013-06-14,533.95703125,536.3678982414705,526.7060987363488,532.963264130142,3105996
2013-06-17,534.601318359375,539.2205981105134,525.6020574073809,534.8037740986866,2584162
2013-06-18,531.4176025390625,537.3802974565444,530.0741428093689,535.5399539721043,2291528
2013-06-19,525.49169921875,535.5031954684902,523.9642499585472,535.5031954684902,2139788
2013-06-20,516.9525756835938,527.4977546898219,514.9649953848369,523.0257102501863,4172878
2013-06-21,523.4859008789062,527.0193527108767,518.2409199771489,518.5353930174288,2848224
2013-06-24,519.2343139648438,527.8471274928397,515.332796107105,520.8170267886672,1889164
2013-06-25,512.4619140625,525.270673992196,508.1922824890204,520.2649501715016,1860548
2013-06-26,529.172119140625,532.8712259198321,508.3210724059313,514.154949747515,2326488
2013-06-27,549.12158203125,550.9987230033273,530.7549489450888,532.8897649087854,3820678
2013-06-28,558.783447265625,561.0470785191857,536.7177040575218,550.2626487685425,4817096
2013-07-01,549.287353515625,558.2498179955257,545.9931563944953,556.519912957776,1354652
2013-07-02,552.3057250976562,555.2318544526235,547.1895591497897,549.5635852354967,1657242
2013-07-03,548.3487548828125,559.096342708663,539.2206333562813,551.2564616031194,1530906
2013-07-04,566.2000122070312,567.1937795722722,548.4222787557986,548.735128116689,1917060
2013-07-05,563.2186279296875,573.4509543294917,560.2004829842658,567.5618559538357,1293012
2013-07-08,554.5507202148438,564.9854589560913,552.1030543544865,562.4089780357704,1658796
2013-07-09,553.90673828125,560.1086884875831,550.3732868372202,550.3732868372202,1097326
2013-07-10,556.5013427734375,561.967197830091,551.3668033974778,555.7836269226913,1322624
2013-07-11,575.8618774414062,577.8678337968138,559.464399599463,559.464399599463,2335274
2013-07-12,592.5354614257812,598.0381161335185,581.2909882000226,587.0696495368364,3251536
2013-07-15,604.2766723632812,606.3194712287072,588.6521770161672,589.3146735909859,2060570
2013-07-16,607.073974609375,613.3311412029557,595.3877958243053,598.111512621679,2224986
2013-07-17,617.8033447265625,620.1773699915655,605.4914640504085,605.4914640504085,2999250
2013-07-18,611.1414184570312,622.8828216626256,605.1050814082668,618.3555576434843,3445532
2013-07-19,641.4700317382812,647.4327256223953,625.7166762695123,632.7099802984068,8550804
2013-07-22,642.8318481445312,647.359110165975,636.1330171980917,640.8074707240933,2974772
2013-07-23,644.0465698242188,655.3278384944075,641.7645171365623,643.3840282532282,1646502
2013-07-24,656.1929321289062,659.5791463815274,642.2799165378154,643.5681570580919,2181644
2013-07-25,660.9591064453125,666.2040833445723,650.2666969698118,655.1620267145516,4088808
2013-07-26,653.1377563476562,662.1370159989428,644.1568731689417,660.6831629439521,2379064
2013-07-29,656.34716796875,662.0282396235474,648.2498272065588,648.5265023355415,1774262
2013-07-30,661.1798095703125,665.8463608144484,654.9638055218359,656.6423193508581,2617484
2013-07-31,669.7383422851562,675.640745742365,660.1284736436824,660.3313867752297,2826750
2013-08-01,669.7015991210938,676.8582737924403,660.331522697688,667.7279915651957,2141178
2013-08-02,680.934326171875,682.4283897773786,670.18087789882,671.2875783379319,1846854
2013-08-05,688.8106079101562,692.5734179114471,678.776537970262,678.776537970262,2355184
2013-08-06,689.8802490234375,694.2517073491277,687.8697609635997,690.9500686005009,2305290
2013-08-07,672.3944702148438,697.553494379414,668.9821428893898,691.3190711243931,2694980
2013-08-08,680.7687377929688,684.7344166888482,658.0075584133627,665.9020351752376,2158628
2013-08-12,669.18505859375,679.1453654195666,667.0270011211769,679.1453654195666,2077574
2013-08-13,671.3246459960938,680.5655695930272,667.6909427623966,671.4721700603578,2168296
2013-08-14,676.37841796875,685.4164715494614,664.7580633649782,673.0583166533867,3302068
2013-08-16,656.9744873046875,675.0874812094728,647.6228746451071,672.9478416716199,2779930
2013-08-19,655.7015991210938,666.6026173230033,647.6227213006943,663.2825157425347,2121352
2013-08-20,640.558349609375,660.2576303205203,638.1973792002004,660.2576303205203,2724844
2013-08-21,633.6967163085938,643.2511944791726,627.554519604823,641.9231629022985,3623994
2013-08-22,656.2549438476562,662.9689540061247,625.3595544011821,628.9747941043389,4260988
2013-08-23,674.8844604492188,678.0385752073117,658.2286522577576,661.8069662251997,4032884
2013-08-26,679.5142211914062,693.0159605540028,669.1850147889311,672.5419978633822,2663238
2013-08-27,678.333740234375,693.1081669759087,675.0874002967447,678.4075022654173,1945284
2013-08-28,703.8250122070312,717.9169880735916,674.3498641704666,674.3498641704666,4444684
2013-08-29,718.2855224609375,726.7333454833137,692.9052174143832,701.2792333826291,5905182
2013-08-30,750.0480346679688,756.2455774126448,711.9775436128803,715.2976461478626,5282942
2013-09-02,758.7725830078125,763.2546854202172,744.2563208483751,745.1785715557461,2154034
2013-09-03,738.206298828125,762.5168348877457,732.691257972148,756.2824565398656,2355064
2013-09-04,763.2916259765625,766.8699407764411,735.5687151481251,737.8005799150776,2626516
2013-09-05,734.3880615234375,763.2545017164346,730.8097476527931,763.2545017164346,3927492
2013-09-06,733.6687622070312,747.0229319154813,728.5779212509016,741.1205285028158,2759596
2013-09-10,733.3369140625,743.9612156644005,730.7914929907055,732.6359944874008,4300972
2013-09-11,735.5133666992188,744.44073510351,731.7136759553083,740.7517324518573,3008494
2013-09-12,725.9590454101562,737.2658507302364,717.80635625882,735.9562364071244,1905568
2013-09-13,720.7387084960938,734.1113396838012,718.0826452797908,724.8888354164168,2096320
2013-09-16,701.8508911132812,732.2666858188505,698.7152403175834,719.3551825424477,2460506
2013-09-17,718.414794921875,720.2962222774748,699.8406757959245,700.9104955586575,3327816
2013-09-18,721.0153198242188,724.8150092588647,714.8915865388931,716.4225311181633,2109818
2013-09-19,725.3685913085938,734.1115093621589,710.6863431086427,718.6176986118018,3907240
2013-09-20,719.4661254882812,734.0745653646809,716.035335389474,719.3554374082814,3591858
2013-09-23,721.2368774414062,729.3895640467834,715.6664926135004,719.3554951527452,2988758
2013-09-24,715.4820556640625,729.6478346820174,710.5019021443591,721.2000097052036,4940300
2013-09-25,722.6939697265625,727.0838461716831,708.3621606355925,716.219753070342,4333858
2013-09-26,716.7362060546875,728.2458742573863,713.8587664881316,721.1261274316588,4919704
2013-09-27,718.6544799804688,723.7637388107094,714.7256837929089,716.8099789564278,1784666
2013-09-30,711.1659545898438,723.7269816948871,708.2885144870318,720.8311235977396,1987350
2013-10-01,719.0050659179688,721.1446603954568,707.071106545417,712.7152985059203,1591994
2013-10-03,746.8751831054688,751.4126726498185,723.1918131237126,727.3972835496398,4672354
2013-10-04,750.1957397460938,763.2548210900958,747.7425434220725,749.6055081948161,1934032
2013-10-07,770.9093627929688,773.8421020163903,747.133757677549,750.7120723932007,1993878
2013-10-08,760.46923828125,773.9525575224792,758.6616634716429,768.4190549663127,1828106
2013-10-09,771.3150024414062,773.823451696099,754.4377736262397,758.2743446292568,1775858
2013-10-10,767.3125610351562,773.9527658902681,762.6090825961186,770.2637631929837,1164320
2013-10-11,782.8248291015625,788.7087703437574,768.1978794862018,775.7972610069793,2284448
2013-10-14,816.28369140625,820.802717604296,783.9127078243278,784.834958068827,4374460
2013-10-15,817.2614135742188,833.2901982661392,811.9492870672466,824.4918930464771,4665092
2013-10-17,777.8075561523438,822.6473904470374,773.1040789199672,822.6473904470374,6687214
2013-10-18,782.3082275390625,787.1593195447258,760.5062782401571,776.4612130003314,5346166
2013-10-21,764.232177734375,785.0012801168731,756.2455232339297,783.9130423766345,3685372
2013-10-22,770.76171875,777.5125207958367,766.150465951734,770.2636674223749,2044614
2013-10-23,760.3588256835938,775.7973394338387,754.8253661545001,770.4482850249987,2455496
2013-10-24,741.0101318359375,768.1796972676902,738.4831733874906,753.2945317822193,3617758
2013-10-25,764.3153686523438,765.8863227409776,737.4243310174953,737.4243310174953,2527402
2013-10-28,762.9108276367188,772.465962142874,758.6970098902613,764.4078727088048,1803942
2013-10-29,765.0731201171875,770.987300053943,756.9780773044308,763.2988480875159,1829076
2013-10-30,773.2606811523438,776.2362715753644,765.2395910613801,765.2395910613801,2114874
2013-10-31,780.6902465820312,786.9555628643167,768.6215690788778,772.170113115809,3523076
2013-11-01,775.3492431640625,791.7425611259556,772.9466068912106,779.9326978026646,1346480
2013-11-05,754.7975463867188,778.084640129306,750.9902733293573,776.2364580862435,2261286
2013-11-06,772.9464721679688,777.5484258705916,761.0996111772986,762.5596564553599,1667750
2013-11-07,784.349609375,794.0340609125848,768.9542959201348,776.2361118733495,1956948
2013-11-08,772.8541870117188,787.9722774047941,765.5907786961889,787.3254138019051,1609346
2013-11-11,774.258544921875,791.0215851722312,757.7543222444272,772.5397724345622,1961138
2013-11-12,771.486328125,784.2572796877113,768.4738285308422,775.0718722468345,1000682
2013-11-13,757.3847045898438,778.5278808323347,755.4071596026705,775.8480179195597,1208338
2013-11-14,748.9571533203125,765.886516176335,747.3492442242865,765.886516176335,2129704
2013-11-18,755.53662109375,761.4138023523202,751.193394431396,756.2758937171294,2831602
2013-11-19,750.3246459960938,759.6025070087145,747.108783491994,757.735825864987,2077864
2013-11-20,747.99609375,757.7175024859625,745.5565029135269,756.5901387141743,1658696
2013-11-21,734.3196411132812,752.0991423938074,731.8800499710371,747.8483239217534,2302882
2013-11-22,739.5869140625,743.3387322026168,733.7651412966168,735.9460048808603,1494494
2013-11-25,744.1702270507812,749.1972713421867,736.722047121169,742.2296366164006,1950998
2013-11-26,736.94384765625,745.3530731890716,734.467302580945,740.4184377798491,2047412
2013-11-27,734.2640380859375,744.3366276450341,730.0317203381946,742.5993550174344,2120978
2013-11-28,733.5802001953125,737.9973811028979,728.1835191790203,736.7221087806028,2805722
2013-11-29,740.8804931640625,744.706219763582,732.5452218488534,736.3154939802256,1924812
2013-12-02,744.4104614257812,747.0348698065186,737.4243271964397,737.4243271964397,1253260
2013-12-03,746.961181640625,754.7974545005997,744.8357725498422,745.2054089134566,1449184
2013-12-04,739.2911376953125,750.9531364841196,736.9254562299301,746.6284096014582,1519036
2013-12-05,734.5228881835938,751.6740239940144,733.0073881600094,745.1868879476062,1397190
2013-12-06,739.3836059570312,742.96906048885,735.9459698673136,735.9459698673136,1446962
2013-12-09,741.0651245117188,750.3429840819331,739.2723979709605,749.9918477415393,1826340
2013-12-10,769.860107421875,772.1703346077527,739.2726994808546,739.2726994808546,3653334
2013-12-11,760.7297973632812,771.3753379426016,755.1667545199615,768.4736576833089,1556062
2013-12-12,749.9549560546875,762.9291787030777,748.5503203320746,755.9060903332336,1655964
2013-12-13,739.93798828125,755.9062589297987,737.4244433080431,753.3003048784831,3463350
2013-12-16,746.3510131835938,753.9840104633149,741.1761058917978,744.3364686291782,2858500
2013-12-17,756.03564453125,763.6132342774537,750.3617359952163,750.9531450879326,2995474
2013-12-18,759.8981323242188,765.5165846214211,753.3185897916254,754.0578622055524,1587990
2013-12-19,769.3981323242188,779.9327692549131,762.4304503973161,767.3466323469584,2161986
2013-12-20,783.8323364257812,787.3253816902652,771.005973843138,771.8376555843602,1965812
2013-12-23,779.5812377929688,792.2966868473895,775.4782399170813,787.3065981977377,1321224
2013-12-24,780.1912231445312,786.9555846402959,777.8070873552573,783.5549491526843,870156
2013-12-26,776.3470458984375,782.5199533200067,773.075728938189,781.7806808086038,2297194
2013-12-27,798.6546020507812,802.073737682591,778.0843789145382,778.8236514835781,2479946
2013-12-30,796.9544067382812,804.051406042125,793.4982710448487,802.1108153598029,1668776
2013-12-31,802.868408203125,807.6366795725118,795.0505476292701,798.4512732109342,1245776
2014-01-01,795.937744140625,807.4703769321186,795.1245624505422,805.8440135519527,529952
2014-01-02,801.001953125,809.1339526491117,796.9913627169459,800.632316782995,1726948
2014-01-03,821.4059448242188,823.9564899898033,793.7017162176089,800.151852993965,2618174
2014-01-06,827.8375854492188,829.4639492524147,812.0910412244008,823.9194041370912,2311810
2014-01-07,815.4730834960938,834.0658073514848,812.8302200602232,827.9853082923601,2897486
2014-01-08,825.268310546875,829.4637179448206,816.8960858547475,817.6353583306342,2550020
2014-01-09,828.7059936523438,833.7145830154915,821.3687680497288,823.8268130772674,2582206
2014-01-10,843.1031494140625,853.7856894476988,826.1368843955718,835.3777891427259,3369334
2014-01-13,875.5757446289062,881.2126966523746,844.6187130246125,844.6187130246125,3814316
2014-01-14,860.0511474609375,881.5085498912771,857.5561027653918,876.7771878273746,2974964
2014-01-15,869.9761352539062,879.0691351695025,860.1437724071313,865.8546358727449,3048854
2014-01-16,868.7561645507812,879.7713437132275,859.4043486437746,879.7343439880359,2997962
2014-01-17,818.0235595703125,849.4241424354578,815.436105698664,849.4241424354578,7564756
2014-01-20,864.283447265625,868.6451729914181,818.9290981968029,820.2043251893583,6010558
2014-01-21,842.8814697265625,864.6715063095088,840.9593794786108,862.7309162023698,3132282
2014-01-22,840.5716552734375,848.9993830596612,836.8937912217018,845.3954282376733,2384030
2014-01-23,832.5872802734375,841.5509607033297,826.9873263289653,838.3721426143421,2290762
2014-01-24,831.2009887695312,843.9719388169163,826.1369903671556,829.4637165028622,1850266
2014-01-27,825.6094970703125,836.6812777732396,822.0916957253929,824.276399346418,2532948
2014-01-28,819.2219848632812,832.3674542415031,813.2046925422642,826.4982437236986,2852166
2014-01-29,818.27783203125,829.4607218974514,816.5003981178037,829.4607218974514,1698076
2014-01-30,821.1663818359375,824.647119325707,810.9462017616966,813.927095150356,2225250
2014-01-31,829.8495483398438,840.4955285700694,822.4251162202166,823.9433617364056,2174246
2014-02-03,812.5938110351562,831.0345193526883,811.242270502719,822.795455943711,1362480
2014-02-04,796.6342163085938,805.3916572476177,782.0816041451014,805.0213622327913,2694166
2014-02-05,812.5756225585938,814.6493115131713,792.4316030173575,801.244645468181,1853650
2014-02-06,805.4841918945312,810.9089774367399,794.2827682398665,807.2430931295613,1922652
2014-02-07,794.060546875,812.7975096835394,789.0986301301241,810.9460347184288,1990912
2014-02-10,775.2310180664062,793.9123803917375,772.1020437897937,793.9123803917375,4019270
2014-02-11,778.2487182617188,787.4320492136725,776.1380555616541,777.6192350570008,3568786
2014-02-12,779.6376342773438,786.3585431543224,775.7680693867512,784.284854874052,3074348
2014-02-13,790.116943359375,791.8387789196624,776.3234548344134,780.2115522709798,2094350
2014-02-14,802.7622680664062,809.0017732193185,788.0246035437058,791.6534211976206,1910062
2014-02-17,801.8367309570312,809.4648438724353,795.0973802553717,799.8371741831932,1670394
2014-02-18,802.058837890625,811.3162113658169,798.3003804213123,801.6885429516174,1526916
2014-02-19,813.8898315429688,820.2033790198453,800.670318864858,803.5401049539794,1072918
2014-02-20,810.7052001953125,822.7952928873325,808.279750445554,816.8705743066856,1587924
2014-02-21,816.7593994140625,819.462570121114,811.2235090342659,813.9081469164973,1717860
2014-02-24,806.4652099609375,816.5928114292434,803.5769821235656,816.1299428137637,2450424
2014-02-25,810.5385131835938,814.4636754921571,807.2429245614469,810.5755788371594,3305374
2014-02-26,808.0391845703125,812.7975114023293,806.1877096012867,812.4272164085241,3859712
2014-02-28,842.6987915039062,844.272545151667,799.8926561231942,800.2074430143651,3988192
2014-03-03,829.4794311523438,851.3083059089976,825.0173577926257,841.2362987959325,1606078
2014-03-04,829.7011108398438,834.6445831974061,823.5357378132347,826.9424323169109,2030332
2014-03-05,833.8671264648438,846.586793620827,830.404923071244,834.959568844358,2302006
2014-03-06,829.73876953125,836.8669504142028,826.5541954167145,834.2193765335952,1314562
2014-03-07,825.2023315429688,833.1822061392593,797.1710207039648,831.4973459635343,4698472
2014-03-10,793.4122924804688,825.202144250751,790.5795727957609,825.0540624596119,3829768
2014-03-11,796.7451171875,806.3727861797046,785.7659077483917,797.9856414692667,2550254
2014-03-12,807.03955078125,810.8536079816943,797.2452645208758,797.2452645208758,1669788
2014-03-13,795.9674682617188,815.3894188543501,791.2647408296053,795.412025878303,2019884
2014-03-14,792.2646484375,800.0223102454391,786.6176499504633,792.8015580816872,2161246
2014-03-18,785.765869140625,796.8006765241616,779.1931339015835,790.764850871727,2565842
2014-03-19,755.1795654296875,768.3620572265187,745.4223020807335,768.3620572265187,8652662
2014-03-20,780.656005859375,786.0993250102862,744.8114721621663,754.661311445832,5728956
2014-03-21,787.6172485351562,794.2825567032959,772.0648628094973,786.8766587386963,4680776
2014-03-24,797.0967407226562,799.0777639537205,787.3023694885254,791.3015720017638,2183014
2014-03-25,794.8937377929688,804.2807523487156,788.7283621099283,793.9124921895241,2249968
2014-03-26,775.21240234375,799.2815717501717,773.009165686584,795.4120079802534,3192350
2014-03-27,775.4903564453125,783.173978217422,764.6777597913969,777.9713150330855,5012476
2014-03-28,778.3970336914062,786.0806537374284,770.2320121400063,776.5084933257083,2971162
2014-03-31,789.8947143554688,794.264213277336,770.9541619560641,779.1006516597306,2683268
2014-04-01,806.0211181640625,809.0945847820316,794.2457189408863,794.2827846029555,2755932
2014-04-02,804.3731079101562,815.3893813410814,800.2258230522609,810.9458424781872,3763016
2014-04-03,802.2440795898438,807.9836518186195,795.2455405821818,804.5954888903486,1581194
2014-04-04,792.0054931640625,809.8351611680761,788.7283462679479,804.2807361943582,1694656
2014-04-07,797.5413818359375,802.040429883447,785.2845812856573,788.765408496469,2594986
2014-04-09,792.5792236328125,800.5776301978835,779.4708194109828,796.8746809370238,3350500
2014-04-10,787.3026123046875,795.634249108531,783.2479004742927,792.5793156137884,2152886
2014-04-11,801.35546875,805.3545825419789,777.6195224045069,784.2848325965456,2340742
2014-04-15,834.1821899414062,836.1262389913196,805.0399870263751,807.61351959259,3597244
2014-04-16,813.2788696289062,838.3478212925792,808.7982642810508,838.3478212925792,3475910
2014-04-17,823.1285400390625,824.6467853699693,793.4309055888086,822.0547209345899,7681438
2014-04-21,822.7030639648438,830.534768459391,818.8334986008808,822.0550475984935,1842594
2014-04-22,822.4434814453125,833.1264347525092,822.0175880804688,827.2202493526795,1486274
2014-04-23,819.740478515625,830.90483554531,815.0562833714391,826.2761484842392,1938992
2014-04-24,819.740478515625,819.740478515625,819.740478515625,819.740478515625,0
2014-04-25,816.5928955078125,827.6091696904936,812.1308235143564,824.6468102464113,3160448
2014-04-28,811.44580078125,823.0544921617688,807.2799829739755,816.5928639548473,2550766
2014-04-29,812.5198364257812,817.0004422675916,806.0951817557903,809.464902552926,1846180
2014-04-30,810.6499633789062,816.7228568758436,807.6135618324734,809.1318078077255,2397378
2014-05-02,817.7777099609375,822.0175682577179,807.7057073019765,807.7057073019765,1917778
2014-05-05,819.7218627929688,825.3873932636067,816.1855281551103,818.6480436650069,1314478
2014-05-06,814.24169921875,822.6474686601631,810.9461096380091,819.722083702595,961232
2014-05-07,801.8922119140625,815.7597391030737,792.4682239303336,811.3347327252874,4716182
2014-05-08,800.595947265625,807.9092700848939,795.2636475246127,801.725364566618,2606900
2014-05-09,799.7999267578125,808.9832584551755,796.8746331786662,796.8746331786662,1799440
2014-05-12,799.5965576171875,802.318171669704,786.1918060725619,797.2451481667322,2886064
2014-05-13,818.70361328125,829.0904048574814,801.9848322122658,801.9848322122658,2547484
2014-05-14,820.6105346679688,828.6088499791557,815.0561113668563,819.9809610372894,1389228
2014-05-15,812.112548828125,823.9064822753553,803.9660577674249,820.6108925078797,2520196
2014-05-16,800.11474609375,834.4225341716767,777.7119034980439,814.6673544887921,5241798
2014-05-19,754.1798095703125,799.8372012208109,740.4048536300979,796.1342512151591,6516606
2014-05-20,765.8442993164062,799.8374072033645,750.9584545409366,750.9584545409366,4702114
2014-05-21,771.268798828125,773.5460763906877,761.2523033100912,763.2518596867789,4116946
2014-05-22,782.0443725585938,786.5064446213632,768.3990583997461,776.4159076082125,4216842
2014-05-23,787.9505615234375,795.7638208680755,776.1381891761221,784.6549727405547,3094780
2014-05-26,797.6150512695312,803.3916866882405,790.0610730179976,795.7635771486642,2650850
2014-05-27,789.2650756835938,808.9463045881337,784.2846271753967,799.892521625419,1795094
2014-05-28,796.3378295898438,799.3742301249124,785.9325052445515,792.4311997532426,1887488
2014-05-29,799.8187255859375,807.2431589590101,790.6539236665635,794.2828330124204,2820710
2014-05-30,792.93115234375,802.4291819490888,788.7837764497585,799.392781344165,2585648
2014-06-02,788.6728515625,799.0040460273003,783.562762419158,793.9124897149957,1095158
2014-06-03,788.2096557617188,791.6903911984591,779.5447020085307,788.6725243253287,2484628
2014-06-04,773.638427734375,790.5423495606029,769.1023163356692,788.7279411627229,2141062
2014-06-05,779.1559448242188,783.6920571579765,765.7698209151883,771.3613098310627,4348470
2014-06-06,779.1936645507812,787.9978141713817,768.6324453959007,785.1378186461278,3361586
2014-06-09,790.2409057617188,791.8110510647513,777.6048093553742,780.2217486176279,2666196
2014-06-10,806.8209838867188,807.8677777855046,790.6894600172267,790.6894600172267,2628068
2014-06-11,825.0648193359375,827.7004691655125,799.3627383715612,809.381895096357,3544562
2014-06-12,836.4296875,842.6542263546376,816.4100890232845,840.7849845038065,2734338
2014-06-13,827.5322265625,837.0466510365789,816.8775461004444,836.6728025993137,1904022
2014-06-16,848.5422973632812,851.2339872446718,826.2048583204545,826.2048583204545,2439906
2014-06-17,852.3184204101562,858.7298847826781,849.0098251377718,854.2062820546804,1918144
2014-06-18,832.5792236328125,857.2345110944457,830.429595007085,857.2345110944457,1948824
2014-06-19,850.8975830078125,855.7389010438069,826.2423017759588,833.6818476748316,1896354
2014-06-20,857.010009765625,859.4774456397296,845.6450552575329,854.2061468503148,1155674
2014-06-23,848.2060546875,859.813975528109,842.6730796184753,857.2344578461049,1262734
2014-06-24,863.2347412109375,867.141439075758,843.028215182511,848.2620932368592,1479100
2014-06-25,863.79541015625,867.3282591644792,857.234352700065,863.5897752887702,1028422
2014-06-26,862.711181640625,876.3566475745612,856.5426833417223,858.355884501849,2036182
2014-06-27,897.0679321289062,899.8156630620168,865.4590321600617,866.206728948105,3058836
2014-06-30,906.73193359375,910.3209149828103,888.4882034688599,897.4418549943526,2146470
2014-07-01,893.7780151367188,904.3392318794198,890.6190145777308,904.3018105327616,1092790
2014-07-02,897.8342895507812,901.6288140299832,891.0675974874946,897.2360956450543,907740
2014-07-03,903.927978515625,914.0593063130433,894.2453417999179,896.8622805091986,1526762
2014-07-04,901.161865234375,906.7695930827532,897.6103042637355,901.8721409198581,536136
2014-07-07,930.3405151367188,933.8733644942789,901.1242059961727,904.7318980559108,2204902
2014-07-08,915.7232055664062,929.4434274942564,909.6668780182432,928.9948275409865,2500588
2014-07-09,896.544189453125,924.3958854830439,890.3570736207656,923.4052240791904,1554242
2014-07-10,879.2164306640625,904.5633630953365,872.9357611092651,897.0676865925283,1990562
2014-07-11,895.1611328125,900.9744927106518,882.6933455290084,886.3944075589027,1329446
2014-07-14,907.0494995117188,911.8160656606212,891.7217181701503,904.264347741771,1587924
2014-07-15,896.9744873046875,908.4516149678664,894.8996104235925,907.0309727889087,1389656
2014-07-16,897.9277954101562,906.2085007711951,892.3200695390474,900.8437398458689,1407240
2014-07-17,890.4883422851562,908.3770280315271,887.8901136804952,900.9748100926288,1790220
2014-07-18,912.6383666992188,929.0129389683428,910.3205257094224,916.6759462174554,3507488
2014-07-21,921.0693359375,923.3498485290356,913.3306894515264,922.658192224759,981072
2014-07-22,946.7337036132812,949.5749881178592,920.3773899667028,921.5363565789461,2399016
2014-07-23,966.8276977539062,970.6223125782285,946.6960225359642,949.5746360523635,2065858
2014-07-24,970.2114868164062,972.7536745507194,959.6689786978081,970.0993140262051,1481418
2014-07-25,974.1552734375,977.3704055430026,959.668650835292,969.7625556161853,1806914
2014-07-28,985.0164794921875,988.953750600584,971.96812174841,980.394344440373,1314922
2014-07-30,987.203857421875,992.8910885686531,978.6634909631179,983.3045724955037,1899252
2014-07-31,981.497802734375,988.3262895082602,977.3892684061191,979.6147515892841,2407210
2014-08-01,957.2838134765625,984.502739821627,954.8491754383889,979.5763453202595,2381882
2014-08-04,960.9552001953125,966.9847716067102,946.480272310952,963.2186694096988,1828636
2014-08-05,960.0609741210938,968.163896822844,947.2789839001256,968.1258178692339,1404656
2014-08-06,953.5748291015625,964.3026919756736,947.3360104854879,957.1888004295866,1837562
2014-08-07,939.5562744140625,949.1427882088522,935.4667814388139,947.2406984529226,1672656
2014-08-08,942.9423828125,953.9745083784178,937.7306731030149,937.7306731030149,1464790
2014-08-11,939.02392578125,949.3523320954322,933.9263607991877,947.5833323466194,1290896
2014-08-12,940.2981567382812,947.2027060328329,928.2959507068911,947.2027060328329,984552
2014-08-13,951.0640258789062,962.4575262409298,939.6324465672319,939.6324465672319,2768378
2014-08-14,950.9498291015625,963.218308744937,947.2597933343105,956.3707852230535,1578056
2014-08-18,946.327880859375,952.9471170974001,939.6324867187938,947.6403044215966,1373260
2014-08-19,927.6493530273438,952.9090727116818,926.317889941186,951.0450615412587,3234156
2014-08-20,926.7744140625,933.9453312944737,924.4348802576377,929.9319023818292,2056758
2014-08-21,925.3480224609375,935.8285600726265,924.4160166571066,930.8831245925678,2265450
2014-08-22,937.4259643554688,938.9476362699734,926.6221309126793,929.7415397623172,3096238
2014-08-25,959.433349609375,961.887027426167,938.4532386882862,939.6325717787751,3143512
2014-08-26,963.903076171875,970.0658287440941,951.0449301412688,962.0770513309075,1815490
2014-08-27,970.0469360351562,976.6852120767943,956.3899659222676,963.9792870379368,1435460
2014-08-28,959.5474243164062,969.7996713206799,955.9904786998965,968.9246913046702,1766288
2014-09-01,965.177734375,973.8703250121293,959.8138949508261,960.7078217504326,810148
2014-09-02,965.4627075195312,971.8918267953597,956.4088343345369,968.4680651412253,1407940
2014-09-03,991.5215454101562,995.1735957557897,965.8814065840787,965.8814065840787,3061690
2014-09-04,983.2852783203125,999.529105913813,980.508208760891,997.4558466992395,1701598
2014-09-05,988.553955078125,997.3796314525935,982.6384383795126,989.0484240292407,1467060
2014-09-08,1005.3303833007812,1008.1074525943418,988.7251788261588,993.6515721420456,1697342
2014-09-09,1000.9750366210938,1014.5749824868245,998.6355026643237,1008.8687114942102,1418098
2014-09-10,989.1437377929688,1005.3495803053817,985.7390155701333,1003.5425949656974,1258768
2014-09-11,988.458984375,998.368797339696,985.853084354724,992.8908161936445,1075622
2014-09-12,991.9779052734375,998.3499060753489,986.4998309482983,992.8908712232216,1196210
2014-09-15,973.2235717773438,996.1628000847262,971.5877554933071,994.4128398040348,1151544
2014-09-16,970.3894653320312,979.5765245185763,967.783564417576,976.1527619086085,1535608
2014-09-17,985.7391967773438,990.8938797426969,974.2505906597742,974.2505906597742,1657700
2014-09-18,1005.1785278320312,1008.7924989321868,981.8588852106666,985.9293393483752,1483078
2014-09-19,1032.5306396484375,1042.3454437891432,1005.0644753616483,1005.4448934068267,3587864
2014-09-22,1035.4217529296875,1040.062834052997,1018.0936940871738,1032.454473891673,999584
2014-09-23,1022.6395874023438,1058.4939817418176,1020.7755764648613,1036.2585695567843,2055990
2014-09-24,1005.4443969726562,1029.772100375016,1001.545113934832,1024.465289840092,2442132
2014-09-25,1030.400634765625,1036.6394552543773,1011.9122755877592,1012.2736542539355,2473158
2014-09-26,1021.04150390625,1036.6005567373534,1015.7537329698818,1030.9323679530319,1612712
2014-09-29,1052.9779052734375,1055.8310400586988,1017.7322173763688,1025.3785628755802,2089534
2014-09-30,1041.052001953125,1056.287669518679,1030.2290348665558,1054.880141404539,2788954
2014-10-01,1055.8885498046875,1065.9315508206716,1041.2043735175512,1046.9106452028866,2142022
2014-10-07,1039.0548095703125,1080.2730468472746,1036.867405926907,1042.1932582760683,3457674
2014-10-08,1020.7376098632812,1042.326332438519,1007.8224366951318,1041.584535876671,1962442
2014-10-09,1029.430419921875,1035.9926321586156,1021.9932274784665,1030.1722166430998,1685176
2014-10-10,1018.94970703125,1037.571151274586,1015.1455266801905,1029.4112029966632,2344362
2014-10-13,1033.42431640625,1036.562764237914,1015.7158437021911,1019.520022892087,2209532
2014-10-14,1026.8248291015625,1040.710093972709,1019.0643346525628,1038.5417287186244,2369406
2014-10-15,1026.8248291015625,1026.8248291015625,1026.8248291015625,1026.8248291015625,0
2014-10-16,1018.7977905273438,1049.4214487726892,1013.5289624864785,1038.5414535378009,3848014
2014-10-17,928.65771484375,955.3631428463075,924.4160896894174,941.5349061651473,9892812
2014-10-20,921.8667602539062,948.6101584931029,919.8314872402345,947.2406168366456,3399242
2014-10-21,925.7091674804688,929.6465311153897,918.7095131022676,922.8370857461125,1950732
2014-10-22,932.7276000976562,946.8600869450664,930.159779452064,945.338415451382,2067664
2014-10-27,934.7437744140625,958.5389318342978,930.1026947651619,958.2726578883413,2797208
2014-10-28,942.9042358398438,945.3007953051743,933.3366659545147,945.3007953051743,2289958
2014-10-29,955.2735595703125,958.3039771622989,942.6753124591746,943.437686347132,2425016
2014-10-30,975.1525268554688,981.5183308952027,956.398145797631,961.2773578204838,4111292
2014-10-31,994.0784301757812,998.709814418119,976.2197842461079,976.2197842461079,3170070
2014-11-03,987.4078979492188,1009.7644808839221,983.6531683355837,1009.7644808839221,2541632
2014-11-05,990.8955078125,1005.5712058508848,987.2742316731583,1005.5712058508848,2310642
2014-11-07,980.7369995117188,997.0708064461815,974.695148402119,992.9159054166508,2126740
2014-11-10,979.516845703125,984.2245409768437,972.4077474949374,981.5943886851852,1541964
2014-11-11,983.7296142578125,988.7994217328583,974.0855611926378,982.7004276126864,1249940
2014-11-12,987.9415893554688,995.2794404580414,981.5567059285548,983.4626412798724,1320582
2014-11-13,986.6834106445312,992.9539177949026,977.8017354800143,989.180203953089,1645540
2014-11-14,993.5447387695312,995.3362988787866,981.5564274239301,985.4445158247706,1457174
2014-11-17,998.0618896484375,1000.6158238051231,988.1319501938401,989.2183703135481,1570552
2014-11-18,985.6924438476562,1001.2447990392351,983.3671659160591,998.7099427076557,1467026
2014-11-19,981.0796508789062,990.3234319508105,974.8662866385542,990.3234319508105,1865746
2014-11-20,993.163818359375,994.9935348812018,976.0485563925793,986.5121226980367,1795386
2014-11-21,999.529541015625,1006.3337667776565,985.9974013487284,994.135781725806,2001594
2014-11-24,1013.0806274414062,1015.8633110336187,999.47227074302,999.47227074302,1942766
2014-11-25,1004.809326171875,1021.3528112363472,997.1855831811931,1013.9578177606933,2371684
2014-11-26,1001.4924926757812,1012.5659921895535,996.8038745766011,1002.5407567886248,1584800
2014-11-27,1011.4033813476562,1017.0068110568013,1000.7301464490091,1001.492520370341,1732418
2014-11-28,1007.4767456054688,1026.1167435145517,1004.5607037146323,1013.3280004035939,1989768
2014-12-01,1026.517578125,1029.2049652580436,1008.3349756847555,1010.3362075616461,1896354
2014-12-02,1012.92822265625,1033.3788677577325,1009.8978046519743,1026.5365797950644,1436572
2014-12-03,1004.5610961914062,1019.0651856255721,998.1380586649885,1018.4934051833351,3094670
2014-12-04,1005.5523681640625,1016.6258706698345,1002.483793773801,1015.4823095104758,1285308
2014-12-05,983.0623168945312,1010.0694564175406,980.4702263605777,1006.6768358590631,2359676
2014-12-08,957.8469848632812,989.1805465697164,953.5966927654983,989.1805465697164,3232574
2014-12-09,958.6282958984375,975.4576670356338,956.4364703472633,959.0666237833742,2487940
2014-12-10,955.97900390625,965.1274934740785,951.5191338545832,958.6854692953652,2087970
2014-12-11,949.9750366210938,961.6965355359971,948.011961019984,953.196140854791,1938822
2014-12-12,934.1748657226562,960.5911407046796,923.4825528652632,952.9674014927376,2380786
2014-12-15,899.0865478515625,909.1308610469071,896.6469886363049,909.0927051272361,3487788
2014-12-16,931.2589111328125,937.4341218682462,893.8835074844108,895.7894424683861,3339140
2014-12-17,931.6592407226562,941.5319473992397,916.850087644543,935.2042055881843,2287076
2014-12-18,937.987060546875,940.9603384830698,928.1143520696404,935.8524686653607,1481444
2014-12-19,956.9890747070312,962.0207246691768,940.7695486809424,942.0274844372877,1903130
2014-12-22,958.075439453125,964.0219943183441,943.2091453533167,962.8784332337435,1643954
2014-12-23,959.333251953125,966.9379135756236,950.9090755506261,952.9674480130433,1266476
2014-12-24,945.3053588867188,960.9150369385542,939.873445545618,958.685056341661,3288972
2014-12-26,954.8733520507812,956.7792868852139,939.6258733753197,947.630799679937,626206
2014-12-29,961.6965942382812,967.0522899178193,955.6357584839573,956.0169454638072,778920
2014-12-30,964.421875,969.1485550408613,959.0661807753193,962.4968626620354,701342
2014-12-31,975.1715087890625,978.2781451870056,962.497042780175,965.432163664326,1573792
2015-01-01,970.33056640625,978.5070087745993,968.5961469794534,978.5070087745993,366830
2015-01-02,983.252685546875,987.636335587711,972.2554975867113,972.4079351454512,925740
2015-01-05,968.3099975585938,991.0477583273555,962.3634448478616,983.8433633298811,1754242
2015-01-06,932.6119384765625,964.0598587958751,930.096067625733,964.0598587958751,2423784
2015-01-07,921.5955200195312,945.0194356621523,917.6883544195894,941.5316128640715,2636332
2015-01-08,931.5446166992188,933.5267700769397,922.6820207807668,931.0108991715776,1565408
2015-01-09,957.6558837890625,960.5528484404656,933.907920902054,935.8138554345072,3197642
2015-01-12,956.6650390625,963.6407800943429,945.4391000114691,959.4477229024767,1596006
2015-01-13,952.1668701171875,964.5554463166472,945.3818166800614,960.5911391581092,1468432
2015-01-14,961.3346557617188,965.0893854046247,953.158212206073,959.0666114419035,1787096
2015-01-15,967.8719482421875,984.1295365554203,961.8300970711588,965.5466703185357,5009920
2015-01-16,965.222900390625,970.1211919643537,946.9831530712152,969.625630110227,5293830
2015-01-19,957.160400390625,972.4078778958519,954.1109048895796,966.6900738313918,1135074
2015-01-20,953.1388549804688,964.4029475456713,946.5824582975447,960.5910781877832,2058566
2015-01-21,958.2279052734375,961.3536200805612,948.4885587491897,961.3536200805612,2310480
2015-01-22,958.1328125,961.0679344307771,951.2523670290548,959.2572957838574,2113214
2015-01-23,954.3400268554688,965.1847808522518,951.4811237071119,958.3043353292222,3150380
2015-01-27,955.6572265625,960.6034563259016,950.8828555072023,959.5913269619523,2738736
2015-01-28,969.9995727539062,972.0238317257415,955.9819430467868,956.0201753196103,3121980
2015-01-29,971.9282836914062,981.114192785889,959.8013805057147,969.3883554420532,3734392
2015-01-30,948.0185546875,983.5207712563555,943.416040777941,978.0588702651163,5817402
2015-02-02,960.2982788085938,963.0674151766528,940.3796317505517,947.9995124858676,3181802
2015-02-03,977.1229858398438,979.7011467523499,957.5862926693007,959.324089499649,2345054
2015-02-04,960.3363037109375,982.2601827149005,955.6765352718792,980.8469872476508,2245418
2015-02-05,974.8886108398438,989.8992563005364,962.1315250994056,962.5134748910291,4530168
2015-02-06,983.8069458007812,991.0831062802351,974.296435512305,975.1175900725592,2136416
2015-02-09,959.8013916015625,981.2670399622103,954.8742776287745,978.3641848584424,2076432
2015-02-10,932.3963623046875,964.9003152205981,929.2835099185414,958.6936333314998,3799054
2015-02-11,939.5579223632812,950.0042827643103,934.7262965101853,937.7055224796252,2937522
2015-02-12,940.417724609375,947.1591949723525,934.6312220586564,947.1591949723525,3107980
2015-02-13,969.6751708984375,973.1127195101898,939.6921080070432,943.4161190031082,4158326
2015-02-16,987.263916015625,991.1597855401087,975.8817926994135,977.7915418045004,2364392
2015-02-18,1006.6858520507812,1009.4932200988511,979.7966261288603,987.3592500598548,2660014
2015-02-19,1024.0263671875,1026.4135530580954,1006.4375630430627,1006.8195127823581,2618002
2015-02-20,1021.92578125,1030.8061138845808,1009.2068345686438,1030.8061138845808,1801588
2015-02-23,1029.9847412109375,1039.6672045338373,1020.1877675642467,1020.1877675642467,1614892
2015-02-24,1033.078369140625,1042.7225983007327,1023.243165145664,1028.9724101912723,2199922
2015-02-25,1020.6461181640625,1039.6672346409623,1018.9846926770371,1035.083837574213,1767994
2015-02-26,1014.6302490234375,1028.4950416071622,1002.7516694540273,1023.2432332988905,1991994
2015-02-27,1016.8836059570312,1022.0016935544438,999.294807343331,1015.7758961117216,2877376
2015-03-02,1019.5767211914062,1034.6828538737873,1013.1409232486055,1023.5108226361057,2176038
2015-03-03,1060.2923583984375,1065.6396541540491,1022.154643870246,1024.3890868964731,3424308
2015-03-04,1048.8338623046875,1074.080774439983,1037.2416517634897,1064.875749492159,3862994
2015-03-05,1029.9085693359375,1058.2683433565749,1024.0265794314441,1050.3620007643513,2173514
2015-03-09,1010.9447631835938,1023.5491067568188,996.8889917005287,1008.347485858006,2883174
2015-03-10,1009.3787841796875,1022.9571191123949,991.2552836279074,1011.7468544455023,3037052
2015-03-11,995.5711059570312,1015.9671846198087,992.2290457571742,1009.111205488277,2240200
2015-03-12,1000.3455200195312,1002.5798701266414,989.288093311505,1002.1979203733455,1827636
2015-03-13,986.3280639648438,1008.3283156171229,983.5206957471024,1007.5835321867402,1586838
2015-03-16,978.6701049804688,996.8890939089092,974.7360029331556,987.4167191176579,1556296
2015-03-17,986.8435668945312,995.6284112911413,976.9319893665071,986.3852458367725,1267318
2015-03-18,977.543212890625,992.8593432152745,974.6212411055737,989.6127700648566,1255170
2015-03-19,991.637451171875,995.3042075978142,980.885598534073,983.902965515166,2448964
2015-03-20,997.2514038085938,999.9441674472116,984.9908761925284,991.5412752837897,1963908
2015-03-23,999.6196899414062,1004.909730956023,995.3609877884439,999.1804850554756,1566608
2015-03-24,989.746337890625,1007.2014216176518,986.2324190817036,1004.5277735511658,2394878
2015-03-25,983.0432739257812,998.4167530032024,972.1385887501655,989.7846504326177,2224858
2015-03-26,959.8782958984375,987.9897515610428,955.2566649776007,975.232662667213,3091642
2015-03-27,960.5272216796875,982.3364958131274,956.4403781248615,966.7147887976852,2751776
2015-03-30,979.3765258789062,981.5727371919252,962.5134797926412,964.4232287604837,1339006
2015-03-31,975.4807739257812,981.400996437938,962.8955453643488,981.400996437938,2427028
2015-04-01,971.1646118164062,979.166534644786,963.3728732752494,977.0275784867035,2075758
2015-04-06,972.940673828125,978.8990343275466,954.9126632217792,977.0275177426773,1568542
2015-04-07,987.3401489257812,992.687445670447,971.6802084592603,978.7271630193037,1886922
2015-04-08,1008.882080078125,1014.6495588757515,989.5745939017925,990.7776983714283,1652134
2015-04-09,1017.7240600585938,1026.4706706161535,1006.4946832789926,1015.6042206397894,2544450
2015-04-10,1013.5989379882812,1020.111198519543,1003.7637339738872,1011.5937022183563,1815544
2015-04-13,1014.2675170898438,1017.8960395573088,1003.7638994208659,1017.5140898238914,1308642
2015-04-15,1003.6689453125,1036.5738950315092,996.6601266801987,1013.9624774479388,2913934
2015-04-16,986.4999389648438,1003.3821010792077,982.1266325072531,1003.3629849397632,3217570
2015-04-17,945.268798828125,977.7917972857022,943.4163044123767,976.6841798151364,9668742
2015-04-20,927.6798095703125,948.7251902476513,926.171126320448,947.2547392823807,2890722
2015-04-21,927.0111694335938,936.5407971494781,917.0613596883755,927.6795815033374,2546032
2015-04-22,933.9054565429688,944.5618182439969,919.5632234672532,928.7109021675205,4186812
2015-04-23,938.5460205078125,947.1590059956113,928.7871857732854,944.1797793042274,4342990
2015-04-24,952.219970703125,960.2218003898141,934.8412547453937,937.8013657052271,3625158
2015-04-27,954.9508056640625,962.5134298340786,949.5271375267935,954.6834594723332,2733052
2015-04-28,952.9647216796875,958.693968503413,937.7249624283614,958.693968503413,3088298
2015-04-29,950.0235595703125,952.9645537717433,936.1778821858533,948.7631068412868,2019620
2015-04-30,941.0097045898438,951.055002990195,927.0303978449668,947.2355049862183,3738054
2015-05-04,947.8274536132812,956.707785608566,938.5269395786531,951.43686022599,1890630
2015-05-05,961.6923828125,968.796593450002,954.8745412879175,955.2564911044327,3255070
2015-05-06,940.7613525390625,960.6036234470548,937.9922168452291,960.6036234470548,3394406
2015-05-07,972.1580200195312,975.4045942932435,937.1904866921798,941.4683070852907,3205028
2015-05-08,965.282470703125,988.4859171746712,961.1001397420939,977.7913245622713,3003664
2015-05-11,976.263671875,978.9564365682095,964.4232282802719,968.2427262140552,2573082
2015-05-12,963.621337890625,979.7014655211956,959.8400712884072,977.7917160757352,2467386
2015-05-13,960.7564697265625,972.8261204564307,947.4073431428653,972.8261204564307,1863774
2015-05-14,954.5879516601562,962.5134092962263,949.1451675004454,962.5134092962263,1309050
2015-05-15,959.1333618164062,967.2497964106037,955.2566080041455,960.6039060897344,1461454
2015-05-18,962.6661987304688,964.5186924834926,953.7668433587994,960.2599896897445,4507752
2015-05-19,959.7252197265625,966.3329697506389,953.633139219331,962.2842646724528,1957722
2015-05-20,976.66455078125,981.572548736626,961.3292135640787,962.51329499659,1897814
2015-05-21,976.072509765625,985.4302779085551,973.2651420229686,976.6454343458043,1579578
2015-05-22,999.9061889648438,1004.050380951575,969.8658791559817,973.9718388688602,2691632
2015-05-25,993.4513549804688,1007.1633144679986,987.6075048306925,1000.7084006339209,982978
2015-05-26,996.4498901367188,1001.9499306033211,988.8299161316173,994.979345934109,1961740
2015-05-27,998.8943481445312,1005.7312131798094,990.0140141059651,996.1252117239031,1620690
2015-05-28,996.6978759765625,1001.8541976189015,986.2897452540634,994.5589200695896,2763608
2015-05-29,997.003662109375,1011.6323592807026,992.0191981669298,999.5627073261546,4423532
2015-06-01,999.8489990234375,1011.05926194497,996.2587085261339,996.6787973186733,882264
2015-06-02,993.0313110351562,1004.5280380479642,989.4410199860271,999.1807405070244,3935820
2015-06-03,997.2326049804688,1002.8473411302715,989.4408670676736,994.5971888995259,1804684
2015-06-04,995.2274780273438,1001.7779731717955,988.6770761323565,999.6008779202186,4131468
2015-06-05,992.9918823242188,1005.7711911656517,990.7366658856745,999.2176801461744,2308534
2015-06-08,993.6084594726562,998.4465106157057,987.5175314340465,998.4465106157057,1570320
2015-06-09,987.5175170898438,998.4464961127538,983.411973584415,996.5189932245053,2578914
2015-06-10,1002.590576171875,1006.1564563332092,988.3463493777069,989.194431781998,2763350
2015-06-11,991.2379150390625,1007.3132745350024,985.6288613346221,1004.4220194416184,1847336
2015-06-12,965.9873657226562,998.0417010886,954.8078489774722,991.4688974203162,2571456
2015-06-15,965.6017456054688,971.634791248673,956.4268141754392,965.7944958703167,2525176
2015-06-16,968.3772583007812,971.1914307807341,961.6117056864402,963.7512522897903,1267396
2015-06-17,969.0713500976562,974.9887273676275,964.4453432652541,971.8469353738276,1975720
2015-06-18,975.335693359375,981.6000773483127,966.8353873388088,969.5338912109667,2165046
2015-06-19,982.8528442382812,984.9538031948231,974.1983766107759,977.2437929936895,1999610
2015-06-22,999.024658203125,1002.3014128219661,981.8698840221338,981.8698840221338,1102002
2015-06-23,992.5097045898438,1005.3853846765113,989.656944191126,1002.3013804290373,898318
2015-06-24,990.8521728515625,997.6369266805083,986.4382099747888,994.5915097043118,1170246
2015-06-25,983.0264282226562,991.8929411046646,980.7712122996064,987.6524349437041,1930992
2015-06-26,999.5260620117188,1000.8946080848064,983.1036973673987,983.1036973673987,1290102
2015-06-29,999.56396484375,1003.8430569959016,980.4816947510859,991.5070440067047,1372756
2015-06-30,983.3927001953125,997.964641156964,979.1714876054809,996.5190139606962,1549952
2015-07-01,999.641357421875,1005.3852770714951,985.6283769756692,988.3846678303108,1279708
2015-07-02,993.7239379882812,1003.4385320007449,991.141103398874,1002.3013243214165,1445880
2015-07-03,1003.804931640625,1006.156522846309,990.7364995076683,991.9122951105103,963470
2015-07-06,1015.1382446289062,1019.6485805855499,994.7067229763413,994.7067229763413,1182338
2015-07-07,1008.5659790039062,1020.3815351486547,1003.4580958804273,1014.9267391199365,1642836
2015-07-08,1000.4124755859375,1010.6667333426317,994.7841301308712,1001.5110956404003,2667850
2015-07-09,972.42529296875,1001.6269643036887,966.3150706270405,1000.374087315721,3934122
2015-07-10,953.86328125,986.4958637142131,946.4038082916737,986.4958637142131,8263654
2015-07-13,967.432861328125,970.9216599026108,954.2679619296925,954.2679619296925,2280308
2015-07-14,963.5584716796875,969.5337292556168,959.8962170363761,967.9917273005383,1703274
2015-07-15,981.387939453125,983.0070227984535,963.7512908309192,964.1367913472515,2003660
2015-07-16,979.2483520507812,986.4379928512642,974.0056017164369,980.5976038018478,1456608
2015-07-17,988.5772705078125,990.7746982640069,980.4432678596579,981.7925193721131,1070526
2015-07-20,996.4006958007812,998.2357590907253,985.8732274532077,990.5478474560966,853786
2015-07-21,989.5435180664062,1004.5911149932418,987.1097197017324,995.1839617884735,1274500
2015-07-22,976.6591796875,992.479335518001,973.9548763209659,989.3887030991049,1320628
2015-07-23,961.418701171875,980.4454106368905,959.2552203377393,972.583575191405,1496780
2015-07-24,967.8118286132812,972.1966994576796,962.7703118059079,964.8564501869879,1574972
2015-07-27,964.6831665039062,967.7544642032195,958.5404767866452,961.1868690369702,2003738
2015-07-28,966.6144409179688,973.162698249297,962.7897274341269,965.629283157649,1891188
2015-07-29,968.4304809570312,971.6370313823182,959.4483292936221,970.0723796481922,2413318
2015-07-30,958.3472900390625,972.3131442634266,955.3146630501452,972.0233974245639,2770574
2015-07-31,969.9758911132812,973.1631065276732,960.8005740112438,961.92089079309,1963776
2015-08-03,969.5314331054688,975.480862818579,966.1702948757153,967.1361175121693,1179324
2015-08-04,969.2610473632812,974.7083254350188,960.4141486450482,969.8405410169287,2342692
2015-08-05,984.0380859375,985.1391615513893,970.0723273158974,973.5492890625494,988994
2015-08-06,994.140625,997.8879981541212,985.1778093468155,990.9340748220368,2211366
2015-08-07,985.93115234375,994.024727745971,983.9801716163964,994.024727745971,1188506
2015-08-10,993.6773071289062,1000.2062324483296,987.689204926145,993.6386364840107,1431182
2015-08-11,1006.0779418945312,1008.318668911388,982.0869680874557,995.9561411699457,2200306
2015-08-12,1032.155517578125,1039.766182574077,1005.2283960855258,1005.6533958559061,3479784
2015-08-13,1018.209228515625,1036.9075231732575,987.4573879399575,1031.4989146321152,1406426
2015-08-14,1044.3245849609375,1050.563855206944,1018.7882934044218,1019.1359517939667,2293964
2015-08-17,1037.1971435546875,1041.8524284878195,1025.7038518065724,1039.2640421511308,773644
2015-08-18,1058.889404296875,1062.3663662357342,1039.2252906145568,1045.754214750074,1916926
2015-08-19,1056.0692138671875,1063.5060486786779,1051.5490881632272,1062.4049730700467,1690070
2015-08-20,1038.009033203125,1060.47404677621,1032.272004730795,1060.47404677621,2349298
2015-08-21,1033.8746337890625,1054.6398239293808,1025.7424812913416,1047.7245704287093,3536080
2015-08-24,996.2074584960938,1021.8404310438689,992.5180911848424,1019.522456531104,4692344
2015-08-25,991.7645874023438,1012.9547736167773,979.5373106427685,999.7809152255886,3925800
2015-08-26,995.473388671875,1019.5223722538385,970.4392471396983,988.2490542346712,3216158
2015-08-27,994.6620483398438,1010.211792563023,983.516511866697,1010.211792563023,5264798
2015-08-28,993.1943359375,1007.9327553260612,988.1140510088157,1007.9327553260612,2744152
2015-08-31,990.5671997070312,1000.5924215144631,977.818338737928,1000.5924215144631,3692044
2015-09-01,980.2716064453125,1008.7827182939674,977.4128082908135,987.4573667949878,2987602
2015-09-02,1001.2877807617188,1012.3560717549934,984.3665473092393,988.886578917852,3765950
2015-09-03,1006.619140625,1010.2505964373235,995.2803438132522,1002.9490141752277,2265074
2015-09-04,984.1541137695312,1010.2119944705115,980.9475631580345,1008.8598425286808,2426396
2015-09-07,981.1793212890625,988.9831501623345,978.4556822993059,986.2981818096177,1759184
2015-09-08,981.3922119140625,990.5868669210059,974.901861655122,983.2079405239888,1787746
2015-09-09,985.0424194335938,994.4108981751427,982.8210275670408,990.1419436374368,2045076
2015-09-10,983.3621215820312,996.1496534059507,976.2537033767064,982.048640278428,2665818
2015-09-11,985.9119873046875,992.2477476147695,981.5078727377572,983.7871769872205,1592672
2015-09-14,985.7765502929688,990.9340811915314,982.434841508797,990.9340811915314,1589318
2015-09-15,980.2134399414062,988.5774266399037,979.7305286004163,985.776540862162,1379900
2015-09-16,985.274169921875,990.9338518551278,981.6812914783293,987.0705619843476,1756816
2015-09-18,985.6220092773438,999.0469440435908,980.8894783165804,990.9340338251393,2455294
2015-09-21,985.544921875,987.8822319181304,978.648909345504,985.1392574346827,1108840
2015-09-22,976.176513671875,993.7930662952119,961.9595821087091,988.0367996959934,2081246
2015-09-23,978.4365234375,988.1334232206069,970.6906991228625,979.0740231518664,1228352
2015-09-24,996.884033203125,1000.5928320067576,977.374404625387,979.5378863139514,2354254
2015-09-28,1002.022216796875,1011.7963662702451,996.5363599824733,1002.1381344425414,2366812
2015-09-29,999.9163208007812,1017.5908776158632,992.8079028911295,998.0233458857438,3325952
2015-09-30,999.8391723632812,1021.338351765421,993.2329061916907,1021.338351765421,3368336
2015-10-01,1021.6859741210938,1023.7527782119506,1001.4422727189715,1004.0693294589266,2834408
2015-10-05,1047.58935546875,1070.131698100229,1024.8152719487196,1024.8152719487196,4807306
2015-10-06,1043.088623046875,1053.1331801576966,1036.9073571325232,1052.7468510380497,3979590
2015-10-07,1025.2984619140625,1049.6565392238997,1022.5941572491499,1040.7516314278482,2065530
2015-10-08,1017.5136108398438,1034.7245912505875,1012.182250352126,1031.4987055115175,2357550
2015-10-09,1015.9102172851562,1024.0038868847173,1007.5462305146593,1023.9652162496567,2249724
2015-10-12,1001.5967407226562,1027.7705340683037,999.4332602980048,1025.7036359069202,2455912
2015-10-13,1003.8956298828125,1009.0917380777158,991.938761574448,1005.5375287675101,6179712
2015-10-14,959.525634765625,984.3666165187376,958.096235858112,984.3666165187376,8337128
2015-10-15,953.36376953125,967.1750367830957,952.3013643580312,961.9595932054757,3215710
2015-10-16,955.0054931640625,962.732074823966,954.2328349980722,958.4437842752701,2333828
2015-10-19,961.4765014648438,963.8717229061244,948.7663124125067,961.9594128166593,3130642
2015-10-20,976.1572265625,977.412796360196,964.1231106905034,964.3741869225846,2695084
2015-10-21,977.4124755859375,982.0484240867404,974.4184255125023,979.3441207946054,1929688
2015-10-23,982.3104858398438,986.5113273787197,978.4969096757209,986.5113273787197,2335398
2015-10-26,982.0778198242188,986.8980759470741,973.7730275367796,986.8980759470741,1414630
2015-10-27,979.9678955078125,985.3107760879013,975.8058100626483,979.561347326952,1530420
2015-10-28,979.1939697265625,980.9168613420884,971.8183451109993,971.8183451109993,1255342
2015-10-29,966.1268310546875,981.6329481816734,964.0748066178917,980.9167388142405,3130316
2015-10-30,966.0684204101562,972.5341529226802,962.1192977307309,967.926858884035,1516696
2015-11-02,974.644287109375,976.7543487093243,963.1065803069108,967.9268370506018,1319294
2015-11-03,984.7495727539062,986.433803578443,975.0896799986293,978.7678026748202,1364906
2015-11-04,981.0130615234375,986.2011106863686,975.6700873782152,985.3493541180784,991434
2015-11-05,961.209228515625,981.45827351305,960.1832640471459,979.8515530380909,1596098
2015-11-06,970.1528930664062,974.9925263751283,961.5189683388287,964.8292964268121,908024
2015-11-09,956.8346557617188,968.9917818518372,955.7699359934269,965.9912079593782,2021556
2015-11-10,951.7238159179688,959.0220229372915,948.5684118677287,957.4539623720339,1361920
2015-11-13,928.203369140625,943.941921096838,924.0026220820972,943.941921096838,2743232
2015-11-16,919.3759155273438,925.3383086605248,912.1745000854379,925.3383086605248,2043528
2015-11-17,925.5512084960938,928.6098201176505,919.5306834323748,921.6601229097971,1985028
2015-11-18,910.4129638671875,924.9124946890433,908.302901436624,924.9124946890433,1520352
2015-11-19,914.7102661132812,922.085887739451,910.6255958325949,915.7943631083797,1866906
2015-11-20,928.5714111328125,938.3280993840453,914.478332970676,916.2399795564618,2012126
2015-11-23,925.7447509765625,934.3979615554566,922.3376290658493,931.2619348213262,1088082
2015-11-24,916.8012084960938,926.2868944570822,915.8526588048219,921.4860136579093,998640
2015-11-26,908.1285400390625,922.3957281088789,905.1473436158267,920.6534594106613,2915292
2015-11-27,911.148681640625,913.5103674325087,903.076130510009,909.0772795016081,1737206
2015-11-30,918.9694213867188,925.8223267615272,909.9095664720404,915.6590916010504,4100048
2015-12-01,914.45849609375,920.711360006882,912.5807747949885,914.8456668181259,1721994
2015-12-02,915.7363891601562,920.7309493686433,908.4963138527305,920.6921944776446,1640296
2015-12-03,910.1419067382812,918.7564584451521,908.6900160011681,913.7232372231601,2283358
2015-12-04,901.4886474609375,908.8062338746212,898.6623756302957,905.9798675198377,1246092
2015-12-07,898.158935546875,907.4896960972784,896.3972893161063,902.9598161639668,1382604
2015-12-08,901.7208251953125,909.4642414700683,897.1909455794053,898.00394757378,1139964
2015-12-09,916.6846313476562,918.6786170829384,898.2359860811017,905.1663035089007,5282806
2015-12-10,923.228271484375,925.8029198333904,910.625841381853,917.2077458476232,1723988
2015-12-11,923.7893676757812,926.0930146291628,914.9812335120663,922.6278554783684,1652378
2015-12-14,920.8662719726562,924.1766008638151,902.3402078863966,904.121136661655,2718532
2015-12-15,919.859619140625,923.4021935199593,914.9038148785482,920.866206326855,1135868
2015-12-16,932.4619140625,934.8236932383668,923.014986407234,923.014986407234,1435934
2015-12-17,944.60009765625,946.6327446539732,926.6354077145975,935.0176189526975,1618844
2015-12-18,935.7140502929688,942.4507818255038,929.4611875511599,936.9529774740679,3024970
2015-12-21,947.174560546875,948.5684131677068,931.8620317821752,936.9339122972959,1610104
2015-12-22,931.1650390625,944.6966379845469,929.2098078536527,944.6966379845469,1560858
2015-12-23,939.1991577148438,942.7611109746836,933.2948016810188,935.0176932254049,849834
2015-12-24,942.470458984375,943.9997646407056,930.7585430413628,937.3404462159481,843160
2015-12-28,953.4854736328125,954.917986632967,937.0307152648223,940.0506662936534,3704198
2015-12-29,950.8142700195312,954.4923933950462,946.9231837542898,951.801574672524,1708524
2015-12-30,936.2950439453125,952.0528745708004,933.9720194445297,949.749227512346,1605762
2015-12-31,943.4773559570312,947.9878587044142,932.1138533105482,935.3080129324846,1240318
2016-01-01,935.5595092773438,944.3096074098562,933.9527882223967,944.3096074098562,712262
2016-01-04,917.439697265625,934.6300379501832,916.0652224226443,933.1393929963419,1870184
2016-01-05,909.4447021484375,924.0217374055085,906.3667136319119,923.4022264041478,2678020
2016-01-06,922.0859985351562,923.8475500242338,909.9287789189459,909.9287789189459,2653228
2016-01-07,918.0786743164062,922.5891759082525,913.7230032205456,917.5947108613105,3199580
2016-01-08,928.2807006835938,932.0556157916271,918.562676288138,923.402311042027,1907544
2016-01-11,914.6328125,923.0150210010431,909.4060076411433,922.4342649056146,2930228
2016-01-12,900.9656982421875,915.6588090642103,891.1122217175442,914.768297448671,3482594
2016-01-13,882.4395751953125,900.9463563842635,873.1088166158983,897.0746487934416,4746092
2016-01-14,882.28466796875,890.0667428350259,871.1341321721262,880.0390588565524,2742052
2016-01-15,875.431640625,887.2790064244334,873.0698617259945,886.1756267282799,3269408
2016-01-18,881.8397216796875,887.356906748826,875.0061934212532,875.7805351853428,2213922
2016-01-19,882.4783935546875,890.4928099393178,878.219514898456,881.5878818399246,967910
2016-01-20,882.7882690429688,884.6853683470584,868.4241930864123,880.3490738490456,1615954
2016-01-21,874.9873657226562,888.7263177291309,871.5914289517211,886.8246310384873,2675536
2016-01-22,890.9967041015625,893.4417973136013,877.121877935111,882.1672692683661,1343178
2016-01-25,894.4508056640625,907.7823197009782,889.3472362525829,893.3835113591554,1397560
2016-01-27,900.3113403320312,904.2700133402744,885.6214504074287,893.4224401096394,1626986
2016-01-28,904.7550659179688,911.6245412202501,895.7704263075891,898.6618046555541,3106660
2016-01-29,928.080078125,931.4565893107186,906.2490643130301,915.4277548857972,2235744
2016-02-01,932.5047607421875,936.4828578795124,915.5445021414,928.002775955466,1495274
2016-02-02,930.7191162109375,944.264007976285,923.5778930022706,934.9494431627088,1475588
2016-02-03,937.7828979492188,943.0610959311924,916.0489074580023,926.6053981746288,1308692
2016-02-04,939.23828125,946.9809962648266,932.232931568899,939.956222284906,1250046
2016-02-05,939.9757690429688,946.9616953353708,934.6005437195953,934.6005437195953,1402996
2016-02-08,917.077392578125,936.1334836779782,910.8871050414816,931.4567755004498,1063658
2016-02-09,885.4273071289062,905.6865691371439,875.4142219326473,905.6865691371439,2489610
2016-02-10,880.5369262695312,888.725924753105,876.3842015192901,882.9431700241203,1890732
2016-02-11,853.03955078125,888.3767033445027,842.8323202545007,884.8837412081548,1962408
2016-02-12,864.1590576171875,870.6791792152168,839.8635222606986,853.8353738325033,2172568
2016-02-15,880.6726684570312,895.3043732963271,869.3593910680775,873.2404597782029,2479712
2016-02-16,879.275634765625,885.6599745271745,870.5238049362193,879.450263925757,1588702
2016-02-17,883.1569213867188,884.7481032685941,871.8435452470156,879.0623735000113,1585178
2016-02-18,898.7976684570312,900.3112479142336,884.1077800403596,886.8245291449612,1529140
2016-02-19,900.2725219726562,903.1251468222302,894.7614205601217,895.4988808406051,879012
2016-02-22,898.8169555664062,909.3346930758262,894.5866272043446,900.5052589027681,1324884
2016-02-23,878.6740112304688,900.3691487833726,875.860236238675,896.6239551436354,1306852
2016-02-24,858.0849609375,878.0724669707588,854.3009185331451,878.0724669707588,1659328
2016-02-25,858.8225708007812,864.7023536618168,848.265985115512,861.5198953681758,1830556
2016-02-26,857.9102783203125,875.9184000727495,853.6799511303597,865.3619116401948,1537536
2016-02-29,844.8311157226562,868.1951320650687,820.8460904414933,868.1951320650687,2191718
2016-03-01,883.5834350585938,886.8630137911201,839.0870219571615,851.1183344829117,1999760
2016-03-02,899.9617919921875,904.2891463580265,875.6662602876813,894.5864731138417,1527486
2016-03-03,921.0360107421875,927.9637580035105,893.0341309770296,906.617874820661,2648284
2016-03-04,914.9815063476562,923.6944879239686,911.8766509260631,923.6944879239686,1512966
2016-03-08,913.7201538085938,918.6490928127379,894.2759589367122,908.9852682672323,1268152
2016-03-09,914.8651733398438,919.5806352186333,890.7636921194783,908.5584349511397,2017784
2016-03-10,911.3914794921875,915.8741332718546,898.4480760888163,914.399308057191,1661666
2016-03-11,917.9700317382812,927.9056082980576,906.2297956278984,908.1703305221765,1530528
2016-03-14,913.9918823242188,930.6804814494593,908.1702779782047,916.7086310190255,1636742
2016-03-15,904.2503051757812,917.2907360239205,900.4469330350207,911.6826097933478,1623356
2016-03-16,903.1439208984375,905.0650305504943,895.3235122605826,898.4672151476819,1918246
2016-03-17,912.846923828125,916.6309663963342,905.0653609296328,905.8415747897783,2221088
2016-03-18,941.4893798828125,943.0999859907357,915.9324966823606,915.9324966823606,3204070
2016-03-21,949.4069213867188,952.7834339501545,939.2191107842042,941.547753207636,2336982
2016-03-22,959.8275146484375,964.4459503122365,945.622759732702,947.7573483551234,1951984
2016-03-23,960.0990600585938,965.5713115906964,953.6952949287195,965.5713115906964,2278434
2016-03-28,959.9436645507812,976.9233431237045,955.3446541774889,966.7743845748997,3320882
2016-03-29,958.3914184570312,965.2027154747451,952.8027153799109,961.7291766645292,1838796
2016-03-30,966.1924438476562,972.208102766973,954.7432865496021,958.9736152433995,2136504
2016-03-31,978.1460571289062,989.6728156786268,959.4586488753653,961.8455636941995,4363964
2016-04-01,952.3757934570312,978.3596346568886,944.6913501423136,972.2081003920538,3041400
2016-04-04,959.1096801757812,965.6104741638214,949.698082909514,953.1910468433864,1752352
2016-04-05,955.810302734375,964.4068329809354,947.7765085627472,958.934582343526,1491794
2016-04-06,963.242919921875,965.9985180794309,954.4911811066457,958.624483590275,1763150
2016-04-07,958.9345092773438,964.3291570714172,953.5786153201303,962.5050736646003,2390942
2016-04-08,943.8954467773438,960.0600619750982,941.935487895261,957.0716576636644,1399500
2016-04-11,972.8484497070312,976.8653953721537,936.5022642165303,944.2644048233809,2400648
2016-04-12,977.3118896484375,979.9704612761531,965.6493466936383,969.4915692149823,1303628
2016-04-13,980.43603515625,987.7324668283511,975.1189873894822,981.9108609334886,1601468
2016-04-18,977.9324951171875,991.0311047848946,946.9809656060869,952.0263559966112,7121504
2016-04-20,950.9981079101562,983.8124818067249,946.9811622103585,983.8124818067249,6405024
2016-04-21,940.9266357421875,957.6152378567975,936.1917489764877,951.2503205327672,2525724
2016-04-22,938.0738525390625,945.1955576892209,933.08664070216,938.830642084629,1964126
2016-04-25,951.3471069335938,953.598146065755,932.3492917650456,932.3492917650456,2267654
2016-04-26,966.3084716796875,967.7444481003108,947.756944961283,950.4736929607625,2554368
2016-04-27,974.575439453125,975.933813833051,960.9139984585845,962.5052749189973,1848670
2016-04-28,981.0372314453125,985.7915410428617,969.5298995857787,970.7718227341978,4992744
2016-04-29,984.0454711914062,986.5681671341174,974.1487409546163,976.8654904313821,2372178
2016-05-02,980.6300048828125,981.9107770207694,970.2675662260567,981.5226699942789,1116692
2016-05-03,961.7679443359375,981.9106586821392,959.4004538585962,979.9701237835579,2153118
2016-05-04,961.7288208007812,967.9579549949973,953.5785765567068,960.1375447377815,1364892
2016-05-05,958.7406616210938,966.3669256382011,956.1209395881316,961.7290663229742,1246566
2016-05-06,959.9436645507812,964.174087035409,943.4879682463193,956.6836041658482,885598
2016-05-09,975.138427734375,977.2535922937636,953.3461591244956,959.9439792472095,1821276
2016-05-10,979.154541015625,983.4431398135605,968.7145067089564,976.0885354058595,1158534
2016-05-11,977.369873046875,980.2030730858063,966.3864260413301,970.2674960254318,1598716
2016-05-12,995.9601440429688,997.3961209630095,978.2430977570523,978.2430977570523,1513082
2016-05-13,979.3492431640625,995.8826405695287,974.2068250083547,995.4945335389092,1621730
2016-05-16,990.1190185546875,995.4167353324513,978.9997922151373,985.0154500067466,1111526
2016-05-17,997.5125122070312,1005.6821828503794,990.4489843257765,995.1838703943531,1756698
2016-05-18,990.0997924804688,995.8243706546078,980.377693308767,995.8243706546078,1500740
2016-05-19,992.370361328125,993.5541068512815,980.3973149780431,991.6135714863376,1038792
2016-05-20,981.6389770507812,995.8048814396078,979.1162817486615,986.6843676550209,1230918
2016-05-23,966.948974609375,988.0813776216894,962.5827717244891,987.3440123688642,1533016
2016-05-24,957.7314453125,965.7070616170902,954.5878360537426,964.0576071764701,1339158
2016-05-25,980.5327758789062,983.0554710307563,962.8933341138129,962.8933341138129,1548678
2016-05-26,989.1683349609375,995.4556496837884,972.2469258767643,981.910752695897,1943248
2016-05-27,998.463623046875,1001.2580697735028,989.9059378928631,990.8955351264485,1104676
2016-05-30,1023.205078125,1025.359090549189,1002.0920989149243,1002.4802058471145,1349464
2016-05-31,997.2024536132812,1027.3196057595298,994.3304986610938,1024.602855763188,3722608
2016-06-01,1022.0990600585938,1026.5428656113677,997.8229517908605,997.9005542290303,1911942
2016-06-02,1028.541748046875,1030.1524489796466,1009.0782195214119,1009.0782195214119,1408756
2016-06-03,1020.5466918945312,1031.5883161320914,1017.0343048999795,1029.0267722541687,1554922
2016-06-06,1024.4486083984375,1034.840144521905,1020.8017482721178,1027.5856759074088,1322026
2016-06-07,1031.76171875,1034.8400041198122,1024.6445360989273,1025.036669484346,1202194
2016-06-08,1024.6837158203125,1030.7421570527163,1021.7034640060064,1026.3110309613203,938266
2016-06-09,1010.6257934570312,1028.330577967909,1001.9792329399336,1028.330577967909,1562138
2016-06-10,1002.1951904296875,1020.8215316388864,1001.1952308597344,1006.214558795883,1396832
2016-06-13,998.7637329101562,1001.253818202461,987.391864730182,996.0187992115417,1029978
2016-06-14,993.9993286132812,1003.4496855540561,987.4898762632255,1003.4496855540561,977570
2016-06-15,1002.6257934570312,1005.7823890741843,988.959913377991,992.0969789239957,1270844
2016-06-16,1003.1950073242188,1005.7046230675143,986.7841844248437,998.1953059212333,1145070
2016-06-17,1020.5659790039062,1023.4677266011585,1003.4689319434348,1003.4689319434348,1878988
2016-06-20,1042.8004150390625,1046.2119566200317,1016.3314093899425,1020.5664694409411,1872838
2016-06-21,1039.6241455078125,1045.0356060672336,1035.7812186910817,1044.4474059137249,1027690
2016-06-22,1046.0748291015625,1050.0157896830492,1031.9972756055033,1039.1537115434917,1761712
2016-06-23,1037.3299560546875,1042.8786044507635,1029.4676635406643,1041.1140044432327,1397014
2016-06-24,1009.3317260742188,1016.8802938768223,985.882130064967,1005.8809330744618,3766586
2016-06-27,978.7060546875,998.7636371390713,973.5298179064798,998.7636371390713,4272566
2016-06-28,966.197265625,981.4708454721045,964.0209056712317,978.7063810360419,4499524
2016-06-29,981.4706420898438,985.2351609992824,966.7264837885439,970.530158596308,2531264
2016-06-30,1001.1558227539062,1004.9986534888815,980.4707858849057,988.9604357084266,5121812
2016-07-01,980.6671142578125,1005.6656252011616,978.1182464753533,1004.6460397938904,2197296
2016-07-04,978.0590209960938,990.4700994544773,973.2750130845556,986.6075475103714,1883484
2016-07-05,974.5692138671875,979.1767815805262,971.373269033112,978.059163032373,1559748
2016-07-07,952.8057250976562,977.1376209647835,950.9234656885368,975.5102099635312,3316800
2016-07-08,951.5511474609375,957.609590621808,942.4928257158363,954.8450304214942,2456356
2016-07-11,966.275390625,969.2752683010688,951.7076744463923,952.884074538415,1543632
2016-07-12,966.5892333984375,970.5301933306162,955.1782085667558,969.2361339257028,1465536
2016-07-13,977.6277465820312,980.039328521991,961.2169266938204,971.7064943793113,2102300
2016-07-14,988.921142578125,991.705327898133,968.9615916315881,974.8435923901773,2699988
2016-07-15,958.9033813476562,991.2347587837284,951.5312547928253,986.9996992108947,8336366
2016-07-18,954.2369384765625,968.1772990498737,953.1194158036401,959.5503648339574,2598850
2016-07-19,967.0795288085938,969.6676479627054,951.9039829140168,951.9039829140168,2362896
2016-07-20,978.353271484375,981.3138979960985,960.0014080110742,960.7268931430335,2815252
2016-07-21,982.7057495117188,987.9799236462035,966.3929647107278,976.2159237615493,2527148
2016-07-22,986.2548828125,989.7448322388698,977.1965617825924,979.9022443054448,1517216
2016-07-25,1006.049560546875,1007.7204453683488,985.1537099377016,987.591216833458,1688796
2016-07-26,1003.5537109375,1009.6081764056066,995.8479403564647,1006.0501533161421,2311290
2016-07-27,1013.3619995117188,1014.482417428811,1000.5649705734564,1004.4964635816036,1750510
2016-07-28,1029.7568359375,1033.8062950159583,1013.1659461043544,1014.522292693221,4632080
2016-07-29,1029.776123046875,1035.9091953845045,1021.7951719568151,1027.6924122720718,2488084
2016-08-01,1064.7464599609375,1071.3317099210024,1034.7688295457167,1034.7688295457167,3961704
2016-08-02,1061.1890869140625,1067.6760535155845,1057.493520092155,1062.6437208340149,2578162
2016-08-03,1044.3226318359375,1061.1100897915067,1041.4722990641744,1055.9991482697246,2294702
2016-08-04,1042.6324462890625,1054.8004037939113,1036.4403418286354,1049.7091371009792,1415416
2016-08-05,1041.4923095703125,1055.3311518530911,1034.7694151739693,1051.2423397347932,1868484
2016-08-08,1041.649658203125,1048.92292435778,1033.6097696775714,1037.9147377453294,2058244
2016-08-09,1041.9244384765625,1045.6987108122728,1013.8732885900115,1044.9910227513606,2261914
2016-08-10,1051.8321533203125,1054.4269784617115,1041.0598952149933,1042.2393437367625,2062078
2016-08-11,1065.39501953125,1067.4001189215974,1047.9589094330056,1047.9589094330056,2233138
2016-08-12,1076.619873046875,1079.1164099397918,1062.3092743728052,1063.4690458175232,2327358
2016-08-16,1058.24072265625,1077.2298668786416,1051.2230601283522,1076.4435677057375,3183754
2016-08-17,1031.84033203125,1061.1102872265028,1029.2651841270783,1061.1102872265028,1848566
2016-08-18,1037.3448486328125,1044.814690689732,1034.02275386215,1035.9491484201574,1292064
2016-08-19,1023.5646362304688,1040.4503866231544,1022.188613097453,1037.9145917604908,2416244
2016-08-22,1002.0198974609375,1020.0064832447054,997.144883095556,1017.4706887080049,2265274
2016-08-23,1022.6015014648438,1024.1347460842935,998.678316574342,1000.5457766542227,1503374
2016-08-24,1011.2001342773438,1022.9749419489124,1010.0206858431213,1018.1785375131597,1116878
2016-08-25,1002.9437255859375,1018.1389104346158,993.0953146112761,1014.3253807193556,1939690
2016-08-26,992.6827392578125,1011.3966925020799,989.6358308524884,1006.3840367384822,1250314
2016-08-29,983.0899047851562,996.6142078622271,969.8014337946446,996.6142078622271,1488728
2016-08-30,1000.230712890625,1002.4520639363305,983.3646469938407,986.8047032302009,1444026
2016-08-31,987.3159790039062,1002.5308396082745,983.2075875050023,1002.5308396082745,3231668
2016-09-01,985.8224487304688,996.6143841569052,977.7825600203286,992.663212174611,1345736
2016-09-02,988.6923217773438,990.5007517773026,981.32076909984,987.591484047418,1742330
2016-09-06,976.6029052734375,990.7955427526771,975.0106308126584,990.6972553907,2239066
2016-09-07,959.500732421875,982.7554797067186,952.6009416502368,982.7554797067186,3854040
2016-09-08,912.9322509765625,927.8325746936125,898.2480826403522,927.8325746936125,7021516
2016-09-09,924.8642578125,930.4469599205758,912.1262560456942,915.9201092431531,2742438
2016-09-12,927.4588623046875,929.3852554540807,913.678960336942,918.7899011649887,2024454
2016-09-14,915.4286499023438,934.751999419068,908.1750630758228,928.6188307294776,2069858
2016-09-15,914.8389892578125,920.7952603369964,910.8288845214138,919.949931525549,2818964
2016-09-16,928.5011596679688,934.1232167432692,912.1068446314749,918.6724221180606,4358004
2016-09-19,948.0602416992188,954.1737349704612,923.9012266916291,929.7984685641288,2802546
2016-09-20,946.1139526367188,950.2026676641367,937.8184625911856,947.8831247899975,1184552
2016-09-21,948.8265380859375,952.9939593047687,943.8335608787335,946.5856061407522,1678020
2016-09-22,934.9093017578125,954.5667723582711,932.1966092084465,953.485611475246,2857574
2016-09-23,942.8116455078125,945.0722546320806,932.2161920427264,936.4819015663644,1800726
2016-09-26,943.9910278320312,951.0677167703901,941.5927781872037,943.9910278320312,1753476
2016-09-27,957.7512817382812,962.4297211559604,943.9910528818847,943.9910528818847,2038792
2016-09-28,952.6210327148438,958.3020244940635,949.5347703655266,955.746552428746,1731328
2016-09-29,958.4195556640625,965.7714297038154,951.2642563097774,957.3187182286955,3603958
2016-09-30,955.6676635742188,963.1375028218623,952.6404321285024,958.1248475372594,2175364
2016-10-03,948.158447265625,966.2236441131374,943.9911209588286,963.2160894111278,1818880
2016-10-04,945.5833740234375,953.4071057741775,942.7723938115375,951.4216818281571,1780718
2016-10-05,938.1917724609375,949.612681646131,934.1619925568198,946.7034155234699,1176354
2016-10-06,939.1356201171875,944.5020709815043,932.8452297783597,941.5928038432921,2267572
2016-10-07,930.899169921875,938.8407686171141,927.1248972826819,938.8407686171141,1816512
2016-10-10,935.8135986328125,938.4083272561837,925.8865756185871,931.7247870089825,1202142
2016-10-13,915.6058959960938,931.7250266199821,912.4606997767984,929.1302973293263,5173334
2016-10-14,930.270263671875,938.447791905761,900.7054425036023,910.141029854142,7741214
2016-10-17,928.7958374023438,934.0444206055092,921.6994711033856,931.3316319900404,2728346
2016-10-18,943.6371459960938,949.7309615366692,925.7882020965487,934.1229499617494,2128632
2016-10-19,941.6318969726562,947.4897829634681,931.8817754450033,943.9514393756377,1985058
2016-10-20,944.0108032226562,947.2347056354043,938.0546271978657,942.3399179898017,1265854
2016-10-21,954.8223876953125,956.1001234270107,942.8706826292379,943.5586941770753,1259660
2016-10-24,957.0101318359375,959.8483846508631,947.0959283339623,957.2072340625479,1253190
2016-10-25,945.4797973632812,951.8462580092386,938.6009478421885,948.061856178271,1772466
2016-10-26,944.6126708984375,947.1750005221579,935.250312657921,945.5390901050906,1437130
2016-10-27,953.225830078125,957.7197223636276,932.4906372715213,938.0883212780681,2941602
2016-10-28,945.5781860351562,952.0431966988826,941.3602177082618,950.0327155263446,1752102
2016-11-01,926.3807373046875,945.9726851389889,920.1325563884542,945.9726851389889,2934776
2016-11-02,908.2667846679688,924.0152332387697,904.6992151377887,922.8326198856485,2325076
2016-11-03,914.3375244140625,920.4674230750974,900.5600976509892,904.3050400575046,1463310
2016-11-04,918.7130126953125,920.9204994199933,904.3048237401206,914.5541373483346,1183752
2016-11-07,897.623046875,924.3697546489734,890.9215728319818,921.6103241606718,2048052
2016-11-08,900.047607421875,909.4296928556466,890.9020831615784,898.9635451525412,1933634
2016-11-09,855.3645629882812,896.815122344281,844.7210428549645,859.3656996529813,4500226
2016-11-10,849.6880493164062,874.148457186277,843.9129920304,869.1420794080423,2172426
2016-11-11,828.28271484375,846.3767584431124,822.3893770435246,846.3767584431124,2398424
2016-11-15,836.2259521484375,850.5158640268287,808.8681044902537,834.4913947549552,6290324
2016-11-16,863.1502685546875,870.7583389127863,842.8092765182355,845.6081671491396,4019958
2016-11-17,842.4937133789062,870.6399682552621,839.7145528172317,861.3367049365369,2504688
2016-11-18,837.72412109375,847.5397758147882,829.4851883189298,844.3861394396633,2140534
2016-11-21,840.7987060546875,843.5975963897084,829.8004394394094,838.1575552581818,1793366
2016-11-22,841.6266479492188,858.3606105301992,836.5217186771386,840.4440343923815,1318860
2016-11-23,850.0428466796875,852.6445384347455,838.551728643873,847.1454053310479,1275808
2016-11-24,862.6964721679688,870.2455430547502,842.414678039927,849.4708972583904,3026234
2016-11-25,906.8082885742188,909.5282609132294,864.17501751584,871.9802852487,4276148
2016-11-28,899.81103515625,914.3374100877577,887.708882636409,904.3049269856346,1924296
2016-11-29,890.8431396484375,903.5167767064887,887.96542735045,896.8152997413882,1442296
2016-11-30,897.2291870117188,904.6007920411155,883.9247849063096,892.8732079630141,3445832
2016-12-01,892.2620849609375,902.7282328476767,888.5566014536387,897.603574757275,1123052
2016-12-02,875.8634033203125,895.1596964730265,869.2998399273681,890.1138590688319,1998032
2016-12-05,861.7308959960938,882.1704344731319,855.4236250281443,878.6816867224579,2249526
2016-12-06,860.2921142578125,868.8068725766416,855.3841918947525,863.3077397838169,1593444
2016-12-07,849.3331909179688,861.1198651145442,845.8247136759,860.2329051292772,2065706
2016-12-08,865.5744018554688,866.8555662895028,851.4815930810942,851.6786953017148,3239546
2016-12-09,865.3773803710938,875.0944822577297,856.7246113268434,869.2208740317784,1588718
2016-12-12,870.4822998046875,874.1878796032366,852.6642768370333,865.1999983522509,1311758
2016-12-13,867.3681640625,874.3455643312141,860.5484070942473,874.3455643312141,2147534
2016-12-14,870.245849609375,876.9866884808264,862.9136077758719,872.7687197879308,1870366
2016-12-15,890.6261596679688,895.671996026565,868.0382247617351,868.0382247617351,4295410
2016-12-16,899.8306274414062,902.7280682530647,887.7483011816165,897.603411097043,1987230
2016-12-19,902.2946166992188,905.7636354519292,891.4146305437143,898.7862352423925,1334210
2016-12-20,922.1622924804688,924.4092381180394,901.5651143603548,903.5164067234739,2922760
2016-12-21,912.031494140625,923.9364498061099,908.8778584018833,923.9364498061099,2034902
2016-12-22,909.7056884765625,916.5254454479468,901.2302918842481,909.0355600872969,1868300
2016-12-23,901.9793090820312,913.6674334161718,898.3131881701822,906.670303896967,1118954
2016-12-26,903.9501953125,907.3009328873705,893.2672170184459,893.2672170184459,897408
2016-12-27,915.8944702148438,918.4962577677052,899.3773442476478,899.3773442476478,1294692
2016-12-28,911.952392578125,926.3408527381598,907.9117976016769,917.19533018607,1350418
2016-12-29,927.0507202148438,930.2831779252015,907.8529799649377,907.8529799649377,1963516
2016-12-30,932.5103759765625,937.6547634078306,924.6656495082613,928.3120407490876,1405748
2017-01-02,930.8544921875,936.2748020688183,927.3262862171675,932.9240650512761,823132
2017-01-03,933.5745239257812,934.9345097899638,923.7391438826039,930.8150932628528,1475324
2017-01-04,938.0095825195312,941.6954329919229,929.6524665925865,934.1463592751771,1420066
2017-01-05,920.2306518554688,942.1287240719665,914.7117906213496,939.7832272957263,2216404
2017-01-06,899.3379516601562,918.2401311464208,889.758860966347,914.948485646384,3009896
2017-01-09,908.12890625,911.1248990087151,889.7195749661798,896.8152561134511,1854578
2017-01-10,912.7213745117188,918.4176099573092,903.3195592367472,908.2471152002904,1533914
2017-01-11,916.2887573242188,918.3386973951718,898.8649404103428,912.5832741030058,1931296
2017-01-12,924.1530151367188,930.322274775896,908.2468309676543,916.2885612869949,2570374
2017-01-13,886.6840209960938,929.5142927249282,882.1703996361616,925.5919779948905,10235580
2017-01-16,890.3304443359375,896.3814246576484,878.2874796198172,886.9599771744114,3364808
2017-01-17,898.2931518554688,901.8607204287051,888.0635683431576,888.8913397235133,3009956
2017-01-18,904.73876953125,905.8819240633441,893.050548579977,897.9978342107476,3136574
2017-01-19,903.1224365234375,904.758346569715,899.9490713065937,904.6992543960231,2251676
2017-01-20,900.8953247070312,906.670382341498,892.8732243493447,901.5457236586982,2037246
2017-01-23,911.905029296875,914.5932847514612,893.3641450353263,895.4198357303046,2318546
2017-01-24,916.5108642578125,918.3491051775482,905.3032504763604,910.8378555011067,2282638
2017-01-25,930.2086791992188,932.9759808372954,916.3919567522714,918.1907221201856,4111648
2017-01-27,932.1065063476562,940.3886275583484,927.0660628368338,927.0660628368338,2871658
2017-01-30,922.2627563476562,929.7937912296643,916.4316550464554,925.4649590583825,2577956
2017-01-31,881.5044555664062,921.926838115476,869.7434200570191,917.1631052698482,4666804
2017-02-01,857.0333862304688,885.5168495391208,852.1511327802501,877.6300581842802,4864152
2017-02-02,872.7476806640625,877.2347016334138,851.1429980246687,857.8833740934274,6009482
2017-02-03,882.5912475585938,886.7224138213849,866.165318182191,873.5579467338927,2153372
2017-02-06,885.8334350585938,892.8505246367662,875.6339278051753,892.6528601416064,2408910
2017-02-07,887.3550415039062,890.5176718269842,880.001887396423,887.1178056233482,1814638
2017-02-08,897.7722778320312,902.3779181020675,887.1379674685882,887.4739391733598,2212584
2017-02-09,916.0955810546875,920.3255805280024,897.4755532546816,899.373151074401,4033202
2017-02-10,947.9789428710938,958.4551590130558,913.6051133612971,913.6051133612971,5782160
2017-02-13,954.4229736328125,960.2540759880301,941.8120179929582,947.2082198712721,3819812
2017-02-14,951.2601318359375,956.5575003014354,947.9986685267857,956.5575003014354,2033328
2017-02-15,954.2050170898438,959.8582377106594,938.945384729301,947.6030460430192,1924972
2017-02-16,967.666015625,979.6247111505463,962.8628095822221,972.5087931518741,4175680
2017-02-17,951.9122314453125,978.6760698949414,949.5798300029261,977.2528475300722,2723324
2017-02-20,989.191650390625,1010.0650292013543,951.9912702383343,958.6722879895436,3973948
2017-02-21,974.6240844726562,998.5611707366539,970.5916527189111,993.8567957117367,5501112
2017-02-22,953.3353271484375,976.4620601520384,948.8483070106445,974.8411735916147,4505496
2017-02-23,981.1271362304688,985.6536321536778,954.7191503664421,954.7191503664421,4853352
2017-02-27,984.3095703125,989.1127772069925,976.4820398228034,980.059785198601,2139892
2017-02-28,974.9796752929688,984.3687345076501,968.5555821460814,984.1710701031305,2354828
2017-03-01,980.2379150390625,989.0734591418883,976.4625042720055,980.3762222617328,1130374
2017-03-02,988.8955078125,992.2755893822908,976.4822183285594,983.0644062414287,1544942
2017-03-03,985.9697265625,988.2032954804893,978.59678717895,985.1592832903387,1013970
2017-03-06,977.4506225585938,981.9969045239826,970.354488707089,980.4155890577604,1400694
2017-03-07,988.2428588867188,990.2985491466554,978.4584720238926,981.5617448971609,1511672
2017-03-08,993.145263671875,996.2288484583678,985.2386855095069,989.1129281122367,1791510
2017-03-09,996.1300048828125,997.8101527231744,989.9233603992329,993.9161244162327,858468
2017-03-10,1005.024658203125,1007.9105777933905,993.8368336773632,996.0704993433112,1171420
2017-03-14,1015.0068359375,1022.7750093374652,1008.5036955712718,1010.7768364891455,3402294
2017-03-15,987.64990234375,1016.8448745997928,985.8907085902222,1016.785613889601,3022496
2017-03-16,996.5842895507812,998.9958337312115,990.6939292957721,990.6939292957721,1571818
2017-03-17,998.5020751953125,1006.5074862703219,992.1768121237001,1006.5074862703219,2593152
2017-03-20,980.4156494140625,998.5809926474167,974.8810449415637,998.5809926474167,3487540
2017-03-21,983.0643920898438,985.1596546392365,974.4857739509301,981.2063654954193,3373700
2017-03-22,980.0006103515625,986.74098776426,976.4426500591434,980.4749857540485,1888716
2017-03-23,972.6473388671875,982.4119417992497,967.4487067717287,981.2061695480091,2620638
2017-03-24,959.5423583984375,976.3834094018154,958.0006141796974,976.3834094018154,5099814
2017-03-27,953.5531616210938,964.6025858733165,951.161402299672,959.4435240514384,2181270
2017-03-28,960.6294555664062,965.9466100474696,952.7426631970523,952.7426631970523,1153158
2017-03-29,966.4207763671875,968.8717955055351,958.9095295302996,963.0209102452172,1717764
2017-03-30,964.9974365234375,974.4853261082644,962.6254641272308,966.5391799746503,2986086
2017-03-31,961.3609619140625,964.9387082221804,954.719416237068,963.9700750799788,1867044
2017-04-03,953.4146728515625,962.6258553703902,952.0310217247468,962.6258553703902,1196888
2017-04-05,949.2833251953125,956.6561690522382,946.8125200802804,956.6561690522382,2905568
2017-04-06,948.808837890625,952.7423398661629,945.8438721026598,948.789052148876,1720704
2017-04-07,960.2735595703125,961.9339214322608,945.6858671387334,946.7730214730348,2277012
2017-04-10,957.5853881835938,968.1604358186072,950.7659649423235,961.4398447982248,2543264
2017-04-11,956.419189453125,965.8280362062038,951.1612959867714,955.6285316842249,1557784
2017-04-12,946.1207885742188,959.8584663776049,942.0686677832919,957.6841576605223,1050538
2017-04-13,920.5828247070312,952.3475480308026,917.5783822574676,948.7895870792554,2500472
2017-04-17,915.1270141601562,922.2626225896481,907.3389587120073,921.274300478546,2270882
2017-04-18,912.7352294921875,922.7765432502018,910.0667598678044,921.1161814537513,1730620
2017-04-19,908.9202270507812,928.5087895822309,890.5967939687336,894.8267930821706,5626812
2017-04-20,919.3372802734375,921.906917909119,905.6786486144554,911.3516564626407,1268842
2017-04-21,913.5257568359375,923.3496190310399,909.6515155196963,920.7602927553587,1161154
2017-04-24,920.3651123046875,924.9310832004448,902.3380785690032,909.2563332787327,2000020
2017-04-25,913.8025512695312,926.828616355002,910.3236384118903,920.3254766841742,3148710
2017-04-26,913.34814453125,926.6311373972014,910.4622243155566,925.0696075764695,2187438
2017-04-27,910.3038330078125,920.2464103497399,900.4206128960484,911.6480088525052,5773186
2017-04-28,898.6416015625,908.76205720612,896.6056968976532,906.8842454511536,2540510
2017-05-02,905.2635498046875,910.0470677855691,901.3498325591214,906.8844367941335,2382696
2017-05-03,924.0022583007812,927.0462715309976,896.8036106473638,907.2798265090148,3514406
2017-05-04,921.1557006835938,929.0227054124595,912.735177710095,929.0029196687542,2708208
2017-05-05,917.3606567382812,922.1046032501793,910.2447369704341,912.4190457883874,1682474
2017-05-08,926.0381469726562,927.9950056916717,916.2537568617353,917.5583615130267,1071782
2017-05-09,930.0310668945312,933.3715769540304,922.1244885213501,926.6311995877237,1790270
2017-05-10,922.0845336914062,931.4538058654342,915.5813949861389,930.9992164042993,1206388
2017-05-11,928.8055419921875,932.9762815369746,918.2502787881389,927.9556233928911,2071302
2017-05-12,933.2332763671875,936.8900692689328,917.182978405259,926.3743767799162,2314446
2017-05-15,934.9923095703125,940.0722274258487,925.7020815175225,938.9455981034146,1817604
2017-05-16,960.3131713867188,962.6258840883,938.2933706719338,940.8827943039647,3601026
2017-05-17,970.6708374023438,972.8055748212162,957.8819090894267,962.0328624717787,2876198
2017-05-18,1002.633056640625,1016.7858494312097,965.4919287610311,968.5557274908491,5138594
2017-05-19,991.1488647460938,1004.352908604578,982.7876966811518,1002.6331891935064,1786044
2017-05-22,1000.7154541015625,1009.5707793552724,992.2751468161463,992.2751468161463,1663940
2017-05-23,996.900634765625,1013.6823233441356,993.8566222504408,1001.446916052769,2748596
2017-05-24,1011.7059326171875,1015.9952898597041,1000.0437298736616,1002.0797316519545,2534548
2017-05-25,1037.580322265625,1042.6998124775766,1015.2046667823837,1018.7626270631631,4094094
2017-05-26,1019.2567138671875,1038.4697365883098,1013.8802023398406,1037.738339533159,1362550
2017-05-29,1017.121826171875,1026.4713144621467,1013.6231273949332,1019.5530598874933,1749290
2017-05-30,1008.5234375,1018.3473012174504,998.2053162190867,1012.0418255528166,927634
2017-05-31,1006.7444458007812,1016.9834239800999,999.3912908927862,1001.3679350599001,2502730
2017-06-01,1009.5117797851562,1013.623161177359,1000.1819804129166,1000.1819804129166,1080064
2017-06-02,1013.9790649414062,1024.6332560924864,1009.0770251493694,1010.5595085359748,1355648
2017-06-05,1029.41650390625,1035.721979541616,1012.1010815743884,1014.0184650366373,1500188
2017-06-06,1065.806640625,1070.9261302224606,1039.7149350310644,1040.1102639037,5946720
2017-06-07,1033.884033203125,1067.3881616091912,1018.584822189898,1066.202174762959,4927776
2017-06-08,996.8614501953125,1029.8120579964389,994.4499051602396,1027.0645412865445,3330714
2017-06-09,991.089599609375,1007.06084932542,982.7876923130858,996.2288755546967,3148034
2017-06-12,983.2617797851562,993.421710721848,976.6202365897905,987.1360213587714,1626506
2017-06-13,980.004150390625,991.8167464702567,978.1852739054502,985.3807520134592,1175414
2017-06-14,987.4592895507812,989.7778516948956,981.3831283969987,981.3831283969987,1489142
2017-06-15,963.8742065429688,987.259509389943,961.3957837089389,986.9797047722952,2997198
2017-06-16,959.2770385742188,973.3881887139821,954.0003746882621,965.3732069018936,2450426
2017-06-19,972.0687255859375,977.925101581607,961.4553799237136,966.1524263336255,1644742
2017-06-20,977.3856201171875,978.9846149967248,951.5218974596518,971.7891380388069,1670958
2017-06-21,961.9153442382812,976.2462769921448,958.2775919247754,975.3868563001682,1657818
2017-06-22,957.3384399414062,971.7893198305773,953.400875275988,962.9948463479476,5775882
2017-06-23,944.0866088867188,964.9734811965794,941.0085630126687,959.1571173310238,1424756
2017-06-27,936.55126953125,953.2806938674314,932.054096710519,939.6493219188646,1974330
2017-06-28,939.4296875,942.6076709428459,933.413448537551,939.3696666230123,1789726
2017-06-29,932.7135009765625,948.2237675063137,928.656091376387,943.0070283097443,2471826
2017-06-30,944.346435546875,950.20271530539,928.6562981569984,929.1758934213776,1753848
2017-07-03,948.84375,952.6213564789063,936.6514121232128,942.367741641969,1475956
2017-07-04,946.1450805664062,951.5816033580162,939.4292840874716,948.7234397017,1215134
2017-07-05,941.807861328125,945.4055993382918,937.4106259823654,943.7266744525252,815856
2017-07-06,938.4300537109375,944.1663888370553,935.4519454989927,943.0071566777408,1026788
2017-07-07,932.1939697265625,941.9878129635598,929.6156101076388,939.4094533446361,1232090
2017-07-10,973.3682861328125,977.3457670311825,950.9823541356459,961.7955783068323,783608
2017-07-11,989.697998046875,1005.2881996635596,969.7904903096645,969.7904903096645,3537504
2017-07-12,975.1669921875,992.6960125381867,971.42940022508,992.3761940442877,2646450
2017-07-13,977.9453125,988.1789196377729,970.0303652487328,977.385703282506,3131960
2017-07-14,958.3776245117188,969.3907221316188,949.4032845618947,952.6012745730505,4508432
2017-07-17,957.5780029296875,968.2313643308753,952.2813326600327,958.4774375037799,2211822
2017-07-18,962.7350463867188,976.5863030510505,957.858033027433,957.858033027433,1908002
2017-07-19,979.2246704101562,983.3820187686089,965.4333372201088,965.5931976973881,3915576
2017-07-20,977.2657470703125,982.1426622886765,971.5893343540231,979.0846233970751,1182504
2017-07-21,995.8539428710938,999.3717509534293,973.208218032448,973.348071520643,2148416
2017-07-24,1014.49462890625,1018.222787031171,994.972030476916,994.972030476916,2271402
2017-07-25,1030.850341796875,1034.2577802200806,1009.5638343815949,1012.5103055778561,2678832
2017-07-26,1024.63671875,1032.253345376076,1021.0288429797536,1026.2402190923317,1459826
2017-07-27,994.8521118164062,1036.1823902142296,988.758827446672,1019.1050650134562,4255304
2017-07-28,995.89404296875,999.4017001376524,978.9370064525334,994.5711355482127,1382752
2017-07-31,998.900634765625,1009.8044183593197,987.3554118376358,990.562412769305,2019662
2017-08-01,1002.8489990234375,1010.5057513922941,998.5797190194206,1002.1875943591134,1747460
2017-08-02,991.6848754882812,1005.394784797909,986.9545295743429,1002.1877838894627,1251024
2017-08-03,997.9588623046875,1002.9898662196239,988.7387316399987,994.1706108012258,1882548
2017-08-04,1011.32763671875,1013.5324495831453,997.3771648391443,998.4996345986324,1387890
2017-08-07,1003.5707397460938,1010.2052421604523,994.6512688579708,1008.8021793241182,1885520
2017-08-08,1003.4104614257812,1013.6528400374607,1000.704554439305,1006.9982740783145,1073958
2017-08-09,1006.9982299804688,1011.3477638717741,999.5018853424117,1002.1877288818359,992946
2017-08-10,1006.7780151367188,1010.4460819884794,996.7161062020446,1005.7958904573671,1526172
2017-08-11,1000.604248046875,1016.218312605434,995.3728087571174,1002.1475583598639,1394736
2017-08-14,989.921142578125,1006.1565875687733,987.3555805423849,1003.390587940556,786504
2017-08-16,999.1215209960938,1019.7465341185914,988.2376986646145,995.7741733346943,1373340
2017-08-17,996.4349975585938,1004.191968680184,986.9944687237936,1002.4681864453993,1752374
2017-08-18,1007.7197875976562,1022.1913191476818,990.7226256200112,991.7649399676104,2837356
2017-08-21,1013.7332153320312,1021.8308747181517,999.9030210684863,1004.3928036902037,2304834
2017-08-22,1001.2060546875,1018.0227527660163,998.9811773549568,1011.4083107811219,1131326
2017-08-23,997.9588623046875,1008.9228394387146,991.4245762161605,1004.1924919584964,1562272
2017-08-24,1000.8248901367188,1009.3835154525111,996.6356667263061,1001.2657940584062,1623908
2017-08-28,997.096923828125,1004.3527063665736,986.5538862901295,1004.032084496307,2036796
2017-08-29,990.5025634765625,1000.5845359791839,987.736465772934,994.9722829728904,1312602
2017-08-30,995.9940795898438,998.178828938645,986.1927046386995,994.5709536533246,970782
2017-08-31,1000.7245483398438,1003.9515144483577,988.8184801294547,996.1745770191832,1784664
2017-09-01,984.7299194335938,1001.406367815506,976.7525416643667,994.1705504849666,1702330
2017-09-04,984.6297607421875,986.5539814991062,977.3338508308902,983.3871062001705,1062544
2017-09-05,995.914306640625,998.1792122916326,976.9528907849568,986.1529567218539,1165994
2017-09-06,983.4267578125,992.1057622911703,982.1439770898719,989.4198208742325,1228764
2017-09-07,986.192626953125,989.5198111582562,982.5646886280277,985.3507503049152,870636
2017-09-08,990.4022216796875,991.7651580925608,983.1664053783117,983.647436002272,1021134
2017-09-11,983.9277954101562,995.3527348984521,982.1439209236811,990.6424528287162,732764
2017-09-12,997.557373046875,1000.98487386697,984.9498738851203,991.7246222295026,1396460
2017-09-13,997.8584594726562,1014.8755909654939,992.2462070595706,1002.1879309081626,1278980
2017-09-14,996.9566040039062,1001.225983798302,990.9234123979753,994.9722912484476,1081510
2017-09-15,1004.61328125,1009.0028449705843,996.1748389955908,1001.7870916096505,2944072
2017-09-18,1001.807373046875,1009.7847518513652,997.878775787753,1004.1724980154594,726600
2017-09-19,1001.4862670898438,1004.1921741459256,998.780360033762,1004.1921741459256,782754
2017-09-20,999.6021728515625,1007.8000494635526,991.8853268085342,1007.8000494635526,1334642
2017-09-21,1012.1698608398438,1018.6239913933392,994.1706015960178,998.6002926005027,2438740
2017-09-22,1003.631103515625,1012.9714165760477,998.9809124477583,1010.1652904174865,2435396
2017-09-25,1006.4971923828125,1015.8175387824542,999.2814403314769,1000.8047853385168,1599558
2017-09-26,992.025634765625,1012.7709234428231,988.5581039221339,1006.1966102370462,1449230
2017-09-27,1000.183349609375,1007.0783815838054,991.6647539463694,998.1789741592561,2010356
2017-09-28,992.7471313476562,1007.8000110710868,982.9457546325795,1000.0631019928621,4332866
2017-09-29,976.5115966796875,995.7736631597958,970.7189715545271,993.7692878313743,1985014
2017-10-03,981.5226440429688,983.8678025857129,972.9439558322314,978.135268935594,1923006
2017-10-04,979.0574340820312,983.7476539338948,972.1222741604298,981.9838423576102,1300778
2017-10-05,973.9663696289062,979.5184321109246,971.8817404116278,978.5363075008124,1684686
2017-10-06,980.80126953125,984.1486166012638,973.3450495286478,974.126736595141,1389188
2017-10-09,983.7877197265625,989.3397816908224,978.5562795782155,978.5562795782155,1773616
2017-10-10,985.852294921875,990.1416398109042,982.6452934542019,984.1485753921736,1222010
2017-10-11,1002.3283081054688,1007.9805894928228,984.8501108890122,986.1529552404477,1527746
2017-10-12,1021.5096435546875,1024.2356130969827,1004.993613320601,1007.3988632926487,5006356
2017-10-13,1025.67919921875,1045.8632043245084,1011.4080047129654,1021.510038931598,4066320
2017-10-16,1036.0218505859375,1038.266790903428,1024.2562219283493,1024.2562219283493,1218590
2017-10-17,1040.0906982421875,1048.2685126121075,1033.2758203106157,1036.262320771351,1443016
2017-10-18,1036.90380859375,1047.7474042186016,1034.2579931841483,1040.2711210514979,1514144
2017-10-19,1035.821533203125,1040.5920074639919,1030.6502815568233,1039.0686619195978,86822
2017-10-23,1037.4249267578125,1053.9009371947534,1021.209543931825,1035.8615525717926,1886088
2017-10-24,1033.6160888671875,1050.6532768289635,1029.8679662375223,1050.292528467135,1339020
2017-10-25,1028.9940185546875,1050.7404457648051,1027.024421931552,1036.4706348142886,1105106
2017-10-26,1020.5327758789062,1032.7122833712426,1012.111498467842,1019.0254013737793,3007552
2017-10-27,1038.8018798828125,1042.3592239585855,1017.0956923450656,1020.1908142741065,1409270
2017-10-30,1051.624267578125,1053.1517592225798,1037.7564295272932,1039.484904331905,1137252
2017-10-31,1054.7593994140625,1061.1908591665874,1045.6347855174256,1045.6347855174256,1592634
2017-11-01,1046.258056640625,1055.9052481488818,1036.6108651323682,1054.7596049027536,741882
2017-11-02,1055.6241455078125,1074.8582792508118,1047.8260356907456,1048.5294769729778,1468422
2017-11-03,1053.1925048828125,1059.865090147951,1046.2384645481754,1058.1366145067102,666886
2017-11-06,1071.4617919921875,1073.974082542836,1049.8359753049365,1053.1521988317922,1377000
2017-11-07,1089.3492431640625,1112.6431802918191,1071.6627186218516,1073.250466538713,2696892
2017-11-08,1099.3778076171875,1109.0249986163876,1092.6448722323291,1094.5542121175874,1402252
2017-11-09,1099.940673828125,1105.4074554075758,1093.0671081690161,1105.4074554075758,1152432
2017-11-10,1088.82666015625,1095.7605816653206,1082.6364158606607,1094.233089473735,1356566
2017-11-13,1109.00537109375,1116.4216328267096,1086.1335182400492,1086.1335182400492,1496996
2017-11-14,1091.177978515625,1108.0404485929218,1088.3239779523378,1108.0404485929218,1657252
2017-11-15,1087.4395751953125,1107.4172829593674,1085.8518277562634,1087.7209320101808,6670834
2017-11-16,1104.06103515625,1110.6332254189629,1080.0636593591548,1089.3290050254757,1653482
2017-11-17,1088.2435302734375,1104.643777150863,1086.7562743902695,1104.643777150863,1325464
2017-11-20,1086.6959228515625,1096.122014249518,1083.4199363126763,1091.338653879307,1014498
2017-11-21,1074.436279296875,1085.7114586483526,1071.6426318980039,1085.7114586483526,1527740
2017-11-22,1077.5313720703125,1089.208517580851,1074.2151487127574,1074.4563678478446,1822624
2017-11-23,1077.7723388671875,1082.4954437554634,1072.8482507921767,1077.67184727382,793470
2017-11-24,1080.5057373046875,1086.474879110199,1074.4963596070222,1078.0738211011137,2287512
2017-11-27,1079.6220703125,1083.6617562772615,1070.115501002122,1080.4862592787251,1856786
2017-11-28,1079.400390625,1086.2739571645943,1073.2502850943845,1079.6817474769725,911716
2017-11-29,1068.487060546875,1082.49563033132,1065.2110732929812,1076.265150468663,1447532
2017-11-30,1059.985595703125,1072.0244720149185,1054.3580650471358,1066.6782982644593,4299962
2017-12-01,1057.1514892578125,1072.4463300463458,1053.7548928847434,1059.1814391574667,1031144
2017-12-04,1058.1162109375,1068.6275922347638,1046.2983408043622,1053.9558197628553,1259104
2017-12-05,1059.402587890625,1065.8943061354585,1056.4279775849689,1057.5736211040949,1167914
2017-12-06,1058.498291015625,1063.201278936013,1050.2780965959212,1059.5835808224313,1407518
2017-12-07,1052.0465087890625,1063.5829242758475,1051.1420844334316,1058.0961224395483,1326300
2017-12-08,1045.7154541015625,1063.2009902358766,1043.9066055359438,1052.3478988421643,1385548
2017-12-11,1069.6727294921875,1074.31536248298,1048.4690038110646,1048.4690038110646,1008002
2017-12-12,1049.996337890625,1070.0343992344967,1048.0869977717805,1069.6324328936873,1882246
2017-12-13,1056.528564453125,1065.7939106347458,1045.5147231181043,1049.6951348902614,2961458
2017-12-14,1028.1492919921875,1057.9751680602446,1017.4168127641234,1057.9751680602446,5504150
2017-12-15,1023.2457885742188,1038.86212557593,1019.7285822941484,1030.5414400606305,2718138
2017-12-18,1037.274169921875,1040.670765964381,1002.644807998812,1019.7886336337132,2180664
2017-12-19,1035.1842041015625,1044.2284491024056,1030.9233205355185,1035.465560985432,1801952
2017-12-20,1040.6708984375,1042.1983903947244,1025.275565589863,1037.877251566552,1577570
2017-12-21,1043.3843994140625,1048.3286068728264,1037.093663094385,1039.887310575154,1293648
2017-12-22,1063.9046630859375,1070.7983481997503,1041.1734415327196,1046.7205979695027,3665664
2017-12-26,1064.9898681640625,1081.1891338529601,1057.814826743127,1079.681759839781,2175786
2017-12-27,1053.111572265625,1068.627512205168,1049.3331279336435,1064.989697210045,739284
2017-12-28,1055.94580078125,1066.6180302076573,1047.3838953264237,1048.6501485911797,2605088
2017-12-29,1085.7916259765625,1088.886747646183,1052.5691420898395,1054.3981088470834,2609542
2018-01-01,1063.4423828125,1083.2191107294777,1059.181499574858,1078.1945305607164,1351760
2018-01-02,1057.6539306640625,1073.0894987018266,1053.2323004370921,1069.2305821583045,1920290
2018-01-03,1060.6488037109375,1072.8485255243613,1057.6541730889912,1057.9757658973845,1257120
2018-01-04,1068.0645751953125,1070.0341705898902,1061.1909129817093,1065.2105755308824,913082
2018-01-05,1080.9678955078125,1085.1081685657955,1065.2108341171913,1065.2108341171913,1153706
2018-01-08,1091.09765625,1096.1022168947281,1078.0137272477698,1085.309378817508,1242220
2018-01-09,1088.9267578125,1093.750353638912,1075.882970392506,1091.3385557257059,2149396
2018-01-10,1128.1591796875,1131.9376254041247,1083.1589530377987,1089.7311443432466,3365850
2018-01-11,1121.6875,1134.309208640102,1118.3511584770122,1129.525846622469,2520744
2018-01-12,1115.99951171875,1127.5158104209224,1101.6090942258616,1127.5158104209224,3360314
2018-01-15,1103.840087890625,1128.72177144683,1099.3983390701637,1116.3210674312068,1457214
2018-01-16,1145.9459228515625,1150.2870813570232,1105.6286742838822,1107.8193714833894,4267752
2018-01-17,1161.260986328125,1175.7518968550949,1150.4882655604404,1153.6437415296143,4280806
2018-01-18,1173.0181884765625,1178.9673101118913,1152.859615183489,1164.496521443624,2209478
2018-01-19,1189.539306640625,1198.6639252099592,1167.169815351735,1177.982771479731,1820000
2018-01-22,1255.6583251953125,1263.0317719231327,1177.3308115756693,1193.0446725104573,4367110
2018-01-23,1249.856201171875,1266.1140412020345,1245.0413331590223,1255.0739886564143,3239610
2018-01-24,1279.108154296875,1313.1346829464733,1242.0596313348044,1245.0211287070022,5621538
2018-01-25,1257.531982421875,1281.2035041249715,1241.3950360381298,1279.269470763084,3833844
2018-01-29,1288.879150390625,1299.4154565277288,1257.914745823122,1261.7021499767097,3141060
2018-01-30,1270.3443603515625,1290.8730823417052,1266.657589137334,1281.2835817728783,1574758
2018-01-31,1254.026611328125,1269.1964919557968,1248.4864679108578,1263.9585381794711,3043214
2018-02-01,1264.603271484375,1285.3132959014465,1244.5378592914815,1258.720607020727,2400630
2018-02-02,1270.666748046875,1285.312907833263,1250.4402134970912,1257.1085493541632,2456490
2018-02-05,1250.340087890625,1284.5076897768156,1239.7232154109158,1253.0799608550492,2757742
2018-02-06,1207.650390625,1239.8436171747803,1202.7146270800317,1212.7876139064977,2657306
2018-02-07,1190.647216796875,1221.248931314202,1187.5849894327778,1219.6372534107852,2180324
2018-02-08,1198.3629150390625,1219.878871012135,1192.2385595505882,1200.5991374859293,2755004
2018-02-09,1197.3560791015625,1206.3412052809697,1167.1169453808825,1188.6127440143155,2102458
2018-02-12,1195.5831298828125,1218.1667890023139,1190.8488254495041,1200.0152446714415,1974562
2018-02-14,1173.220947265625,1198.4638130329413,1165.4445817224214,1196.6708410425554,2847532
2018-02-15,1178.8819580078125,1185.7919874966226,1170.52137909495,1181.3397077270552,2465236
2018-02-16,1181.7830810546875,1208.5973939505293,1177.7337203308236,1177.7337203308236,2515756
2018-02-19,1177.975341796875,1189.9420297721172,1166.5323704107293,1186.5977786677752,1568224
2018-02-20,1186.497314453125,1202.734991575767,1179.7080808620176,1179.7484121635962,1889068
2018-02-21,1225.8018798828125,1233.981164508211,1192.6617546478944,1198.2824613817174,3089228
2018-02-22,1228.98486328125,1240.588962893778,1217.8240144028725,1229.7101379512214,3463010
2018-02-23,1239.299560546875,1244.618077169169,1205.575225070445,1228.9042199307107,3362500
2018-02-26,1221.5311279296875,1245.0011907155513,1217.30047283524,1238.977563373929,1363882
2018-02-27,1225.8223876953125,1240.4080563907553,1221.6521308167114,1225.2784069306133,1717800
2018-02-28,1222.8809814453125,1234.5253169169612,1217.4012363004017,1222.8608157943106,2706864
2018-03-01,1223.9486083984375,1233.4172171352113,1216.8169525556084,1228.501618656308,1718124
2018-03-05,1251.4075927734375,1254.5502862393757,1222.0347016304665,1228.5015794051078,2858168
2018-03-06,1226.0035400390625,1259.929344085106,1220.9065490692387,1257.9147464770392,1906764
2018-03-07,1219.8189697265625,1244.6186917233144,1216.2128588432583,1236.9632190322354,1917772
2018-03-08,1210.349609375,1230.878331391323,1203.7216054805444,1230.878331391323,1951826
2018-03-09,1222.497802734375,1234.2226983666,1199.5716296308094,1210.7728087331548,1872436
2018-03-12,1229.770751953125,1242.5634464877312,1223.0621814109325,1226.0840777576898,2091340
2018-03-13,1163.1475830078125,1184.461976977516,1157.184357037306,1178.4987510070096,88067154
2018-03-14,1163.1881103515625,1177.7537073589108,1158.4135739335895,1165.625792675847,3668668
2018-03-15,1156.2584228515625,1169.494371819337,1150.5773151867152,1166.452308990819,2348906
2018-03-16,1138.52978515625,1157.18498052586,1130.189369907743,1155.8956576029807,7197482
2018-03-19,1140.6651611328125,1147.5147929728894,1136.2330464127629,1139.8593220928035,3489940
2018-03-20,1154.3038330078125,1157.668151415266,1135.8299367604347,1136.2328562129926,4024984
2018-03-21,1151.0400390625,1162.140488622069,1148.3203330106328,1157.3860198501902,3907678
2018-03-22,1140.80615234375,1158.7763028123807,1137.2604411113734,1152.3295908877024,2326094
2018-03-23,1135.4874267578125,1141.9140707828917,1127.388804705208,1128.980316884259,3654122
2018-03-26,1135.0240478515625,1139.214370625955,1120.7405735614518,1135.8298867211765,2964210
2018-03-27,1147.3936767578125,1153.5583639019944,1137.4617518475784,1138.2474250866692,2494574
2018-03-28,1147.9776611328125,1158.3931659902667,1138.247197886088,1142.638979585205,6865654
2018-04-02,1172.3546142578125,1174.1073533264093,1144.2913120957455,1144.2913120957455,1662988
2018-04-03,1172.9990234375,1180.5134303886114,1165.2831568000959,1165.2831568000959,1937290
2018-04-04,1172.858154296875,1182.1656326747377,1165.2430162560809,1180.3323295555824,2841820
2018-04-05,1191.815673828125,1194.1526265205089,1176.665960177355,1179.1640413165176,1809424
2018-04-06,1188.7330322265625,1192.641330426121,1179.1636972273664,1190.2238142157978,1129018
2018-04-09,1178.0963134765625,1194.0519653867882,1174.5103691926734,1184.4624613950473,1235866
2018-04-10,1183.616455078125,1191.5337845244635,1178.821653631875,1178.821653631875,1184532
2018-04-11,1214.45947265625,1218.8311875028248,1186.8394264247286,1188.8540234288655,3124416
2018-04-12,1264.864990234375,1269.196374687674,1211.9616423077175,1212.7876469237776,6114360
2018-04-13,1270.52587890625,1305.7813296032466,1261.9840065254639,1269.1962250918768,8179118
2018-04-16,1284.3662109375,1289.3221400990149,1253.3817430001377,1255.4970702205028,6270274
2018-04-17,1275.8853759765625,1287.308088790358,1268.0686759109187,1284.3667557339315,3301724
2018-04-18,1272.863037109375,1286.7032629707203,1267.5243537120962,1275.6431423233691,2433066
2018-04-19,1285.776611328125,1296.2726846973385,1275.5424946733021,1281.243766642008,4820952
2018-04-20,1370.9134521484375,1378.9316093312516,1305.4591981378308,1309.4883931938118,18465662
2018-04-23,1373.411376953125,1433.5471063131013,1365.715674294292,1379.5962300070978,15185910
2018-04-24,1364.14453125,1387.3124053094457,1346.7585920643064,1373.9556616123514,8314336
2018-04-25,1398.231689453125,1403.3689141604307,1355.8445687968504,1363.8827948415324,8196574
2018-04-26,1426.0328369140625,1434.3934165187716,1396.9219031097139,1396.9219031097139,12135034
2018-04-27,1390.85791015625,1427.9466687865433,1377.9846521585719,1420.2911984967736,4501330
2018-04-30,1423.152099609375,1429.9614002630176,1385.0762043360994,1390.8580405228486,3458558
2018-05-02,1410.117431640625,1423.1921489213873,1398.6543922587305,1422.507205488171,3158046
2018-05-03,1402.9051513671875,1420.6940060545555,1398.2916448871472,1414.166730521867,3761550
2018-05-04,1402.4620361328125,1409.0094779448239,1398.130651549482,1406.994880464205,2347244
2018-05-07,1378.3673095703125,1406.1889180087283,1374.3179493159985,1406.1889180087283,3484426
2018-05-08,1386.52685546875,1404.7791323330605,1368.5969339460707,1383.9078781676844,2992820
2018-05-09,1405.9071044921875,1408.1029962081343,1386.1237166607611,1386.1237166607611,2615050
2018-05-10,1390.575927734375,1414.710766495073,1386.1236475748153,1411.406846260895,3858678
2018-05-11,1392.8729248046875,1404.174839528359,1387.0507561194765,1391.7648958782304,2627876
2018-05-14,1383.444091796875,1398.5334054664092,1374.2776743453162,1392.8925331885268,2433894
2018-05-15,1403.126708984375,1408.5258888499256,1383.504550664906,1390.072157634197,1952890
2018-05-16,1407.760498046875,1413.8446222608684,1400.2460882052103,1402.139790311008,1648450
2018-05-17,1406.9144287109375,1423.5750921861388,1400.5482804894532,1415.4361373875943,2968048
2018-05-18,1411.0445556640625,1417.3502078366269,1393.2959282289803,1402.4825144625397,1874996
2018-05-21,1433.083984375,1447.286897272791,1417.4910188248464,1421.7820723101872,3446178
2018-05-22,1413.80419921875,1440.4170519619795,1407.6798424708238,1433.5875860865515,1857416
2018-05-23,1408.244140625,1428.3497865664333,1402.562935694712,1420.2913956690204,1507298
2018-05-24,1452.0009765625,1456.5539865677601,1411.165144425227,1414.247439240066,2962316
2018-05-25,1444.7889404296875,1480.6487803391285,1439.4502563982257,1460.583367098017,3769772
2018-05-28,1411.0445556640625,1457.1586826026914,1404.5776766356926,1457.1586826026914,3716798
2018-05-29,1419.6866455078125,1427.9464940200617,1405.3830054012344,1422.2652905737912,3525312
2018-05-30,1415.8994140625,1423.5145530484958,1403.1671188767016,1413.8646509715174,3779106
2018-05-31,1414.6806640625,1429.306465296798,1402.533064080365,1408.9521855707083,5049371
2018-06-01,1407.6927490234375,1428.0470294308927,1394.5702340489902,1425.2031235401341,1603856
2018-06-04,1417.2806396484375,1421.1402257389234,1391.563588281689,1417.8900479785143,1681483
2018-06-05,1398.87646484375,1423.4966006420527,1390.3854152617314,1417.0774798351058,2449568
2018-06-06,1402.248291015625,1409.6830910141011,1393.6759091877996,1400.0137942459346,2236512
2018-06-07,1410.2115478515625,1421.140230935882,1400.6641506454469,1401.6391643021136,2414762
2018-06-08,1419.596435546875,1427.8844487225779,1409.7646672153344,1409.7646672153344,2582138
2018-06-11,1421.708984375,1432.515865234148,1416.2649762354622,1419.5963886426819,2179378
2018-06-12,1447.1416015625,1450.3917792190132,1424.3903579669077,1427.6405356234209,4608875
2018-06-13,1482.1627197265625,1488.2974716891395,1460.9553235766757,1475.5811277059195,5370983
2018-06-14,1452.463623046875,1488.8249809702286,1449.5790510673255,1486.9560893795997,3819998
2018-06-15,1495.1220703125,1500.8504476989765,1453.3166096009395,1462.5796337857553,9183574
2018-06-18,1486.1434326171875,1517.791991466199,1480.5775243445635,1517.791991466199,4674987
2018-06-19,1482.4873046875,1494.269198860133,1479.6433991975541,1480.577845124618,3245034
2018-06-20,1480.821533203125,1492.0753527295012,1477.6932570349393,1488.5813720611059,3107695
2018-06-21,1478.302490234375,1488.5811957301726,1476.8805376729517,1488.5811957301726,2910659
2018-06-22,1470.54296875,1484.5186934578328,1462.214388231148,1484.5186934578328,2949458
2018-06-25,1478.2216796875,1480.740547967085,1467.4554643482893,1472.2494970538287,2083217
2018-06-26,1504.8321533203125,1512.1450525535106,1479.6432781837414,1481.26836690223,4679712
2018-06-27,1509.7076416015625,1531.7682440383649,1504.2229663696946,1511.3327305591529,4081208
2018-06-28,1497.2757568359375,1520.27080657297,1483.9501059733768,1515.3955394220145,4888125
2018-06-29,1501.37890625,1517.3454234533938,1496.9505789711227,1499.06317456116,3506276
2018-07-02,1504.3045654296875,1509.5455381001884,1495.9759825042606,1504.8327393063773,2650290
2018-07-03,1522.7489013671875,1527.5022663598043,1508.9356463052804,1511.2919457599182,3242233
2018-07-04,1516.330078125,1527.5025660286801,1509.017176951682,1527.5025660286801,2700614
2018-07-05,1527.827392578125,1533.6776730333488,1513.0390238474681,1521.8957783266026,2472571
2018-07-06,1554.356689453125,1560.8977112079049,1528.9241105685626,1529.8991241228264,3713781
2018-07-09,1530.0213623046875,1563.6607259549537,1524.739822817178,1563.3356883028246,6151747
2018-07-10,1523.6024169921875,1542.9410188753923,1520.0678676866123,1542.2097088703408,5303302
2018-07-11,1608.757080078125,1623.4641175618665,1539.0813803379199,1543.8347464302033,22903802
2018-07-12,1601.8095703125,1617.6948548640974,1592.9934823796377,1612.088278011324,6921701
2018-07-13,1609.7318115234375,1623.382598140494,1603.9627656890175,1604.7753101498529,4148185
2018-07-16,1616.3134765625,1621.8388188267136,1606.7660787061805,1616.9635518362525,2582159
2018-07-17,1630.1138916015625,1635.691016304311,1612.8939289690593,1619.407382493417,3315492
2018-07-18,1628.5667724609375,1637.8891121808804,1622.7047045984918,1632.4341351251992,2013869
2018-07-19,1613.2193603515625,1636.8712750003253,1603.9376707045237,1630.072878862382,1746318
2018-07-20,1625.5953369140625,1628.3635748688246,1615.336666269874,1616.06944975605,1934995
2018-07-23,1632.96337890625,1636.4643002245334,1616.9646902655675,1629.1774145122863,2086201
2018-07-24,1627.5491943359375,1640.5761013441293,1615.4586161464424,1640.5761013441293,2038423
2018-07-25,1613.30078125,1629.991503438052,1602.6350225585295,1629.910105158517,1535492
2018-07-26,1599.6224365234375,1616.1503615883419,1591.8063135942425,1607.9677973326468,3503036
2018-07-27,1582.56591796875,1599.582337941694,1579.757030435237,1596.4884072602754,2033977
2018-07-30,1583.2576904296875,1591.4809056000822,1572.6326790349274,1581.955019606516,1579251
2018-07-31,1579.6749267578125,1585.2114007836105,1569.7419520856708,1581.1404932315213,2204803
2018-08-01,1609.230224609375,1613.3418821909443,1587.4916116969662,1587.6136594492061,2425180
2018-08-02,1586.351806640625,1616.150840035328,1583.5835686996033,1612.0799311183623,1509287
2018-08-03,1611.6318359375,1613.748787748723,1592.9464067252545,1592.9464067252545,1505131
2018-08-06,1608.45654296875,1627.5083134121062,1605.7697038614021,1625.9206990042946,1532249
2018-08-07,1601.7803955078125,1611.3877796100214,1596.2032705735496,1610.6142473394457,1353521
2018-08-08,1607.1942138671875,1610.6952339259053,1597.4240362752896,1605.5658509352045,1315062
2018-08-09,1607.479248046875,1612.7307784307534,1600.680852300392,1612.0793934663154,2060297
2018-08-10,1622.7454833984375,1625.5137209825768,1605.6070186999639,1612.8531561280483,2784105
2018-08-13,1628.485595703125,1631.8237208952037,1620.2216313241638,1626.5722885285422,3559575
2018-08-14,1631.253662109375,1648.3921259730055,1614.033700571942,1621.8498244266373,3311765
2018-08-16,1635.2841796875,1644.688019430219,1624.2927251563667,1628.6079285420794,2152065
2018-08-17,1638.7445068359375,1646.1942905875012,1631.620415699525,1639.6400869870286,1213731
2018-08-20,1636.464599609375,1647.9038931682044,1631.3759635756294,1647.9038931682044,1587032
2018-08-21,1642.7340087890625,1647.9040435937998,1631.6204067993947,1636.6276449911607,1376866
2018-08-23,1656.9410400390625,1659.3021866787462,1644.8912113678537,1646.9266654732005,3046791
2018-08-24,1663.3731689453125,1665.8157139804746,1653.6029888046646,1656.9411138085702,1570533
2018-08-27,1669.8052978515625,1676.4002496403184,1656.859887332709,1663.3733414352455,1532702
2018-08-28,1684.704345703125,1686.9840936928017,1670.7004634448017,1673.1430079820016,1987983
2018-08-29,1686.984619140625,1690.7299347741377,1665.4902006408854,1687.3917100236222,1525867
2018-08-30,1695.4520263671875,1697.568978464179,1681.6924340612768,1683.7278884719053,2408020
2018-08-31,1692.1949462890625,1703.267895482811,1688.612626783628,1695.3703737721007,2504554
2018-09-03,1671.4334716796875,1701.6396911619165,1667.7696541628318,1697.4059862307363,1439711
2018-09-04,1708.885498046875,1713.6485394076185,1674.730623333059,1677.0511201549152,4420803
2018-09-05,1692.88720703125,1715.6842933829996,1689.4676838334512,1709.7814763812073,1681106
2018-09-06,1689.671142578125,1694.719028827839,1677.4584183732643,1689.4268483390663,2238097
2018-09-07,1693.375732421875,1696.7545066560112,1681.6106489196945,1692.9278927731216,1312182
2018-09-10,1694.108642578125,1704.4079620006005,1688.8164613085069,1697.080326396514,1530539
2018-09-11,1666.0196533203125,1700.8259283011034,1662.7221769882108,1700.8259283011034,3679745
2018-09-12,1664.1466064453125,1684.460399623001,1660.9306285616408,1670.9858518278138,2307661
2018-09-14,1681.6103515625,1686.6176869361557,1643.1403759677191,1664.1869473767824,3642038
2018-09-17,1688.7349853515625,1691.7068679830236,1672.7771424289267,1685.35621062281,1033857
2018-09-18,1685.9666748046875,1692.5208769318247,1675.2602654706307,1687.7985835422517,1456507
2018-09-19,1691.7879638671875,1700.825459653877,1682.7914156926051,1686.902873987856,1301268
2018-09-21,1712.3463134765625,1726.8795376099513,1669.1946795806043,1691.0555396585896,4508530
2018-09-24,1789.9373779296875,1799.748305302331,1708.2749292076069,1721.993967751382,3032226
2018-09-25,1777.5216064453125,1800.8885835673805,1753.5847418373105,1795.189311158347,2868778
2018-09-26,1744.099609375,1790.3859280900033,1738.3597862243482,1780.6157456720498,1970951
2018-09-27,1782.1212158203125,1799.0967804497623,1738.928848458958,1743.8952362327173,3311802
2018-09-28,1777.9285888671875,1783.0579734773632,1757.69629231432,1773.2877928007752,2904371
2018-10-01,1836.427490234375,1853.036716654167,1783.3428855472928,1783.7905264422086,3772208
2018-10-03,1760.9530029296875,1835.9797685052342,1755.0501854921429,1832.1531541972408,3902322
2018-10-04,1681.1220703125,1755.904524907909,1674.2422761086184,1755.8639748510602,4762419
2018-10-05,1711.939208984375,1726.0653421196794,1645.3799490707202,1669.0726185591238,3417624
2018-10-08,1691.5032958984375,1727.8564306970902,1667.5662337293368,1711.9391380925622,2010154
2018-10-09,1703.105224609375,1716.0098845680918,1671.6777332362772,1693.7828844204707,1867130
2018-10-10,1663.8614501953125,1714.6256516229014,1651.9744190534818,1709.7813109967037,2749573
2018-10-11,1612.0389404296875,1638.9476840888424,1580.3266044791073,1616.1505975739453,4700256
2018-10-12,1561.8448486328125,1610.4514580411708,1549.387828439003,1610.4514580411708,9373289
2018-10-15,1587.2471923828125,1592.1730313241924,1563.228832713516,1579.5124663876154,2638151
2018-10-16,1597.6685791015625,1605.4847025139602,1575.4413818660116,1594.1675584980107,2815425
2018-10-17,1570.8819580078125,1619.4071602266151,1563.2286312896435,1603.9377102294782,2779207
2018-10-19,1557.6925048828125,1570.5566164573909,1522.5606414170443,1570.5566164573909,3428776
2018-10-22,1549.3875732421875,1559.9719339632322,1536.319918904706,1558.3435707753792,1778496
2018-10-23,1504.2276611328125,1548.5716177274178,1498.8019292756935,1540.412652407463,2752811
2018-10-24,1508.18505859375,1528.9904245629903,1477.6705019195113,1511.0815317340564,2735913
2018-10-25,1511.8564453125,1531.3563945588717,1489.052174494708,1504.5133756914463,2507233
2018-10-26,1467.8795166015625,1512.5906890072938,1461.3523439640396,1512.5906890072938,2285970
2018-10-29,1526.5428466796875,1532.2132893553683,1455.8453721025055,1475.7124384026326,2609483
2018-10-30,1545.9613037109375,1557.8733771273085,1505.3296030421457,1523.279332726117,2404883
2018-10-31,1581.330322265625,1586.0217286265831,1530.173535754157,1550.2038410122611,2769190
2018-11-01,1579.3719482421875,1586.3886395483983,1551.2643483459342,1585.8175517292075,2769759
2018-11-02,1561.1771240234375,1594.7512850454677,1554.2828384109148,1578.1069764628214,1818635
2018-11-05,1542.7381591796875,1572.5183868747004,1537.761209539051,1558.3625999308063,1713366
2018-11-06,1576.8834228515625,1580.7997666282356,1542.860572229158,1545.3082621903886,1398710
2018-11-07,1584.59375,1590.1826223140242,1580.39186219716,1582.839552226376,144530
2018-11-09,1557.710205078125,1600.7487633325577,1554.283478193262,1599.9737011742714,2570479
2018-11-12,1562.31982421875,1587.8165968794365,1557.138899933452,1557.138899933452,2552008
2018-11-13,1578.7191162109375,1582.02353734218,1552.6512591862652,1562.44201857157,1418432
2018-11-14,1534.416015625,1574.5989246131176,1525.7266966046648,1570.6010112106844,2422318
2018-11-15,1528.0523681640625,1549.3880903277957,1515.6099414249898,1520.83170109058,1829123
2018-11-16,1539.2706298828125,1550.0405256301558,1525.9307393154343,1541.2288018002168,1829729
2018-11-19,1552.202392578125,1556.200305697739,1521.0760180534683,1549.3875892452102,1740628
2018-11-20,1532.4576416015625,1551.8351839883783,1529.1532208505869,1551.8351839883783,1190182
2018-11-21,1478.40478515625,1526.5835239814212,1467.43101464156,1526.5426893086885,3840461
2018-11-22,1478.853515625,1507.450633504146,1476.7321046535349,1484.9319058404233,3194219
2018-11-26,1506.2271728515625,1517.5681591213422,1455.9679462107717,1484.1163878718933,4333177
2018-11-27,1542.2484130859375,1548.4900414486708,1497.4556737493592,1512.6721639261093,3344839
2018-11-28,1618.6573486328125,1622.8184015379172,1535.9254102036848,1541.228738313286,5313249
2018-11-29,1599.6064453125,1629.3458426110838,1584.920303516306,1629.3458426110838,4035441
2018-11-30,1605.8883056640625,1624.4499512649047,1599.0347550613262,1604.0525385167266,5268901
2018-12-03,1617.4334716796875,1623.6342660427108,1605.9293493120022,1618.7388863460997,1610576
2018-12-04,1640.6455078125,1647.6214629417996,1608.1320512019663,1617.9228095045657,3270615
2018-12-05,1637.300537109375,1646.4793740559207,1619.554785679387,1636.688614646272,2501539
2018-12-06,1625.8372802734375,1645.6636095077995,1615.1490536461604,1630.1615725317718,2321216
2018-12-07,1627.876953125,1634.9753137244668,1609.7640873683777,1619.5956818207603,1680420
2018-12-10,1612.0487060546875,1640.768229456595,1599.1574986250255,1611.3959488696046,2010786
2018-12-11,1631.79345703125,1639.9524243164062,1599.9734846191407,1607.3165551757813,2942014
2018-12-12,1645.5003662109375,1649.7429888559395,1619.5139788208407,1632.6907293386212,2219993
2018-12-13,1617.5966796875,1656.025392014432,1610.9879367364717,1651.37482094435,3748429
2018-12-14,1623.430419921875,1630.9366295432937,1611.5999180553756,1617.9231173288495,2473761
2018-12-17,1627.14306640625,1635.7915527706107,1619.555186148806,1630.9777416178654,1227921
2018-12-18,1621.880126953125,1633.4250844071225,1612.5381502001892,1625.1845482063384,1768742
2018-12-19,1606.0517578125,1619.391748024389,1599.1983054721945,1619.391748024389,2498833
2018-12-20,1594.3028564453125,1611.3142813335392,1587.7348487072811,1594.0988822869483,1940277
2018-12-21,1546.7769775390625,1590.9985380924657,1539.2299331917009,1589.366744720063,3729956
2018-12-24,1565.2977294921875,1581.942041140307,1554.2831246716796,1554.9358818330802,1864116
2018-12-26,1541.3919677734375,1567.9902792146397,1525.9307655285886,1567.9902792146397,2446614
2018-12-27,1557.505859375,1584.2264744771498,1527.4400879504062,1557.5466940459205,4968201
2018-12-28,1546.98095703125,1566.5216428942726,1544.4924322910717,1562.4421594492353,2239130
2018-12-31,1544.533447265625,1557.546961135723,1538.903739534936,1556.7310643514716,1879740
2019-01-01,1552.4881591796875,1558.3625751215475,1537.9651592168152,1546.9400222148975,1094883
2019-01-02,1569.2139892578125,1578.3111567784663,1550.2035584133057,1554.2830414617617,2100463
2019-01-03,1550.1629638671875,1586.8783169905673,1544.574091144427,1565.7058365281262,2611668
2019-01-04,1531.31591796875,1551.1829855031467,1502.0660370578378,1550.2039491634393,4280862
2019-01-07,1548.4906005859375,1557.383895877687,1534.7019243552556,1543.5136498840457,1856423
2019-01-08,1544.9410400390625,1555.4252913840435,1536.5780999254907,1554.6093947875975,1691756
2019-01-09,1539.55615234375,1565.705679958732,1523.0342450904075,1556.2412986860456,2414376
2019-01-10,1540.8616943359375,1554.283154704524,1527.4401343705897,1542.0447046674803,3053461
2019-01-11,1503.330322265625,1529.8061271338536,1497.1702630883315,1525.7266441281633,9209862
2019-01-14,1479.4248046875,1510.2249074736314,1476.7731402092236,1509.409010711085,3615370
2019-01-15,1523.931884765625,1525.1964648831615,1475.1412226297623,1476.773016017627,7711653
2019-01-16,1525.849365234375,1529.806444651853,1506.9613350783854,1525.726960799448,2359280
2019-01-17,1548.8658447265625,1551.8910930238521,1530.0599990260628,1535.5381837190698,2625816
2019-01-18,1554.0579833984375,1556.9605651192144,1533.9030012925396,1537.9912289079248,1683728
2019-01-21,1560.6400146484375,1579.6911958055955,1549.8062111575346,1555.1618294110988,2409803
2019-01-22,1555.0799560546875,1568.448439670701,1545.3499548951518,1559.3316726202504,2457093
2019-01-23,1533.5758056640625,1558.5139922078865,1528.9970110475717,1554.3440203216223,2578169
2019-01-24,1554.7940673828125,1557.8193162502732,1533.0855362651948,1541.0985032588433,1962927
2019-01-25,1570.5335693359375,1582.144095903743,1554.3441479653827,1555.1617934929814,2327080
2019-01-28,1598.496826171875,1604.2203442195494,1574.376285828105,1580.5086265934704,2769033
2019-01-29,1621.1871337890625,1626.338342011178,1583.4936841418998,1604.220984236107,2557626
2019-01-30,1620.0826416015625,1626.70554948613,1598.2106267994745,1618.6108399337782,2429575
2019-01-31,1646.81982421875,1651.4395413753878,1623.026359514863,1624.6616505571953,4094319
2019-02-01,1659.7796630859375,1663.7044019309233,1633.737670416707,1643.0588503158572,3064163
2019-02-04,1676.3778076171875,1680.6295246005916,1654.0969661307502,1659.779562842641,1590764
2019-02-05,1671.7169189453125,1680.26127333086,1658.1848478418412,1676.1730463884492,1111404
2019-02-06,1696.4505615234375,1706.303227621264,1668.8550317837141,1676.0910731431993,1789812
2019-02-07,1703.0736083984375,1715.379212203712,1690.0731257409254,1696.4098779056533,1339945
2019-02-08,1685.4945068359375,1708.4704273195432,1676.9910727123156,1696.6145664934445,1684474
2019-02-11,1689.1739501953125,1713.7851623850174,1675.2739751187164,1684.3499210463433,1778730
2019-02-12,1677.4815673828125,1692.5261645528678,1650.0085990665157,1692.5261645528678,2422903
2019-02-14,1671.7576904296875,1696.6141294448032,1662.3139463663827,1684.3903711832547,1724085
2019-02-15,1659.5748291015625,1677.808361452748,1644.243977845598,1675.3554252517936,1930065
2019-02-18,1611.007080078125,1669.5913043597725,1604.7520716081435,1666.034566150645,2942184
2019-02-19,1557.451416015625,1611.5795161047831,1546.9855121614662,1610.7618704852475,4408554
2019-02-20,1565.586669921875,1581.1628561115465,1538.2364687654708,1565.7910812901898,4645778
2019-02-21,1565.13671875,1586.2320091044483,1551.1141805795507,1565.586463625125,4683919
2019-02-22,1574.4991455078125,1578.0558836254372,1557.696489828013,1567.5899808462063,2271955
2019-02-25,1623.1490478515625,1627.1146087198103,1578.46469956462,1580.0999906286602,2934880
2019-02-26,1666.933837890625,1672.2077112421669,1612.6013344386542,1622.2086690461606,6453309
2019-02-27,1682.7960205078125,1696.573225258215,1653.278942720847,1667.996559421626,4732082
2019-02-28,1621.7587890625,1693.629942169586,1616.9755832565304,1684.3495866860178,8454295
2019-03-01,1631.5299072265625,1639.3792843366489,1619.224302100835,1631.2437512536899,4148548
2019-03-05,1625.56103515625,1641.0145554159376,1616.1581116947236,1639.3792643791505,2449622
2019-03-06,1634.9642333984375,1647.5559964599854,1623.067548992538,1626.5425430297364,2635047
2019-03-07,1646.165283203125,1654.9549699687584,1635.4540501800884,1639.3787874506897,2539884
2019-03-08,1653.8514404296875,1662.273228634617,1643.50830515627,1655.7320649213475,2031071
2019-03-11,1647.39208984375,1662.273197084902,1638.2753231293682,1658.9208707075254,3111689
2019-03-12,1645.4705810546875,1655.5685824259406,1637.7438713113377,1646.7788936508048,2658550
2019-03-13,1635.6998291015625,1648.2915898125057,1617.793372619982,1645.9203978912499,1833163
2019-03-14,1624.9886474609375,1641.668635220599,1619.7556964251285,1639.3382657536233,1905495
2019-03-15,1667.9554443359375,1691.6671573894637,1627.9317479162266,1634.391165572161,5184318
2019-03-18,1653.93310546875,1688.1107220883946,1644.284850113857,1670.4495021295922,2349915
2019-03-19,1653.93310546875,1659.8201122481996,1631.2842686814934,1659.8201122481996,2373993
2019-03-20,1647.596435546875,1671.9213866745283,1635.290832111146,1658.1849037607021,3091165
2019-03-22,1639.9105224609375,1648.3731324197968,1621.6361676662461,1647.5554870168107,3148149
2019-03-25,1622.412841796875,1641.6684303788043,1616.6484019561065,1641.6684303788043,2429205
2019-03-26,1621.104736328125,1631.1617152593772,1600.9906786553872,1622.2085376996945,2316539
2019-03-27,1609.0443115234375,1633.6554167079948,1603.4025386208098,1630.3848352931639,2266166
2019-03-28,1635.536376953125,1647.228648027092,1613.0511251067528,1618.9381329387961,4054489
2019-04-01,1661.1695556640625,1667.9559536551715,1642.0366303613166,1643.467510034232,2095740
2019-04-02,1700.13037109375,1705.6085561582718,1665.543925644487,1665.625670234507,3719663
2019-04-03,1700.13037109375,1708.5521598809494,1682.7963259792305,1704.7909106375823,2939886
2019-04-04,1647.1466064453125,1700.4570449229268,1641.341344250117,1699.1896546687344,4397518
2019-04-05,1674.7833251953125,1679.7708429957183,1650.6627828355502,1658.7165710851511,3152103
2019-04-08,1693.13916015625,1696.6141529997435,1662.0277137157063,1683.5318270007092,2194294
2019-04-09,1710.1053466796875,1715.4200417566265,1682.4279701615988,1692.525970655966,2690970
2019-04-10,1668.201416015625,1705.1998789857057,1664.7264222560043,1703.155765009458,3313062
2019-04-11,1651.235107421875,1680.2615230264685,1646.4519011504906,1672.085067926583,3422442
2019-04-12,1647.1466064453125,1667.1789181146648,1641.014266138368,1666.3612727404056,3198471
2019-04-15,1727.93017578125,1733.2448712258492,1668.814369604152,1692.5260877415947,9189201
2019-04-16,1743.056640625,1762.8026987385922,1729.7699018308404,1733.4083842226846,5771952
2019-04-18,1757.9786376953125,1762.0259427441108,1728.6659684979934,1757.8558711056694,3413728
2019-04-22,1767.2998046875,1779.1965864927865,1754.3402434414472,1756.3025127695337,2007135
2019-04-23,1762.0667724609375,1770.6111270311774,1744.896218931658,1768.567013515787,2163524
2019-04-24,1785.2879638671875,1794.731808982054,1762.9254800059155,1764.4789265527436,3003071
2019-04-25,1794.7315673828125,1802.908020992757,1772.696064828102,1778.3786601629236,4211526
2019-04-26,1830.340087890625,1834.755293052392,1793.2188682199012,1801.2727549843762,2716958
2019-04-30,1848.164794921875,1853.5611346003466,1823.4310224393041,1830.340085902907,3488395
2019-05-02,1811.411376953125,1847.387771328523,1807.8956617446092,1843.7902117391598,2457699
2019-05-03,1743.2203369140625,1787.414119432067,1737.4968179842322,1786.5555516684929,3780886
2019-05-06,1764.3568115234375,1770.202898290829,1724.0059173423617,1725.2323858631173,2891422
2019-05-07,1759.5323486328125,1786.0241849362797,1748.780389209876,1766.1553576138047,2201698
2019-05-08,1760.2684326171875,1772.6556837694943,1741.9121289629263,1758.755708389383,1824895
2019-05-09,1776.3758544921875,1785.8197003854289,1746.5727145396402,1753.849679983683,2264162
2019-05-10,1746.327392578125,1792.2790322210064,1738.1918593404541,1778.3790579747667,2039633
2019-05-13,1740.562744140625,1771.8376824675206,1734.757381622608,1744.0377372880578,1701744
2019-05-14,1710.80078125,1765.9509347971411,1694.4478699167928,1745.6732848198644,2456110
2019-05-15,1713.294189453125,1736.6789290808388,1704.3819339307947,1714.6025020162517,2346876
2019-05-16,1724.2098388671875,1736.6789319520597,1698.2905180837108,1713.784859402786,1946529
2019-05-17,1713.3348388671875,1745.6727510651042,1708.8787118154885,1727.3575758201375,1947908
2019-05-20,1752.990966796875,1759.0823856288475,1676.173214756869,1737.4966250528519,2625116
2019-05-21,1725.0277099609375,1756.874964409621,1719.140701888014,1756.3435746469775,1863157
2019-05-22,1702.1331787109375,1735.0024813035677,1696.614072691339,1725.2316594596268,2595795
2019-05-23,1679.48486328125,1729.6065748646527,1676.1733589163653,1715.4203448812364,2541294
2019-05-24,1674.53759765625,1692.525794506073,1661.6596840023994,1692.525794506073,2274208
2019-05-27,1680.3843994140625,1691.6679494536424,1668.0788921090666,1680.0983432051864,2329820
2019-05-28,1695.592529296875,1715.0116119108839,1672.0852187641276,1684.3499025203437,5872979
2019-05-29,1723.2286376953125,1736.4335313253391,1698.3313746837057,1700.7024665436822,3281320
2019-05-30,1754.91259765625,1763.2934641319314,1728.829586120619,1735.8614173532874,4971725
2019-05-31,1795.9991455078125,1802.867287410508,1759.777412302273,1766.1141645129096,4265370
2019-06-03,1833.40673828125,1837.7810223961217,1787.086996040084,1799.637935639337,3682419
2019-06-04,1799.447021484375,1833.159267446196,1792.7704166796207,1833.159267446196,2408658
2019-06-06,1785.4345703125,1812.5527183002105,1773.81239189725,1812.5527183002105,3735467
2019-06-07,1798.33447265625,1804.9698251550162,1765.6525493276288,1791.9464391221209,2659446
2019-06-10,1839.3411865234375,1842.9268077578267,1801.4251235254192,1810.656820356018,2080593
2019-06-11,1856.8983154296875,1866.0887604006405,1838.9293554386365,1843.8749296800672,3048937
2019-06-12,1863.5740966796875,1868.5196692671723,1829.0375952714314,1850.4684098171986,2404448
2019-06-13,1857.9698486328125,1883.4394748220311,1848.8617093935995,1866.1299654254171,3320916
2019-06-14,1858.299072265625,1865.3878074601262,1841.40169768969,1860.5657932453234,2131408
2019-06-17,1853.930908203125,1864.4815069334009,1847.5428747465673,1859.5359326444527,1489497
2019-06-18,1855.2911376953125,1862.8330582998046,1839.0942604955214,1849.6448596569742,1877447
2019-06-19,1862.7503662109375,1876.0210702691609,1848.9439721305296,1858.7115612728285,1652817
2019-06-20,1877.628173828125,1882.6150007454064,1823.2681180599118,1838.1048387312856,2199377
2019-06-21,1854.4666748046875,1889.6213825172379,1847.9961350506642,1883.4394150717071,3871804
2019-06-24,1875.609130859375,1879.3183117378048,1855.2498893960703,1858.011047752892,1382424
2019-06-25,1869.262451171875,1874.7437160486243,1855.0026703351275,1871.0757883406975,1386077
2019-06-26,1858.052001953125,1868.4377872348741,1854.5901406045118,1866.9540748752086,1762224
2019-06-27,1856.6917724609375,1866.1295339645985,1847.4188231424296,1858.7111745097923,2813464
2019-06-28,1835.796630859375,1864.4397407376762,1831.9226389791256,1862.8324697830478,2372928
2019-07-01,1845.9764404296875,1858.711251104713,1818.8170413314547,1842.2260071924761,2769940
2019-07-02,1856.3209228515625,1860.3597270104447,1826.935855602314,1850.3860742091238,1771746
2019-07-03,1844.41015625,1861.8434218118277,1839.7531555039411,1856.4032110189423,1656881
2019-07-04,1848.5316162109375,1856.2385485832951,1838.1872861762445,1841.4018283903558,984140
2019-07-05,1782.96142578125,1854.5897216474202,1763.9208908113242,1852.1169353518903,4088470
2019-07-08,1793.1002197265625,1804.1454558597507,1757.409821278156,1771.3397743747278,2788062
2019-07-09,1758.439697265625,1792.2754967468275,1734.7009076510178,1791.9458723888506,3977224
2019-07-10,1737.7093505859375,1753.906221887116,1707.2941590369578,1714.4651991902433,6343581
2019-07-11,1733.0526123046875,1754.8543082972742,1719.4522853498236,1754.0300460575857,2400346
2019-07-12,1737.2154541015625,1747.2301614176513,1725.263649718708,1732.68201105979,1560725
2019-07-15,1768.6190185546875,1775.1308094106282,1729.3017595033307,1751.5568345779684,2900415
2019-07-16,1739.9510498046875,1761.8450207542714,1734.9939243066683,1756.474801464751,2735399
2019-07-17,1749.2454833984375,1755.648436519863,1728.4669484674107,1741.6032490277041,1802969
2019-07-18,1706.861572265625,1748.3774831218857,1701.9457982865074,1748.3774831218857,3072096
2019-07-19,1715.9501953125,1732.5152960667256,1704.0118255305777,1715.9915450312776,1953177
2019-07-22,1743.1729736328125,1749.4107297709952,1709.2167874700851,1715.9914848157,1920167
2019-07-23,1745.2796630859375,1759.7792933796163,1736.9764387548632,1758.0442190277176,3538588
2019-07-24,1732.3499755859375,1752.1784754170487,1715.578329137603,1743.2556101518626,2413196
2019-07-25,1758.04443359375,1763.9104459699872,1728.838824282406,1742.346869905961,2544464
2019-07-26,1742.470458984375,1759.613846380049,1730.8624864547999,1759.613846380049,1720592
2019-07-29,1759.7794189453125,1769.6936691928918,1737.7202524856364,1743.9166588903734,1647090
2019-07-30,1800.385986328125,1805.219262748272,1751.8888318302525,1759.778960939963,2851672
2019-07-31,1822.3218994140625,1827.2790248792353,1773.9485764085616,1794.2728714981504,3000677
2019-08-01,1801.1300048828125,1832.0706847875326,1789.7285776419358,1817.6124042987922,2375236
2019-08-02,1821.9913330078125,1825.874373914317,1789.109030186178,1795.3054364324935,2500816
2019-08-05,1857.76513671875,1860.780640157407,1813.977202906632,1817.529647492694,3039682
2019-08-06,1829.922607421875,1860.5328945436215,1827.0723008968555,1844.7114846498073,2885467
2019-08-07,1828.7244873046875,1849.4205223227448,1823.6021656899165,1842.3979293186155,2165362
2019-08-08,1865.6136474609375,1884.5332561985508,1833.2269435083356,1841.488816617492,2073298
2019-08-09,1855.82373046875,1873.7106097261178,1851.7754922733084,1867.1838089524208,1744550
2019-08-13,1817.1578369140625,1855.8234475821646,1812.9030524856641,1854.7907133319798,1647281
2019-08-14,1821.2476806640625,1832.360064125577,1790.6787425540015,1801.9976728946383,1945002
2019-08-16,1788.7786865234375,1851.8166331563189,1770.7264084655935,1851.8166331563189,3755507
2019-08-19,1787.0433349609375,1806.0456450414283,1782.6645014272954,1801.0885206726048,974884
2019-08-20,1806.665283203125,1821.7432031383976,1789.9349884804255,1794.47901914585,1843611
2019-08-21,1806.2108154296875,1819.2646164154478,1802.9474156097233,1805.1780812014772,1214408
2019-08-22,1830.8309326171875,1847.0654312786696,1792.8263193949895,1806.8715025423235,2131601
2019-08-23,1857.0213623046875,1867.1008081548482,1829.0961880891323,1829.9637251926831,2826425
2019-08-26,1880.65087890625,1885.3601078967902,1838.2674145794733,1856.4435418247535,2345475
2019-08-27,1847.7684326171875,1879.4528054483992,1841.5720260691755,1875.4457151983079,3432106
2019-08-28,1850.0400390625,1860.6977752848663,1830.8311830132857,1850.6596795802166,1294621
2019-08-29,1845.2486572265625,1857.4349243420672,1835.9540467147367,1835.9540467147367,1670652
2019-08-30,1866.8538818359375,1872.1414026437978,1832.484391466877,1851.4867093224848,2583625
2019-09-03,1860.24365234375,1897.0914897924447,1848.1398857682232,1875.4454199997094,2545060
2019-09-04,1855.1214599609375,1875.4457545472198,1844.8768149356572,1871.3148167618735,2228092
2019-09-05,1830.25341796875,1861.9375911861448,1823.6439172144412,1852.4777835727314,2055943
2019-09-06,1815.546630859375,1845.2893743000748,1811.498393684524,1830.8310962386236,1890550
2019-09-09,1803.4434814453125,1819.9672315954642,1800.9235692062273,1817.6125165166939,1703945
2019-09-11,1779.6077880859375,1813.4814739315843,1773.45273185273,1806.045786794735,2627440
2019-09-12,1762.7535400390625,1788.695744051018,1751.8065568479883,1780.4338699445466,2118859
2019-09-13,1769.65234375,1782.8713442614307,1747.8410735885157,1763.9103807440354,2291174
2019-09-16,1776.302978515625,1795.6356837389635,1756.8048744411801,1784.523503121526,2597948
2019-09-17,1753.7069091796875,1781.7147879383128,1739.6205729225317,1780.3928071858443,2796530
2019-09-18,1766.8428955078125,1770.478038955235,1745.8576170078456,1756.8045987622859,1454663
2019-09-19,1736.60498046875,1764.57151133045,1727.5582666160408,1763.9105209111656,1652691
2019-09-20,1706.44873046875,1759.2833745272367,1699.4674872575129,1739.0417831622347,6941979
2019-09-23,1665.4288330078125,1734.1675939117206,1631.7203420560497,1734.1675939117206,6323401
2019-09-24,1689.3055419921875,1702.7724385920105,1663.115438566578,1664.7678135676376,4620978
2019-09-25,1725.451171875,1728.3841777185273,1701.9875285386286,1706.0771161514144,4002232
2019-09-26,1724.748779296875,1740.7767330814272,1704.4244899606,1733.2583475718075,4234281
2019-09-27,1698.76513671875,1722.7659209577514,1694.8407465805524,1722.60072381943,2046795
2019-09-30,1734.4154052734375,1738.2984460617627,1701.9461971897488,1703.4747246996926,2620039
2019-10-01,1701.905029296875,1731.6477815515268,1685.1747311536333,1731.6477815515268,3342877
2019-10-03,1702.15283203125,1719.4200704555144,1690.5036082112404,1710.2081603226247,2317618
2019-10-04,1717.9329833984375,1725.0380745629989,1697.7738882597646,1702.441968453418,2163251
2019-10-07,1691.7841796875,1730.449796772031,1686.2487635291072,1718.4700774818928,2177916
2019-10-09,1668.9814453125,1701.9463486437178,1665.181002762822,1701.9463486437178,2066920
2019-10-10,1656.051513671875,1684.6376821932333,1649.9790556454589,1675.508269868787,2881452
2019-10-11,1641.5107421875,1648.2441910080777,1590.4110614990225,1595.3681868855128,12593069
2019-10-14,1669.7247314453125,1679.4324333723202,1625.9367993490227,1648.2438590961892,3510704
2019-10-15,1683.191650390625,1691.205627924807,1671.1292335247226,1678.8128167773366,2261310
2019-10-16,1690.710205078125,1698.641585305846,1665.5940836461991,1683.770209559005,3034082
2019-10-17,1715.6728515625,1721.6284770911473,1688.9361620766542,1701.3541476258933,3818774
2019-10-18,1737.974853515625,1743.50789130792,1710.6466626066556,1721.2062099066966,3087901
2019-10-22,1732.9481201171875,1783.7184994728973,1723.3601761521732,1757.1084437147176,5552505
2019-10-23,1748.7451171875,1760.3606160653328,1733.8771961274329,1740.212922788069,2348134
2019-10-24,1758.798095703125,1773.1590791934962,1741.3115276424903,1760.4876231725805,2798671
2019-10-25,1795.080810546875,1799.3469090207204,1752.9271790714467,1768.935411966849,3954245
2019-10-27,1787.2664794921875,1798.5018777030496,1781.4376925869728,1798.5018777030496,224405
2019-10-29,1854.129638671875,1859.916146113747,1792.1661404770978,1792.1661404770978,5064173
2019-10-30,1903.083984375,1909.1662426609073,1838.9242131762885,1879.5995088143889,5195136
2019-10-31,1917.3175048828125,1930.2424284198887,1889.7360575275432,1900.7179836553296,4879261
2019-11-01,1859.2401123046875,1921.83717714234,1854.2560895944775,1912.544777604509,4172620
2019-11-04,1853.3690185546875,1883.1469348053097,1842.3448125668735,1864.3932245425012,2646411
2019-11-05,1860.0426025390625,1867.7721060990748,1832.2920389547232,1855.9454170509575,2693475
2019-11-06,1848.7655029296875,1867.6037761703021,1840.7402471481787,1858.4802862441454,2540719
2019-11-07,1846.104248046875,1862.281388773386,1837.5297736122297,1862.281388773386,1915598
2019-11-08,1799.3043212890625,1849.694597490534,1794.2780187465435,1849.694597490534,2788759
2019-11-11,1774.80615234375,1806.9494505310622,1766.4007952596778,1803.5703959251134,2983768
2019-11-13,1840.40185546875,1844.7945844488695,1789.2091045420734,1789.2091045420734,3823365
2019-11-14,1855.7764892578125,1858.4796911967903,1813.4537556118505,1847.9201474968086,2995915
2019-11-15,1836.896240234375,1868.1947740802354,1832.0811287752706,1855.100937770833,2724180
2019-11-18,1818.43798828125,1848.1313427393516,1815.1855663175324,1840.2327215366595,1611089
2019-11-19,1781.437255859375,1820.1695374115395,1778.2271134088053,1818.775760175372,2975313
2019-11-20,1781.2265625,1803.5705213879364,1769.357591122732,1792.5463137209204,2894129
2019-11-21,1789.2939453125,1796.4744362401884,1780.2548093871003,1784.1408046208865,2052574
2019-11-22,1750.0965576171875,1779.9167513681573,1740.6352473631173,1771.4691160982563,3742049
2019-11-25,1758.37548828125,1761.2898815439894,1733.6238727804964,1752.504422326229,2737010
2019-11-26,1728.9354248046875,1772.2294557394196,1719.1361877694555,1765.429273822161,6561580
2019-11-27,1735.3983154296875,1750.0971230518799,1728.8513959802856,1733.4553174416326,2907521
2019-11-28,1754.8699951171875,1769.2730515410706,1740.2132620880952,1746.1688875585185,2924429
2019-11-29,1734.5107421875,1761.3319846394436,1728.2172950493582,1761.3319846394436,2064271
2019-12-02,1707.3094482421875,1746.7175861441863,1703.043350980845,1740.2129479268553,3809860
2019-12-03,1732.6103515625,1741.9027522778524,1697.9750398052781,1712.9273160717537,4664774
2019-12-04,1755.84130859375,1758.797981473268,1727.9641071582948,1734.2998347572618,3334301
2019-12-05,1791.9971923828125,1796.6433925106776,1747.2669978545914,1759.6427029714537,3902721
2019-12-06,1793.940185546875,1797.6570631433897,1774.8484443911004,1794.278008513421,1829461
2019-12-09,1740.5931396484375,1797.6146833454573,1734.7220738048934,1797.6146833454573,2244747
2019-12-10,1700.3826904296875,1740.9314534755335,1692.272979068748,1740.2133217928972,4520045
2019-12-11,1724.9227294921875,1730.0757665712435,1695.229269808029,1710.9841307869017,4943024
2019-12-12,1707.1827392578125,1760.1915507764115,1676.0109425351397,1732.694661243331,7137306
2019-12-13,1749.716796875,1754.9120110838112,1695.4407296695836,1708.9569487401932,5711133
2019-12-16,1796.6009521484375,1804.4150152999,1757.361724922558,1770.624471942224,5574177
2019-12-17,1828.8707275390625,1832.2920610173965,1790.0538853369585,1796.3896116890242,6059673
2019-12-18,1831.2362060546875,1861.3942238797697,1818.7759435524124,1836.5159783014142,8251081
2019-12-19,1883.021240234375,1889.314690802129,1831.0682541023243,1841.4166131286272,6251505
2019-12-20,1877.8251953125,1897.930613146204,1865.4494892805028,1875.3754630149288,5548338
2019-12-23,1885.259033203125,1893.9178607843976,1866.9277028890467,1866.9277028890467,2247329
2019-12-24,1871.6583251953125,1895.2694267000384,1867.8989621612538,1891.4257110501726,1805896
2019-12-26,1860.1270751953125,1882.9779706862714,1854.4249211791025,1872.3338673595715,1880367
2019-12-27,1857.2127685546875,1880.7815904215245,1838.2055876165568,1865.2380227285648,2720261
2019-12-30,1844.2882080078125,1879.5993745853316,1839.135272792967,1864.3936268358773,2288830
2019-12-31,1826.1258544921875,1855.946057705372,1822.5356083632628,1849.1879473450429,1909289
2020-01-01,1831.1094970703125,1844.878977518272,1819.620630647779,1831.4473199834658,1354908
2020-01-02,1822.7042236328125,1841.5424944487077,1815.5660119731094,1841.5424944487077,2380752
2020-01-03,1859.029052734375,1877.9096028982917,1828.0685473107976,1828.0685473107976,4655761
2020-01-06,1858.860107421875,1880.4015802074814,1848.2582825085776,1862.7038232259627,3023209
2020-01-07,1863.4219970703125,1870.8557522661133,1844.7949171674397,1858.9024290045934,2429317
2020-01-08,1905.1533203125,1909.1659478577762,1860.2119330536327,1862.7039447019456,5197454
2020-01-09,1870.6024169921875,1902.3654055725954,1866.9276127240882,1899.6622032186847,3734173
2020-01-10,1869.9266357421875,1887.2020112938542,1865.2381561937466,1882.1334293476755,1915807
2020-01-13,1850.32861328125,1874.4887360635569,1845.5555737016612,1873.5596195572248,2843893
2020-01-14,1864.30908203125,1883.6542961142839,1854.2564756619365,1854.2564756619365,2948452
2020-01-15,1881.204345703125,1884.667959635941,1853.5806118370147,1869.462211866579,2620681
2020-01-16,1891.2568359375,1899.8733836234512,1871.151420509535,1881.246304532232,3117214
2020-01-17,1874.6151123046875,1903.71717901775,1869.4619715044962,1892.904162968233,3281059
2020-01-20,1833.4334716796875,1894.1296360971637,1821.4799383664954,1854.1722610970576,5817599
2020-01-21,1834.0242919921875,1847.1181294839687,1823.0423637732745,1833.0949694156698,1902980
2020-01-22,1864.30908203125,1866.9279322154348,1836.2629661077378,1842.4297828786712,1773686
2020-01-23,1855.0377197265625,1877.728836627747,1848.899275778619,1870.9977566749965,2069866
2020-01-24,1848.6453857421875,1855.0378761482093,1837.2999296896437,1855.0378761482093,1319430
2020-01-27,1836.6644287109375,1857.1540861934427,1833.0660311901256,1853.979029557432,1549101
2020-01-28,1848.941650390625,1852.3707535225935,1822.0594993202635,1840.6865016367344,1743024
2020-01-29,1824.2608642578125,1851.6508990940788,1820.366044919788,1849.9999107673193,2306761
2020-01-30,1810.0792236328125,1833.066557595076,1799.1992770852362,1828.833147531346,2098567
2020-01-31,1760.294189453125,1815.5825633852219,1753.9864501243133,1811.3913222700005,3287223
2020-02-03,1780.1485595703125,1858.212583480451,1772.274377156367,1822.0593104377228,4728073
2020-02-04,1784.5941162109375,1809.105520564358,1766.6868732831272,1802.5861100287443,3509339
2020-02-05,1817.4453125,1826.039052229969,1781.6729975264705,1790.7324537044988,2439322
2020-02-06,1802.03564453125,1840.8558886361448,1791.1556985873144,1816.1328165775417,2640065
2020-02-07,1808.9783935546875,1821.2129066063146,1794.1190837279314,1811.0527230269208,2083442
2020-02-10,1830.4844970703125,1834.7602834197237,1794.119538793906,1812.6617958456288,2383032
2020-02-11,1823.2447509765625,1841.3638679623577,1818.3341612427819,1831.3729800349784,1335820
2020-02-12,1837.9346923828125,1849.9999091818245,1820.36604335969,1821.297476112163,1620407
2020-02-13,1855.88427734375,1860.1600621147138,1838.1463335689775,1839.7973218680197,1645948
2020-02-14,1849.3223876953125,1872.8601836051105,1838.1462290265347,1852.5398199493588,1500115
2020-02-17,1865.452392578125,1877.094271801068,1854.4031495009947,1860.118253846803,1774724
2020-02-18,1876.0357666015625,1880.4808473979783,1850.8893508665935,1862.6581487675949,2486223
2020-02-19,1859.610107421875,1888.100874253161,1854.6569350006946,1876.0356556620814,1760463
2020-02-20,1826.123779296875,1874.8925384806714,1821.424652854067,1866.5104693628311,2317278
2020-02-24,1791.0286865234375,1844.877532741083,1783.7047638719052,1825.4462239715879,3092877
2020-02-25,1825.5731201171875,1842.9300992964745,1787.345514510977,1791.1555831113083,2674567
2020-02-26,1798.0137939453125,1832.1349096871127,1788.9965075421057,1823.7528414283952,2686842
2020-02-27,1782.68896484375,1794.9234784968644,1766.3479607749568,1794.9234784968644,2349001
2020-02-28,1693.4906005859375,1752.2079619698936,1684.8967597584385,1750.9379392866585,4298076
2020-03-02,1694.4644775390625,1739.0421955677132,1681.256157607159,1722.9976153806272,2667076
2020-03-03,1724.0137939453125,1744.1648662664002,1703.524131518445,1710.297587309771,2757585
2020-03-04,1763.8077392578125,1773.3329108840348,1714.5308927200456,1740.778032312303,3237002
2020-03-05,1799.24169921875,1818.4613400649457,1764.5277357953241,1765.924678468816,3937056
2020-03-06,1791.9600830078125,1798.0561520844574,1753.9865192180112,1776.3388414022,2595027
2020-03-09,1669.9530029296875,1761.0135780696148,1638.3294550496732,1756.8649194977118,4940975
2020-03-11,1654.1624755859375,1682.6110716385983,1625.629335364402,1636.636200655932,6796449
2020-03-12,1498.499755859375,1615.8075600276434,1488.7629152061565,1612.0821394546,8728786
2020-03-13,1529.361572265625,1540.9610730671525,1275.1453293049588,1429.1144136544872,8029720
2020-03-16,1436.3114013671875,1559.7999534824614,1418.9120444904488,1485.92694713623,7844271
2020-03-17,1403.798583984375,1465.6063624107076,1374.291740570968,1464.7596805144565,5713248
2020-03-18,1400.7503662109375,1450.8316144802177,1378.1862759627222,1419.7160588717827,7258778
2020-03-19,1395.5909423828125,1437.4667527053657,1319.1739678779056,1330.218570089787,5135111
2020-03-20,1532.98779296875,1594.010549885193,1387.6164604939588,1390.1750649078997,8547498
2020-03-23,1424.0340576171875,1492.5194188818368,1379.727594226338,1381.6465477649003,7003490
2020-03-24,1452.562255859375,1509.5764647953495,1392.605589653216,1409.8335869151078,6350865
2020-03-25,1492.775146484375,1543.691332777904,1432.818474622585,1449.875837415711,2765520
2020-03-26,1527.4442138671875,1562.4971790901059,1469.10811408077,1562.1133259460546,4556067
2020-03-27,1556.0579833984375,1577.8061218345351,1492.8604725296366,1552.2200766155968,4331250
2020-03-30,1516.82568359375,1624.7134817239773,1504.0753490950306,1506.1648339761384,8513547
2020-03-31,1557.42236328125,1582.070271349587,1518.105166038957,1567.0598141253336,3927593
2020-04-01,1457.33837890625,1564.7997604671498,1451.581519179773,1557.2518985366332,4941878
2020-04-03,1410.814208984375,1483.9903252891293,1407.2322050155535,1483.9903252891293,5735369
2020-04-07,1514.0113525390625,1523.0944182844535,1454.1400558145754,1458.4043961542075,5427577
2020-04-08,1454.5238037109375,1540.27972952061,1450.7285824554583,1501.0477984254007,6285615
2020-04-09,1506.29345703125,1517.0822624797054,1476.485645735641,1492.9033614715797,5307397
2020-04-13,1500.408203125,1524.0752928716072,1489.107700813557,1501.9007222982093,2990438
2020-04-15,1479.8543701171875,1545.3972745427877,1473.5858092791832,1522.3698317101966,4761399
2020-04-16,1463.5640869140625,1505.2266654402715,1428.5965009718843,1458.3615091323404,6245533
2020-04-17,1540.4505615234375,1579.4692832014955,1495.0780131505048,1535.162820120313,9895823
2020-04-20,1551.068603515625,1560.7486357074638,1537.2947627665046,1560.7486357074638,3244282
2020-04-21,1481.9862060546875,1530.557000453097,1473.5001063873347,1505.3121266858914,5122541
2020-04-22,1509.150634765625,1526.634436976812,1466.2087316201312,1481.9867970302269,3829836
2020-04-23,1601.8995361328125,1620.449417624035,1501.7727986639625,1518.1052438793593,5934366
2020-04-24,1550.9835205078125,1579.4692353525088,1541.8151872765093,1569.874468017424,2987102
2020-04-27,1566.3775634765625,1599.1277200042246,1556.4843141374452,1562.710293037946,3374741
2020-04-28,1585.5244140625,1593.1575415819125,1562.965991331673,1590.5989373930765,2678505
2020-04-29,1625.2681884765625,1631.1529994524578,1577.8487408118829,1598.2748910789992,4241510
2020-04-30,1718.0601806640625,1733.0280581448462,1656.4404576320915,1688.678914924604,5915544
2020-05-04,1646.419189453125,1676.7386921893083,1632.0910677741979,1676.7386921893083,3729348
2020-05-05,1648.380859375,1686.1202736951882,1643.4768676836761,1667.4424410401703,2905528
2020-05-06,1623.5196533203125,1666.248323228811,1614.9909725357868,1654.3935402262186,3517431
2020-05-07,1613.3282470703125,1649.8309457300752,1606.2493989463712,1628.9783586468518,3166754
2020-05-08,1614.82080078125,1654.1380071464064,1608.7227718380557,1653.7968390169467,2686530
2020-05-11,1650.55615234375,1664.2873118980758,1628.1256731906656,1628.1256731906656,2449841
2020-05-12,1662.66650390625,1668.6365811195578,1629.1914281030593,1648.9353471376187,3256595
2020-05-13,1662.794189453125,1700.6188660787916,1642.3253565615048,1700.6188660787916,2656665
2020-05-14,1622.4537353515625,1640.1507498024264,1612.8589684806122,1628.9781976457855,2263146
2020-05-15,1614.394287109375,1635.2895586630975,1590.7697747643338,1634.0955223237638,3173682
2020-05-18,1659.3402099609375,1665.608769883336,1596.6544025171956,1626.4195210233427,3727694
2020-05-19,1661.94140625,1677.1223956202803,1623.007957544727,1623.007957544727,3198693
2020-05-20,1666.162841796875,1674.094555544809,1647.4850124719585,1663.0925379334312,2778505
2020-05-21,1698.2310791015625,1704.0306243720079,1655.545089140157,1659.6814789929567,3400908
2020-05-22,1723.0924072265625,1733.0283435021838,1672.687912742942,1686.2058541475913,3663418
2020-05-26,1657.1229248046875,1726.2052495134778,1641.771297091623,1718.5294356569457,4575317
2020-05-27,1710.256591796875,1714.2650305726681,1655.6303435816876,1670.7687536775409,3482160
2020-05-28,1709.4034423828125,1717.676220669598,1681.2587972576403,1695.9280858001468,3475681
2020-05-29,1682.154541015625,1707.9964886213402,1673.6685442331923,1690.384739808922,7237735
2020-06-01,1744.3284912109375,1756.9082957557907,1689.6169814701593,1697.2075284242833,3747773
2020-06-02,1745.9493408203125,1774.8189116168967,1739.8939967828592,1757.079209539669,2443886
2020-06-03,1750.2261962890625,1765.280780731558,1727.858111243003,1755.1018981634154,3699799
2020-06-04,1789.06005859375,1796.2879373371438,1750.7392074975232,1750.7392074975232,4048593
2020-06-05,1752.0220947265625,1794.5770070725391,1745.221904268795,1789.10268982106,3573289
2020-06-08,1772.123291015625,1792.0107612780182,1763.8690051706217,1777.6832289384445,2957841
2020-06-09,1772.3802490234375,1792.4387559697834,1762.2867797598408,1764.7246826457206,2909439
2020-06-10,1803.7724609375,1823.6599344250149,1773.6204850048164,1776.6571087445461,5168397
2020-06-11,1768.6165771484375,1800.564926720615,1763.6127571642628,1796.2880504101147,2269513
2020-06-12,1744.5374755859375,1752.834572095224,1720.1592858069725,1720.330319056604,2842642
2020-06-15,1736.325927734375,1761.2173221373507,1711.5627560630367,1744.1953368488598,2399022
2020-06-16,1749.9263916015625,1774.0051167245538,1737.2667985703847,1766.3495514760434,2146528
2020-06-17,1751.6378173828125,1761.089757489146,1733.4610898059743,1750.0980998687496,2703527
2020-06-18,1743.3399658203125,1761.3883594994413,1732.305606176288,1749.2420748778984,1944389
2020-06-19,1748.8997802734375,1787.733827847662,1738.1220756872963,1746.675826059773,5681758
2020-06-22,1734.6580810546875,1755.4437400130719,1727.1308420050711,1753.5191458286258,3196138
2020-06-23,1740.94482421875,1748.3865451445429,1719.3037943936063,1733.8451697690746,4205944
2020-06-24,1746.8470458984375,1765.7081092508404,1737.7800904182627,1739.8330116101292,2560937
2020-06-25,1724.5218505859375,1762.072841241202,1718.6625515844103,1740.6884620999253,3043931
2020-06-26,1812.41162109375,1823.6597201690092,1727.8148980813817,1732.1345841192513,6300722
2020-06-29,1797.6993408203125,1819.89649599607,1788.846332133244,1803.131057281772,3076341
2020-06-30,1781.0191650390625,1806.4665740369785,1774.9461271823432,1796.2876939705359,3071725
2020-07-01,1789.487548828125,1808.2201802900945,1778.7525493821536,1778.9235826385732,2503466
2020-07-02,1845.1729736328125,1851.8877541030772,1794.5776018975778,1797.9991035217865,3758699
2020-07-03,1881.5260009765625,1886.1023418921202,1847.8243011666452,1850.732493353834,4185208
2020-07-06,1935.8848876953125,1941.6158591082508,1886.102098560884,1886.102098560884,5190366
2020-07-07,1941.6165771484375,1969.6729326160105,1909.3261551295313,1945.979075311562,5630055
2020-07-08,1897.9918212890625,1945.46514172604,1888.326249238523,1941.701574629531,2793358
2020-07-09,1885.5462646484375,1919.8894928274592,1874.1697335728263,1906.631178218938,3443998
2020-07-10,1900.9432373046875,1924.4660562705249,1861.2965116240748,1886.3162372513746,9610320
2020-07-13,1898.9332275390625,1920.2748001993107,1890.3794742618595,1898.9332275390625,2963503
2020-07-14,1857.83203125,1915.1849773169924,1851.8872156727507,1890.3790977537085,2976738
2020-07-15,1910.8226318359375,1933.1480087439922,1865.6589870157109,1868.9948668608952,5569321
2020-07-16,1915.8380126953125,2000.067159019203,1903.2787377014963,1923.7679832143556,8582118
2020-07-17,1886.6895751953125,1923.6817237458743,1877.516572204934,1917.7664794783207,4509135
2020-07-20,1892.8192138671875,1909.1077987913955,1878.1596130155679,1886.9039693779814,2952646
2020-07-21,1907.521728515625,1919.1807993303903,1887.0322798591048,1911.7652912257834,2665286
2020-07-22,1878.2884521484375,1912.623122450519,1872.50171701776,1912.623122450519,2861534
2020-07-23,1861.3563232421875,1878.2878763974793,1854.3265556909269,1878.2878763974793,2265766
2020-07-24,1849.5255126953125,1854.3264415715805,1821.8350911097236,1847.0394444595331,3665100
2020-07-27,1891.87646484375,1898.9062338720662,1854.755592317027,1856.0415333331932,4248480
2020-07-28,1980.1348876953125,1988.9221515112565,1898.9062782747558,1898.9062782747558,8092319
2020-07-29,1951.244140625,2007.7826406746285,1925.5253194378784,1964.9179386960923,6090431
2020-07-30,1954.2017822265625,2021.4993649880387,1947.986400379165,1959.6883804131087,7098496
2020-07-31,1955.829833984375,2001.6094447952548,1935.2976909890588,1974.4759726317284,4723290
2020-08-03,1932.46923828125,1975.0769186658217,1912.365735301378,1963.5890531771101,4012337
2020-08-04,1928.6539306640625,1945.756901095364,1907.5217210016162,1937.441192618266,2927928
2020-08-05,1937.0555419921875,1971.7759444930432,1931.4831317142723,1937.4841889366426,3800641
2020-08-06,1978.7200927734375,1988.493159308177,1942.0707793177683,1950.3435815590008,4748047
2020-08-07,1967.789794921875,1995.7803592818957,1960.6313065625839,1978.6344799066217,3165491
2020-08-10,1957.0302734375,1993.2080289195621,1951.2435404503142,1987.2069724884066,2929353
2020-08-11,1954.544677734375,1982.0639012600566,1950.8584806523843,1957.202373086812,2774423
2020-08-12,1935.212158203125,1968.6893121834357,1925.953343709496,1961.7882648365555,3415751
2020-08-13,1932.726318359375,1971.7760999377642,1929.3400490912775,1948.629163112408,2695682
2020-08-14,1922.1815185546875,1955.7447017933775,1914.4231758592866,1952.058296001479,2270405
2020-08-17,1931.826416015625,1946.05758161008,1918.8384942902035,1940.056522988375,2625630
2020-08-18,1945.843017578125,1962.3459267480243,1927.4541035060095,1939.884866257362,3493374
2020-08-19,1934.56982421875,1958.5740574607785,1931.05483491676,1951.5013815948237,2843005
2020-08-20,1931.3543701171875,1951.6721907813253,1920.380967906525,1934.9120555732682,2895164
2020-08-21,1927.711181640625,1946.9144816230064,1921.2385707201329,1937.484248554819,1975294
2020-08-24,1927.2828369140625,1937.4416458231585,1911.7657308938603,1929.426072038383,2167966
2020-08-25,1922.6102294921875,1928.911423863589,1914.8089799802879,1924.624954032781,1663419
2020-08-26,1931.9119873046875,1937.3985850661563,1900.1492034301464,1922.053106517466,2618149
2020-08-27,1927.5394287109375,1960.9311919566899,1921.8385082691184,1942.6278843483092,3579393
2020-08-28,1919.09521484375,1954.5870969772234,1916.1375928826703,1944.6853110203404,2941136
2020-08-31,1935.1268310546875,1951.372510071133,1910.0509822083702,1920.3385099401928,6018154
2020-09-01,1925.781982421875,1952.9152470641936,1921.45260693686,1945.1996029800946,3610908
2020-09-02,1941.8997802734375,1944.9861229655485,1921.7533675396896,1926.3399750098458,2084137
2020-09-03,1971.3472900390625,1992.3509902373478,1944.342532641267,1944.342532641267,4654146
2020-09-04,1962.1746826171875,1992.565715125721,1940.0135474886533,1950.343982751862,5231303
2020-09-07,1994.9658203125,2009.068263167232,1957.5021185837304,1962.345745419157,4620401
2020-09-08,2013.0977783203125,2049.318450708789,1994.9660934956676,2002.5959265627068,7453998
2020-09-09,1995.4801025390625,2022.356350561891,1988.9218877929577,1993.2083573787186,3866535
2020-09-10,1998.4805908203125,2013.3547237021112,1992.60825318678,2001.7812560546859,2308813
2020-09-11,2035.3017578125,2042.9315906499935,1997.6235192815964,1998.3093963378444,4145424
2020-09-14,2135.86181640625,2148.1640668867335,2041.94544248062,2043.8743536451395,7512131
2020-09-15,2135.86181640625,2175.811793578182,2112.886508642399,2135.86181640625,7318770
2020-09-16,2145.806640625,2149.75027630151,2123.774229163415,2133.7616194198476,3074003
2020-09-17,2109.757568359375,2139.5914405839812,2100.884701288022,2126.089060462095,4828176
2020-09-18,2100.2841796875,2143.5775203553167,2088.7107123802616,2130.375278406424,4183256
2020-09-21,2113.486572265625,2147.4352831776064,2102.2130325473,2113.2293422503303,4598809
2020-09-22,2162.909912109375,2190.3862273893283,2107.228707210555,2130.375645817018,7499613
2020-09-23,2115.32958984375,2160.251911497286,2065.2208080303362,2151.8074836679716,7502280
2020-09-24,1999.4241943359375,2100.3705761059264,1974.0055076146205,2100.3705761059264,8424708
2020-09-25,2076.623046875,2091.797106979511,2016.4410572145775,2030.0719464456893,8228267
2020-09-28,2080.052490234375,2095.226552292309,2028.3576197723414,2091.797376265644,4347166
2020-09-29,2133.290283203125,2152.70811767689,2080.052451949216,2087.3823574313583,6995811
2020-09-30,2136.634033203125,2147.521625933625,2108.943393132422,2133.804920937642,3917166
2020-10-01,2163.338134765625,2177.526389914291,2136.6335149243773,2151.807574285382,2610337
2020-10-05,2319.666259765625,2338.783958754555,2231.579296985746,2246.1103891317093,17412105
2020-10-06,2326.952880859375,2345.5561166791226,2271.91465419209,2345.5561166791226,9846367
2020-10-07,2345.51318359375,2374.7040824967694,2317.2653916926956,2350.699853504022,9656101
2020-10-08,2422.4560546875,2473.2936399970727,2400.4236367389267,2400.4236367389267,19839329
2020-10-09,2411.525634765625,2426.0140320658993,2383.277833242477,2408.996658781065,7739245
2020-10-12,2426.1416015625,2446.7166540139137,2401.06575638734,2413.710840706438,4623203
2020-10-13,2423.183837890625,2447.4879915970523,2410.881588111891,2439.0008666773942,4209878
2020-10-14,2418.923095703125,2446.817767312512,2399.9391227113006,2446.817767312512,4395936
2020-10-15,2359.516845703125,2434.5484648208926,2347.8078555623993,2420.1275694851133,6629355
2020-10-16,2379.060546875,2386.2493453117218,2351.510177333232,2367.6960614775485,5273773
2020-10-19,2334.506591796875,2388.2728214599206,2330.244935758179,2388.2728214599206,3331194
2020-10-20,2358.140380859375,2376.1341390458715,2340.0173541486547,2346.0870893909446,3406273
2020-10-21,2303.38232421875,2366.7482396670034,2292.7497327061087,2358.138751708957,4570143
2020-10-22,2299.724365234375,2313.0690777980003,2271.2701624060755,2290.9858149552647,5262294
2020-10-23,2313.1982421875,2326.28462736434,2298.8204332723008,2314.059191346406,3499091
2020-10-26,2314.403564453125,2333.129209286543,2299.1648058686023,2315.9102255316757,2672752
2020-10-27,2264.424560546875,2340.188060243434,2259.2159880968106,2324.3466852930087,3537502
2020-10-28,2257.580810546875,2286.6378442493988,2243.633476408196,2281.51523886482,3569445
2020-10-29,2266.576904296875,2285.8191951580097,2238.6822456533387,2245.354599236192,3105968
2020-10-30,2294.2998046875,2302.478819395945,2257.0637640411587,2269.5475233329958,3427003
2020-11-02,2242.42724609375,2294.299409386197,2238.509887159292,2290.1237237827227,2571196
2020-11-03,2267.396240234375,2294.4299651272718,2239.3722974960615,2241.9120559817698,2879269
2020-11-04,2284.226806640625,2343.374172424832,2247.07694053225,2247.07694053225,4893928
2020-11-05,2312.2509765625,2333.1720819186035,2296.151270286685,2311.6483542256274,2816502
2020-11-06,2330.9765625,2335.9701092408595,2308.4628279622434,2323.7015847566868,3884421
2020-11-09,2347.464111328125,2362.4445429387883,2320.3442122382667,2351.3383826266763,3646592
2020-11-10,2281.1708984375,2335.884047483179,2271.48522072707,2322.151950901146,4760020
2020-11-11,2314.05859375,2318.3633384328473,2275.8323348507474,2296.968673282051,3242441
2020-11-12,2299.638427734375,2335.7552050290383,2291.6315580486703,2312.5095763759664,2437505
2020-11-13,2287.412353515625,2294.342824565467,2269.461483425895,2286.465225572201,2548093
2020-11-14,2299.03515625,2315.0917703945433,2290.167339858533,2305.5782422783477,298819
2020-11-17,2295.333251953125,2320.2576848595636,2281.5580671821594,2320.2576848595636,2827273
2020-11-18,2261.412353515625,2293.7410411794303,2244.5378736590665,2290.9860455082267,2893762
2020-11-19,2270.236328125,2304.0285762872095,2265.027754842633,2270.322507101827,4167501
2020-11-20,2290.33984375,2303.8997920778124,2262.1868502126913,2285.8198609740625,2711471
2020-11-23,2345.440673828125,2350.3911313391873,2294.4294377358733,2315.95316604484,3706418
2020-11-24,2343.54638671875,2361.5832271478666,2328.867163483405,2354.1789812941174,3120516
2020-11-25,2325.681640625,2352.9305931581944,2314.403124333279,2349.5298865518403,3302249
2020-11-26,2342.298095703125,2351.2087923546983,2307.34347980514,2312.5091741629126,2341099
2020-11-27,2307.0419921875,2339.80114493148,2297.916058553336,2328.867134250973,6086808
2020-12-01,2347.635986328125,2355.4704968169954,2259.5177641778523,2306.4825783892575,3605017
2020-12-02,2367.222412109375,2371.6562154705816,2326.671629325139,2340.9203775972933,2509032
2020-12-03,2332.6982421875,2388.1863635837553,2325.251117362909,2388.1863635837553,2852548
2020-12-04,2348.281982421875,2358.010750212946,2323.7018412475063,2333.861083629398,2686527
2020-12-07,2357.02001953125,2362.4440402335767,2329.857036724004,2337.4765194002043,1996400
2020-12-08,2408.332763671875,2415.435593169417,2352.5001349989884,2359.000342214054,4277818
2020-12-09,2419.955810546875,2445.0954826254792,2404.759932576233,2423.571754785466,3659996
2020-12-10,2397.140625,2434.1614363591725,2393.6537391008965,2426.154567677844,2127801
2020-12-11,2396.5380859375,2417.286833886007,2380.1369629478827,2404.372596916649,1795408
2020-12-14,2408.67724609375,2414.101267442154,2372.9909480696992,2412.3793692485433,2483658
2020-12-15,2377.55419921875,2406.094579848288,2371.9149401718228,2398.6043641810156,2365509
2020-12-16,2422.882568359375,2427.7039667062795,2376.606560858527,2392.5772064159487,2565149
2020-12-17,2443.54541015625,2456.890119658406,2414.9619453901573,2420.127639390992,2863460
2020-12-18,2463.175048828125,2495.0301613086003,2450.43296179741,2469.2016917298365,6076692
2020-12-21,2428.00537109375,2485.1294244456963,2397.743096165343,2463.175223744721,2705195
2020-12-22,2473.076904296875,2482.676405070241,2426.7146996640454,2439.9303557101284,2881737
2020-12-23,2504.28564453125,2513.110372629727,2467.006507208422,2476.1326515629303,2790988
2020-12-24,2504.802490234375,2515.1338800203707,2482.288543876794,2504.501073955218,1807144
2020-12-28,2522.064453125,2539.5417635820504,2498.474529582987,2505.3621230484123,2108994
2020-12-29,2523.010986328125,2541.521389401339,2513.971022036555,2513.971022036555,1994151
2020-12-30,2504.75830078125,2537.8186495010186,2498.4733327162617,2526.3679888115303,2637968
2020-12-31,2464.682373046875,2501.0574774958245,2449.4005244322275,2496.7527314071917,4040956
2021-01-01,2521.074462890625,2531.1906158621828,2478.672715328988,2479.533664518057,2681440
2021-01-04,2616.81201171875,2626.540779746348,2532.0085152654137,2539.800147587225,5113293
2021-01-05,2662.915771484375,2681.210941269064,2616.9411700789765,2616.9411700789765,5801309
2021-01-06,2627.1865234375,2680.5653746428497,2614.874907653214,2668.9425602674914,3726716
2021-01-07,2611.0859375,2652.454575316985,2583.0620079986484,2647.417940036945,3717827
2021-01-08,2686.935791015625,2693.0486133134364,2634.5040782414053,2660.3325495967133,5879039
2021-01-11,2734.761474609375,2780.86533670378,2709.0191829689534,2780.86533670378,9508039
2021-01-12,2733.384765625,2763.6470471892667,2711.9900930361964,2734.7621582868046,3611458
2021-01-13,2719.694580078125,2735.2347503013934,2691.5415921088234,2733.5128524415877,3572801
2021-01-14,2804.01318359375,2817.642108404087,2691.617988643426,2721.4636008005186,6931542
2021-01-15,2789.047607421875,2824.1117079521423,2768.906103398405,2790.4707926772085,4131692
2021-01-18,2779.041015625,2809.231575273289,2749.411053561698,2803.4091101982617,4160906
2021-01-19,2812.639404296875,2828.4247998270716,2787.8831817752657,2788.745769393389,2975735
2021-01-20,2854.129150390625,2870.6476143956615,2818.1592989480555,2820.6607181001477,3453446
2021-01-21,2823.982177734375,2854.431348081658,2813.8467745856074,2850.851694185324,2778546
2021-01-22,2849.212890625,2868.103472870908,2796.4223664998394,2796.4223664998394,3052459
2021-01-25,2839.0341796875,2880.8696719465147,2828.1223218457994,2854.2587642828466,2272887
2021-01-27,2812.9404296875,2852.1018098854183,2783.5692892427573,2846.538163774744,2786662
2021-01-28,2757.30419921875,2824.9741485361455,2746.3062082588003,2786.1577098539697,3083938
2021-01-29,2683.811767578125,2774.8147510394783,2674.0213149781584,2768.9491137784144,5445659
2021-02-01,2707.964599609375,2730.089888401526,2625.8031266645894,2674.021691641305,3985846
2021-02-02,2763.25634765625,2780.9825658692703,2717.151080176241,2737.8531836442507,2881837
2021-02-03,2760.323486328125,2791.3334683715048,2728.062583792948,2771.4939536086663,2505866
2021-02-04,2750.31689453125,2792.9288406332607,2739.5777229687446,2774.1243922298722,2057261
2021-02-05,2724.00830078125,2765.3263706207213,2699.0364334246647,2759.374390193334,2366135
2021-02-08,2772.4423828125,2782.707089139848,2721.5926846096877,2751.2226474927297,2526592
2021-02-09,2740.353759765625,2799.7861565268718,2729.226466814964,2755.9666755606227,2658751
2021-02-10,2771.752197265625,2777.013854169125,2723.4473017724445,2747.3409311746523,2127983
2021-02-11,2765.45556640625,2776.9280224465538,2747.384400129207,2773.218854022487,1165882
2021-02-12,2752.34375,2799.5272357807867,2744.7529392249153,2746.650589270533,2777404
2021-02-15,2708.39599609375,2768.0438495941085,2701.2364762713687,2768.0438495941085,2630853
2021-02-16,2681.612060546875,2732.3752085365327,2674.0212484327935,2717.1506234075164,3435770
2021-02-17,2650.818115234375,2702.3577258399814,2627.053784041622,2678.4209192407247,3678426
2021-02-18,2637.23193359375,2672.2096876641276,2614.5026691089115,2643.830643622175,4189909
2021-02-19,2649.739013671875,2662.9364315448893,2601.6927301955807,2637.792094735,3725028
2021-02-22,2551.921875,2670.570824384041,2538.7242445051543,2670.570824384041,5366696
2021-02-23,2570.682861328125,2611.914580107528,2560.159337436969,2561.8845121926547,3832829
2021-02-24,2542.993896484375,2590.6518484285643,2519.7469985099015,2563.6096502829137,3774549
2021-02-25,2583.708251953125,2613.553651608383,2560.5476944966717,2565.335097001332,4224073
2021-02-26,2496.587158203125,2563.9121577933784,2484.2521142672244,2553.2591174413137,5553153
2021-03-01,2522.37841796875,2557.572031379109,2503.0565414965754,2523.9311176442743,3265871
2021-03-02,2593.23974609375,2609.3269170643844,2542.9076864482,2553.2587353753975,3306469
2021-03-03,2638.741455078125,2642.968049510322,2585.0883451289606,2617.9530124881944,3509857
2021-03-04,2630.633056640625,2658.02020976572,2601.6070715025844,2607.602012509075,3916760
2021-03-05,2594.706298828125,2642.2779138838096,2584.8297143482514,2601.6501701271904,3203686
2021-03-08,2593.757080078125,2616.227523444832,2584.311790385993,2601.563537985365,2003125
2021-03-09,2631.7109375,2645.469164158386,2580.9477962993865,2593.7570925981777,1942397
2021-03-10,2648.962890625,2668.155461410439,2639.517600154739,2652.456411920203,3053778
2021-03-12,2637.748779296875,2688.684601236707,2623.429956540941,2652.4559348100333,2938317
2021-03-15,2644.822998046875,2673.159086149718,2623.129003220811,2623.129003220811,3097083
2021-03-16,2682.68994140625,2709.3869788790357,2639.517400627141,2639.517400627141,4894756
2021-03-17,2685.191650390625,2721.46349599781,2661.3411908354997,2678.334122051727,3838390
2021-03-18,2619.247314453125,2714.0887813825457,2576.592398659688,2696.405735129857,3656306
2021-03-19,2631.064208984375,2673.158518840698,2592.075298198224,2613.6399845393075,5776626
2021-03-22,2699.5966796875,2708.0500786626917,2603.849474474257,2629.770268995108,2821646
2021-03-23,2710.76708984375,2733.539311642476,2693.730989684413,2708.5242784971206,3305973
2021-03-24,2692.2216796875,2719.134365061862,2683.638766387938,2683.6819378774467,2207104
2021-03-25,2643.701171875,2700.631942315349,2630.8916642888676,2684.5445603732155,3179786
2021-03-26,2645.3828125,2689.5472407882653,2624.8963638249775,2665.955393550723,3697370
2021-03-30,2724.525390625,2750.3166688550155,2640.293607249068,2659.3568724400325,4694008
2021-03-31,2741.174072265625,2764.593241226464,2701.6243468085136,2721.463861488142,3530069
2021-04-01,2730.089111328125,2773.218481175331,2712.837363389243,2752.602726625417,4285076
2021-04-05,2793.833740234375,2814.6221770509164,2718.0124057270723,2735.26415060633,5317862
2021-04-06,2816.08984375,2824.97453861594,2786.1580945738892,2824.97453861594,2291562
2021-04-07,2821.868408203125,2827.1734472042103,2790.297834912281,2811.1724084069633,2491268
2021-04-08,2861.5048828125,2876.7294687775106,2817.2540995400586,2820.6612782316224,2578118
2021-04-09,2865.7314453125,2893.420589492233,2853.4395729080443,2893.1185996171644,2911129
2021-04-12,2800.432861328125,2879.402771336757,2771.665490426581,2865.7306782951464,3791828
2021-04-13,2677.514404296875,2772.355844796707,2650.7741954640505,2772.355844796707,8654596
2021-04-15,2776.625,2792.4103877345606,2663.1947842344293,2726.034345418394,6062760
2021-04-16,2756.09619140625,2800.8214346787513,2745.2708874426585,2785.2948606645173,3224657
2021-04-19,2727.3291015625,2750.7914386004254,2704.2980582590685,2733.53968922068,2679106
2021-04-20,2712.449951171875,2782.1470732069365,2696.7508985567383,2781.8450833019087,3141893
2021-04-22,2690.23779296875,2715.425304500609,2678.549690851498,2715.425304500609,1988980
2021-04-23,2682.215576171875,2690.410156642572,2666.3008804288893,2678.3339327910185,1615309
2021-04-26,2674.71044921875,2719.7374592321457,2663.7124623474497,2675.78868322574,2490260
2021-04-27,2701.623779296875,2705.1604719295583,2676.6087443033857,2679.1965065440913,1471417
2021-04-28,2694.809326171875,2718.012842526371,2684.371934605543,2717.107083656132,1639037
2021-04-29,2687.17578125,2723.4908002083935,2678.765552900048,2713.3553968122974,1621395
2021-04-30,2618.513427734375,2701.6669817097545,2605.014018794562,2673.1584252464727,3072305
2021-05-03,2619.677734375,2635.2043063930273,2591.212352341949,2609.2403433925037,1545831
2021-05-04,2630.67626953125,2665.3954169527215,2617.95310370599,2641.93307870196,1990777
2021-05-05,2670.31201171875,2673.5035432666605,2632.9619318281,2648.1435556676834,1939289
2021-05-06,2683.89794921875,2703.349340291839,2651.5940880845924,2678.7655954933966,1791671
2021-05-07,2702.400146484375,2725.6470468101074,2684.1996775869275,2702.486489466706,1912540
2021-05-10,2713.2685546875,2729.3988962830617,2695.585513717513,2713.6566768829516,2137153
2021-05-11,2693.515625,2698.25985592109,2666.387081531657,2695.585750619421,2415625
2021-05-12,2663.324951171875,2691.272698807051,2648.6609653129904,2691.272698807051,1978558
2021-05-14,2632.185546875,2672.7271561501516,2622.2657914140586,2672.7271561501516,2043935
2021-05-17,2647.927734375,2652.628793698723,2618.8154089298805,2635.204569921207,2890462
2021-05-18,2664.359619140625,2694.7226491249216,2655.0436344451055,2674.0205545093654,2098538
2021-05-19,2658.494873046875,2689.5480253602063,2645.6424025764795,2660.2200481753935,1986041
2021-05-20,2639.517333984375,2664.3598921874577,2632.7029780454495,2645.6417885061574,2329027
2021-05-21,2657.2001953125,2663.8420754481285,2635.290561983907,2640.379742850694,1685566
2021-05-24,2658.063232421875,2678.3340375368884,2649.8686516306993,2658.063232421875,1652260
2021-05-25,2699.236083984375,2711.588079551741,2671.5850346966977,2680.166336441775,1841613
2021-05-26,2737.80908203125,2743.44332582837,2690.394795786189,2704.43702261754,1923753
2021-05-27,2756.445556640625,2789.1675125409974,2740.669715590691,2740.799651958414,5959785
2021-05-28,2724.89404296875,2772.0482500019803,2718.0027593529935,2764.680391926616,1763701
2021-05-31,2738.37255859375,2748.08096384286,2711.8917807222774,2730.441361193668,1652799
2021-06-01,2733.04248046875,2747.7348168450917,2714.839533405685,2746.5647543647196,1377441
2021-06-02,2712.62890625,2738.633114164246,2700.1035884291955,2731.1787015358336,2240078
2021-06-03,2722.8564453125,2734.3850163191473,2706.7337566418237,2734.3850163191473,1281706
2021-06-04,2725.02392578125,2736.379179711541,2708.7712979932903,2711.3717184393636,1836060
2021-06-07,2759.21923828125,2765.5035872962007,2716.2257499250245,2726.107262347712,2559821
2021-06-08,2773.91162109375,2800.6526947971643,2762.6865156629224,2772.0480711734235,2574057
2021-06-09,2773.998779296875,2791.11821555689,2761.8201000379795,2775.5156913705473,1710925
2021-06-10,2788.344482421875,2794.585449786669,2767.7144358464125,2782.4501531684887,1874324
2021-06-11,2837.75244140625,2868.2640016376467,2783.316926339826,2783.7937124543178,3452954
2021-06-14,2839.962646484375,2868.003720504315,2834.761805496382,2842.2595999383007,1847360
2021-06-15,2828.173828125,2858.7287671921695,2818.46563449062,2858.7287671921695,1304985
2021-06-16,2838.228271484375,2855.867658796671,2819.721865950558,2827.609890648871,1635552
2021-06-17,2875.847900390625,2891.710505167781,2825.789813962305,2830.557250765002,2273413
2021-06-18,2858.12255859375,2910.737697398462,2838.7927215544855,2904.5832834904045,3380431
2021-06-21,2837.1455078125,2848.327231222669,2818.595714756018,2830.124287870364,1130569
2021-06-22,2861.503173828125,2883.910219018123,2847.460943009078,2863.9302757083697,1708688
2021-06-23,2827.004150390625,2885.600385861073,2822.6701155665623,2885.600385861073,1467104
2021-06-24,2924.25927734375,2932.4071759799676,2841.8258724358034,2846.593309464444,4155204
2021-06-25,2930.50048828125,2946.839669579688,2903.8027963662275,2925.689668189585,2722861
2021-06-28,2892.317626953125,2939.7752998610995,2889.0671014114832,2939.7752998610995,1355238
2021-06-29,2895.87158203125,2917.9317727636685,2883.432819803857,2896.8683252020114,1497322
2021-06-30,2900.119384765625,2931.5411370477004,2893.83503430921,2900.3360865055015,1693146
2021-07-01,2896.434814453125,2914.2043531921013,2888.503617177266,2910.7371261210815,990310
2021-07-02,2882.522705078125,2894.874702296693,2856.3017987018657,2887.3335252667507,1682274
2021-07-05,2878.6650390625,2924.6057939767766,2862.19571182908,2896.867979688912,1972858
2021-07-06,2827.783447265625,2884.732603268834,2822.4092882259065,2871.730503194004,2159420
2021-07-07,2838.7490234375,2845.4667764595783,2809.841142245182,2838.792406104131,2640710
2021-07-08,2824.489990234375,2858.7288592275495,2801.4328444405023,2858.7288592275495,2485811
2021-07-09,2780.84619140625,2844.8599591707584,2774.648607344789,2817.122141165437,6365067
2021-07-12,2767.801025390625,2804.9869544453836,2763.6836928709663,2804.1201475991397,1892226
2021-07-13,2762.990478515625,2785.9174795432514,2752.1120091940957,2785.9174795432514,1809339
2021-07-14,2786.3935546875,2792.8512223587863,2760.779374057335,2762.5129874790355,2044279
2021-07-15,2782.3984375,2807.5039569890655,2774.623626611302,2803.8119875422594,2232968
2021-07-16,2775.317626953125,2797.078563789918,2772.885229072114,2791.1278950528513,1256526
2021-07-19,2766.45703125,2779.6612046170226,2758.986140117365,2762.4609337447164,1597058
2021-07-20,2784.8740234375,2792.8660081668077,2741.743010555163,2766.4576554739774,1811945
2021-07-22,2794.03857421875,2801.509254252244,2771.1482833453642,2771.1482833453642,2859334
2021-07-23,2790.998291015625,2815.929897607345,2785.612190203211,2805.8963866869444,1776193
2021-07-26,2777.707275390625,2800.901485798644,2771.8870371361213,2779.835544562506,1259611
2021-07-27,2765.02392578125,2788.5222632828436,2746.0862555326894,2779.835278038972,1121367
2021-07-28,2777.924072265625,2783.7008323872246,2721.111063799001,2769.4107846512215,1660654
2021-07-29,2776.187255859375,2801.9440866267996,2771.409413167738,2780.0529225293176,1731997
2021-07-30,2751.55908203125,2800.2496764459347,2747.1288468343987,2796.340533109807,2999943
2021-08-02,2796.688232421875,2801.4660747977546,2751.168509892799,2762.461591872151,2608669
2021-08-03,2853.587646484375,2858.018093712723,2796.297022250731,2805.0274846803595,3804735
2021-08-04,2844.07568359375,2871.2225143143883,2832.99977665973,2866.705324099397,2929598
2021-08-05,2852.762939453125,2879.736075427221,2834.1293954996404,2844.988128815731,2534521
2021-08-06,2875.218994140625,2887.554473239944,2836.301250038633,2842.859967627933,2292362
2021-08-09,2886.424560546875,2898.8469919313166,2875.39213164299,2887.4669563649913,1510489
2021-08-10,2896.15380859375,2910.0529844223115,2880.2567959075063,2880.2567959075063,2040777
2021-08-11,2905.10205078125,2918.8275321888273,2890.2474307699995,2910.140545485884,1929707
2021-08-12,2911.65966796875,2925.7760160270755,2889.290685660942,2889.290685660942,1310205
2021-08-13,3008.650146484375,3023.0706256820945,2916.6550648642624,2919.4783348451433,4363584
2021-08-16,3016.946533203125,3035.5368090935935,2985.282514035125,3005.6969295974195,2083489
2021-08-17,3086.529052734375,3093.261465683802,3008.302715337347,3024.8949404723467,4336019
2021-08-18,3093.044677734375,3122.9713004918467,3072.239389790579,3104.598410915286,2631309
2021-08-20,3092.1328125,3105.5976414348925,3040.4452433628317,3045.657435208597,2836148
2021-08-23,3159.8037109375,3190.729461117312,3094.2169768470135,3109.940503893269,3744176
2021-08-24,3138.781494140625,3185.821646910204,3122.449919318279,3176.830532268057,2511141
2021-08-25,3178.568115234375,3212.2301853260205,3133.4392662639175,3136.0018846668745,2123263
2021-08-26,3189.730224609375,3203.4122240650895,3168.924728785256,3179.436063994583,1902533
2021-08-27,3231.688720703125,3239.811136714947,3171.7052574467757,3184.648780586405,3944728
2021-08-30,3215.31396484375,3249.2366854199036,3203.4128372022465,3227.2150924852535,2033114
2021-08-31,3289.28369140625,3304.6163485734255,3217.18170936309,3222.3504234902252,3207480
2021-09-01,3227.17138671875,3315.5614573561893,3220.2652761964287,3297.5794411765964,2643336
2021-09-02,3332.978759765625,3352.437520105116,3233.2956131746023,3243.7199945174543,3403717
2021-09-03,3337.582763671875,3350.4828077907487,3305.00657334456,3322.7714133861414,1746812
2021-09-06,3346.22705078125,3368.465820064735,3313.216503551321,3344.2290015583035,1723693
2021-09-07,3314.866455078125,3361.8196504818197,3308.220996519753,3356.6509369270207,1585039
2021-09-08,3278.598388671875,3314.084807552508,3262.831595587738,3309.7413150131206,4147175
2021-09-09,3293.58349609375,3308.612022962336,3270.649939914643,3292.1067510211997,1441148
2021-09-13,3340.44970703125,3346.573861504816,3272.3870978760497,3272.3870978760497,1691473
2021-09-14,3375.675537109375,3384.883826372717,3322.771881400139,3344.4458673337895,1991188
2021-09-15,3435.312255859375,3457.42059387312,3358.3889487219803,3372.3750816868264,2461369
2021-09-16,3390.790771484375,3458.9401238604128,3381.0613910627826,3413.984978155691,2946666
2021-09-17,3325.247314453125,3427.015248990457,3305.3974708260303,3405.297788603952,6477148
2021-09-20,3321.468994140625,3362.7321763615428,3307.8739463058937,3308.8728648310816,2002008
2021-09-21,3355.738525390625,3363.2094166504107,3319.861238160691,3351.4385106205073,1568129
2021-09-22,3355.0439453125,3385.187953993705,3346.6176119821243,3355.348074632068,1744067
2021-09-23,3361.211669921875,3369.6814802938434,3331.458746307525,3361.863193796642,2003869
2021-09-24,3362.992919921875,3426.494660091767,3348.8330903783194,3379.2375412637257,2320754
2021-09-27,3333.152587890625,3391.3988633473587,3303.573362252145,3387.9240694299947,1673362
2021-09-28,3282.94189453125,3344.489268897925,3258.7052908969717,3344.489268897925,2253075
2021-09-29,3294.017822265625,3306.2665561909757,3233.4261006959136,3266.13272711656,2489161
2021-09-30,3279.814697265625,3305.3978259324667,3257.706362633929,3305.3978259324667,2252412
2021-10-01,3240.419189453125,3309.7413740348698,3235.9019995485273,3285.200640749703,1578374
2021-10-04,3277.8603515625,3286.851254497421,3220.6564659820315,3235.7284709822225,1356860
2021-10-05,3329.982421875,3335.8026601411348,3250.3228018088666,3261.0945797317236,1877966
2021-10-06,3310.52294921875,3350.9609058383885,3296.7107282346856,3332.327365878328,1678154
2021-10-07,3381.75634765625,3387.055493405651,3318.4717883990315,3327.115296164053,1647233
2021-10-08,3418.89306640625,3466.019958648897,3387.9240506234883,3409.6415124864593,2934339
2021-10-11,3201.675048828125,3264.1343817040797,3179.436283975231,3261.962635608468,11845402
2021-10-12,3173.224853515625,3220.2647843474106,3153.8963152227384,3219.3960859971685,5752877
2021-10-13,3175.266845703125,3192.857991053429,3166.4061630547076,3170.749655733795,3545655
2021-10-14,3143.28076171875,3194.2406932053873,3140.4520744563747,3155.0742541878826,6442299
2021-10-18,3174.352783203125,3179.1833532142864,3134.577130685672,3136.3178613209348,3590107
2021-10-19,3163.038330078125,3211.7354441500183,3155.248602254649,3193.370649232762,3135441
2021-10-20,3141.01806640625,3159.426208492171,3114.4283625664993,3143.759632251714,2933693
2021-10-21,3074.5654296875,3139.7992665819975,3056.070167017759,3136.883670314862,4871211
2021-10-22,3045.27783203125,3099.8932567069073,3033.2231871659847,3098.5005871767303,2691670
2021-10-25,3040.142578125,3058.94255450439,3002.7604291932066,3048.8897923083487,2595594
2021-10-26,3031.134765625,3071.519637034841,3024.519903285937,3041.49202936193,3878763
2021-10-27,3037.357421875,3056.070276540897,3031.482455875242,3031.482455875242,2510813
2021-10-28,2978.085205078125,3061.944982824926,2972.297361099239,3061.944982824926,2424942
2021-10-29,2957.283447265625,3012.3340478217433,2947.0130950983553,2959.2853297841493,3960501
2021-11-01,3025.73828125,3034.9642397600896,2970.5136374813837,2992.2727731263512,2020718
2021-11-02,3032.52685546875,3058.115723793771,3019.950118885597,3041.056478243757,3087414
2021-11-03,3039.532958984375,3063.5984724746827,3016.7294325728367,3049.9337809315916,1537639
2021-11-04,3053.806884765625,3057.81064982747,3050.6301366669845,3057.549497759696,328991
2021-11-08,3048.672119140625,3088.056149799711,3029.9157040300906,3088.056149799711,2526082
2021-11-09,3051.239501953125,3076.7412470079594,3042.7970012842507,3053.2413845838532,1782692
2021-11-10,3032.6142578125,3063.4251085051474,3029.045674614578,3044.538221499019,1516489
2021-11-11,3036.008544921875,3055.0261139031104,2990.5755135530526,3028.871591142207,1284514
2021-11-12,3068.951904296875,3076.0017364113014,3033.832576061058,3051.5010358519503,1747259
2021-11-15,3092.6689453125,3106.855941660992,3070.6486615620647,3070.6486615620647,1809157
2021-11-16,3095.367431640625,3112.03505658905,3082.834254844541,3106.334120705863,2013204
2021-11-17,3065.339599609375,3100.9812302018886,3051.8489368672776,3090.3192548089405,1632914
2021-11-18,3025.12939453125,3064.4265252433597,3004.153712999985,3059.465271787463,2136598
2021-11-22,3010.07177734375,3060.1613513241614,2994.3182902457092,3027.479086286269,3167936
2021-11-23,3015.1630859375,3029.6981444091452,2966.0310056960593,2998.408553382316,2153461
2021-11-24,2996.9287109375,3040.229382169995,2980.1306190967416,3022.0821816920316,2161746
2021-11-25,2999.19189453125,3014.075227111931,2988.8781925600256,2997.4511638196636,1849619
2021-11-26,3000.01904296875,3037.5752247190135,2969.599602458624,2981.0014741153645,1941251
2021-11-29,3048.019287109375,3071.8238631118234,2964.8558400184647,3000.2796653058103,2981745
2021-11-30,3071.649658203125,3101.7643830180255,3038.4453065214807,3038.4453065214807,5588446
2021-12-01,3113.9931640625,3124.611578739854,3076.7414849151487,3076.7414849151487,2102118
2021-12-02,3170.654052734375,3175.0930013018956,3110.7730827907844,3123.9154729273373,3152938
2021-12-03,3168.521484375,3190.715800719207,3160.16610454034,3173.7436764559898,2486263
2021-12-06,3077.959716796875,3183.796220721799,3065.4265416572375,3168.5212674324416,1849642
2021-12-07,3119.82470703125,3131.574639670369,3067.428753612896,3100.6766686563897,1484458
2021-12-08,3156.72802734375,3173.743712566218,3134.185649600943,3134.185649600943,1428660
2021-12-09,3134.83837890625,3163.5604352688256,3103.722817846793,3142.018892996894,1567957
2021-12-10,3165.344970703125,3169.87082834413,3111.6434673176273,3120.2599998939336,1510718
2021-12-13,3141.71435546875,3187.278068783452,3134.7949930935406,3176.833684068705,1883864
2021-12-14,3154.030029296875,3163.7780788158257,3113.035735906248,3137.6671180553103,1747007
2021-12-15,3107.509033203125,3153.333684191236,3096.890405868701,3150.72258812373,1603233
2021-12-16,3117.30029296875,3140.6694726505343,3107.203970979604,3117.648354075334,2072320
2021-12-17,3119.6943359375,3178.0088182880068,3110.4248168450613,3135.491383100008,4333992
2021-12-20,3095.80224609375,3138.5372672585236,3055.112668377628,3123.7410571799337,2312310
2021-12-21,3140.5390625,3169.173995034654,3104.0706300032657,3118.2140657139958,2340989
2021-12-22,3160.0791015625,3165.3448546066893,3138.7551497651352,3154.204135250981,1224328
2021-12-23,3187.88720703125,3194.676099434365,3159.4263018517217,3175.0928785551187,1792861
2021-12-24,3195.02392578125,3224.7034677959027,3172.307518725703,3207.296161626964,2209923
2021-12-27,3216.957763671875,3220.352103865812,3179.5320500323537,3195.111506294972,1534135
2021-12-28,3226.05224609375,3242.1104418915284,3214.998650306945,3229.0549636020323,1456218
2021-12-29,3215.73876953125,3237.715494300175,3207.296268256941,3213.606416952969,1456923
2021-12-30,3249.72607421875,3255.1658567333443,3202.943944593237,3204.1190226129916,1966475
2021-12-31,3253.73046875,3272.573794030178,3247.5943503878843,3257.6035521515405,1207141
2022-01-03,3322.837646484375,3333.4996230856277,3259.5185609544847,3263.8703881386696,2346158
2022-01-04,3381.151611328125,3384.981133665279,3317.571383436288,3334.456597811897,2488606
2022-01-05,3360.43701171875,3368.3138605317376,3318.180732029534,3363.9620338385444,1733031
2022-01-06,3313.87255859375,3337.8511668408105,3283.0181489761508,3317.8327634933953,1810293
2022-01-07,3353.952880859375,3363.874960866469,3304.2549343090877,3324.7956415940866,2460591
2022-01-10,3376.886962890625,3462.3132338266632,3360.4804916552907,3462.3132338266632,3937092
2022-01-11,3408.263671875,3416.1840817490493,3356.1288711399575,3356.1288711399575,1906106
2022-01-12,3359.523193359375,3419.6655251847706,3339.200289545301,3416.1840637185605,3203744
2022-01-13,3392.596923828125,3414.4431785370202,3356.999066942974,3410.091351901108,6684507
2022-01-14,3453.740234375,3461.4430528434973,3359.653866015669,3375.146411994142,3348123
2022-01-17,3498.12890625,3518.8872054066355,3448.6487622565855,3475.1077846169696,3442604
2022-01-18,3473.280029296875,3517.755570912798,3464.0540716471287,3511.0102394918767,2389041
2022-01-19,3413.162353515625,3498.0413840088618,3409.544075814221,3498.0413840088618,3102539
2022-01-20,3336.3486328125,3417.827148146218,3322.790627955417,3409.108201339722,6176776
2022-01-21,3342.408447265625,3358.1461897142185,3288.0023012626775,3319.3032369219345,3112358
2022-01-24,3288.220458984375,3356.4896498685425,3260.973747148441,3348.0759503995805,3258414
2022-01-25,3286.955810546875,3321.3956518901114,3245.36647509271,3286.607137805823,3330501
2022-01-27,3181.761474609375,3255.1313224875653,3160.7053044667646,3253.038860524102,5718297
2022-01-28,3217.3349609375,3251.992773976616,3178.927958254504,3178.927958254504,3143862
2022-01-31,3257.616455078125,3276.580164117389,3244.668734105354,3268.733112101142,2739393
2022-02-01,3313.76611328125,3320.1746237119446,3257.7468854520766,3287.0426290425503,2105169
2022-02-02,3362.200439453125,3369.00126096906,3313.7666442800282,3337.525775843539,1984212
2022-02-03,3334.64892578125,3385.131549382014,3327.194182693847,3357.6668632762744,1960538
2022-02-04,3326.190673828125,3334.735283608094,3286.1707962393034,3326.5395593922453,2307366
2022-02-07,3294.89013671875,3340.9262203657618,3274.9672572822224,3305.352873326484,1919149
2022-02-08,3263.89453125,3312.9386135210448,3244.3205356543667,3305.832756080194,2946443
2022-02-09,3278.804443359375,3293.9753296334416,3266.2056044944507,3269.6059094943375,1638721
2022-02-10,3287.348388671875,3304.3066986400545,3276.580403583315,3304.3066986400545,2112459
2022-02-11,3221.607177734375,3271.7847587121223,3217.2913416782762,3271.7847587121223,3851488
2022-02-14,3255.4375,3307.315245229327,3234.7299966521596,3246.936524941413,5951745
2022-02-15,3328.719482421875,3343.7160280319836,3267.861192454726,3300.993189603413,3931683
2022-02-16,3324.621826171875,3360.3695095219214,3318.431288543338,3351.5632877458197,3256906
2022-02-17,3299.424072265625,3343.716368163964,3294.8902621360157,3334.997420658973,3134372
2022-02-18,3307.8818359375,3327.1071602416628,3276.2322226992383,3286.1717389925,3688883
2022-02-21,3242.92529296875,3337.438812898183,3230.8496782327734,3321.919043560008,7465922
2022-02-22,3126.962890625,3198.022304668423,3112.6639034971936,3182.4154755643576,5408531
2022-02-23,3107.258056640625,3158.786900421603,3100.1519878434424,3148.4114396987115,2426203
2022-02-24,2965.880859375,3037.550782181064,2956.682539532843,3028.962533260586,5039136
2022-02-25,3069.7236328125,3077.7886597537813,3018.499813050309,3023.731181877086,2549723
2022-02-28,3098.88818359375,3107.2148207758987,3013.180889703397,3042.912584919786,3288942
2022-03-02,3091.869140625,3114.3640652601866,3056.8626554299713,3097.405756821156,2761341
2022-03-03,3090.343505859375,3120.162475048833,3077.8755818754444,3106.4301334512893,1928039
2022-03-04,3072.862548828125,3104.991744753714,3040.340829947351,3052.939667338102,2370257
2022-03-07,3038.465576171875,3093.4822136519515,2991.9501243817053,3008.036538077574,3054130
2022-03-08,3138.777587890625,3146.6682782658586,3016.7559553338515,3016.7559553338515,3300992
2022-03-09,3167.244873046875,3185.9033350740265,3136.2489729035888,3143.180493415946,2719654
2022-03-10,3157.087158203125,3212.060163122713,3151.8994271684605,3212.060163122713,2005441
2022-03-11,3138.079833984375,3173.5661198059825,3132.5870674744247,3141.654687525225,1623423
2022-03-14,3176.312744140625,3180.9774664485976,3121.383371952632,3121.383371952632,1765688
2022-03-15,3133.502685546875,3190.2631230599486,3126.0915796310483,3190.2631230599486,3651133
2022-03-16,3187.5595703125,3198.109580738433,3152.989032536903,3174.1324778294074,3090475
2022-03-17,3202.25146484375,3234.7295445021614,3191.3964177054013,3223.046239918665,3600452
2022-03-21,3162.1005859375,3238.173401399915,3151.89946013329,3222.52293351387,2413831
2022-03-22,3226.838623046875,3235.6012072887484,3160.618263654463,3173.696684055792,2907611
2022-03-23,3236.821533203125,3251.992627455648,3217.291178673667,3232.9852819842704,1596195
2022-03-24,3269.47412109375,3276.7543134409916,3221.650616111868,3226.010089205389,1879046
2022-03-25,3232.505859375,3295.325913070277,3201.597235823272,3278.2366923518357,1690133
2022-03-28,3232.72412109375,3237.3452058404378,3192.181015230141,3221.651100344847,1760990
2022-03-29,3230.675537109375,3245.192500629566,3218.163761371233,3221.4333669266766,2689063
2022-03-30,3253.5185546875,3259.1422326604416,3231.4159399540727,3259.1422326604416,1583455
2022-03-31,3260.842529296875,3273.6593387691028,3243.6226090320506,3260.886166604706,2168110
2022-04-01,3277.234619140625,3280.9401720854466,3250.467491029845,3267.861749927253,1387014
2022-04-04,3287.348388671875,3295.7620876915726,3258.3578888264396,3280.067982512089,1472994
2022-04-05,3326.1044921875,3344.2399475087295,3288.7873503056335,3288.7873503056335,2314947
2022-04-06,3274.2705078125,3321.309193800856,3253.1704815208172,3321.309193800856,2051729
2022-04-07,3212.190673828125,3265.6814971533327,3207.7005014089204,3265.6814971533327,2494829
2022-04-08,3213.498779296875,3230.370027745647,3175.8766062249715,3217.291606580685,2296773
2022-04-11,3222.87109375,3236.777982823265,3187.733911885894,3217.291053491527,2291660
2022-04-12,3218.25048828125,3260.014157655668,3180.9769912928095,3211.1880563374766,4483476
2022-04-13,3192.835205078125,3234.5990948262,3187.255163355914,3232.1141094342306,1621672
2022-04-18,3076.088134765625,3147.5398627614222,3071.249076614158,3147.5398627614222,3820792
2022-04-19,3027.130859375,3107.040129369162,2998.5763104441376,3095.225914643108,3170014
2022-04-20,3101.1552734375,3111.9230458257116,3034.1937144086005,3051.631609318995,2640370
2022-04-21,3163.800537109375,3177.184205558116,3110.3969880999252,3121.3829461849764,2280996
2022-04-22,3149.763427734375,3153.64331680634,3113.9721056051544,3122.342380367201,1581465
2022-04-25,3093.656982421875,3124.870857781857,3080.49149910498,3102.201593746609,1960694
2022-04-26,3092.000732421875,3128.271430266932,3067.456764808014,3117.1547709894953,1943469
2022-04-27,3104.99169921875,3111.312936478098,3057.1247601525597,3091.738940916967,1727648
2022-04-28,3125.1318359375,3142.656789558472,3084.8067109638346,3128.3578033624153,1703660
2022-04-29,3092.348876953125,3159.092458531303,3083.7608419130784,3136.2052227522518,2051115
2022-05-02,3088.60009765625,3093.4391564370508,3045.310605375588,3068.9824643813376,1324161
2022-05-04,3033.9755859375,3091.259025222723,3021.376750080482,3085.199399623491,2305825
2022-05-05,3063.315185546875,3080.4044092212253,3038.858706057158,3062.1818925690936,1612262
2022-05-06,2992.8662109375,3029.398518342552,2985.803777828197,3015.884148783102,2010812
2022-05-09,3003.76416015625,3013.2677261140675,2918.1005160327813,2962.697839506829,2481830
2022-05-10,2998.22802734375,3020.9409278192593,2983.6237904966374,2994.08652734233,1622685
2022-05-11,2974.90478515625,3006.6853051327807,2948.878642613765,2994.9583637197297,1841769
2022-05-12,2971.98388671875,3007.7752079636566,2920.934620561456,2945.2603983861713,2807195
2022-05-13,2977.43310546875,2999.2304728192926,2948.878554239539,2994.958273964552,2187823
2022-05-16,2944.214599609375,2990.5993634905226,2935.3213146291287,2977.5209406181148,1195813
2022-05-17,3009.431640625,3022.858733006671,2921.1957322943476,2938.284952475478,1754076
2022-05-18,3006.99072265625,3047.2722184211916,3001.9773277332397,3021.1153753446147,1866781
2022-05-19,2844.0771484375,2968.801739876672,2816.220152658341,2961.826581603834,4642963
2022-05-20,2871.1494140625,2889.371929206205,2851.139472106869,2885.971624824438,3065125
2022-05-23,2896.2158203125,2911.1687272094014,2848.479592070727,2881.4372497585723,2293690
2022-05-24,2866.789794921875,2898.9192000018056,2855.9783857074317,2890.4616510569685,1711510
2022-05-25,2780.461181640625,2890.357885421766,2768.523667729061,2890.357885421766,3548046
2022-05-26,2832.512939453125,2845.2845046149496,2791.78459666296,2800.9572278964383,2813186
2022-05-27,2862.664306640625,2878.112892084147,2834.4878731863514,2855.554301399254,3103153
2022-05-30,2962.6865234375,2972.6492762308844,2884.6530318120685,2894.001175549496,2094624
2022-05-31,2953.117919921875,2969.8392235795586,2918.5776743569736,2944.1645177224336,4840965
2022-06-01,2945.08642578125,2973.8772519538998,2931.788329574225,2973.8772519538998,1493835
2022-06-02,3004.59912109375,3012.499031140447,2937.2743749999877,2944.9109118520396,2657939
2022-06-03,3019.653076171875,3052.262281379866,3011.7970965329273,3036.550107803173,1913622
2022-06-06,3011.5771484375,3030.931969731244,2964.3532017342663,3000.2100992010983,1084210
2022-06-07,2951.669677734375,3000.9564672739875,2945.788676454605,2985.3321578943005,2308256
2022-06-08,2988.0537109375,2996.6558797926627,2937.450473837152,2966.9872799283585,2185707
2022-06-09,3008.197998046875,3016.8878132150094,2943.2431833311603,2971.243889360723,1279197
2022-06-10,2949.212158203125,2978.2663601980794,2942.2778778025236,2968.610913701711,1527582
2022-06-13,2826.061767578125,2890.4898491615,2802.2302392403376,2887.856545320782,3030921
2022-06-14,2818.11767578125,2843.0022662978668,2786.6496119457593,2800.0795032064775,2611493
2022-06-15,2814.387451171875,2838.7015807882503,2809.7352381271457,2825.0961774171255,1404536
2022-06-16,2757.94677734375,2848.2252927417594,2750.090797397265,2843.968032652371,2032028
2022-06-17,2711.3369140625,2737.5383690213844,2654.2382892194128,2714.0580800045273,5240434
2022-06-20,2731.96435546875,2755.0936222142564,2693.869319498384,2715.813514020202,1502769
2022-06-21,2819.346435546875,2841.9928891984864,2743.375584391192,2747.4134022673966,2964461
2022-06-22,2829.001953125,2853.2284323936533,2793.9351690902718,2808.769360580185,3336315
2022-06-23,2904.35791015625,2912.4333304188162,2829.001464757283,2829.001464757283,3692578
2022-06-24,2890.5771484375,2936.1332102856513,2876.883885414416,2930.8666036304303,2132118
2022-06-27,2909.537353515625,2951.8457254461277,2902.339699253392,2940.522604717636,2037686
2022-06-28,2912.565185546875,2922.966819859582,2872.5830330686026,2902.778160142834,1400046
2022-06-29,2888.29443359375,2925.599558476818,2871.1779645297543,2871.1779645297543,2133994
2022-06-30,2867.755859375,2906.2019255430264,2857.1347810745174,2872.056836766765,2719603
2022-07-01,2909.888427734375,2925.600387299179,2854.5451192222854,2861.5233311117086,1502879
2022-07-04,2839.62255859375,2912.3894182241925,2830.8448812294623,2907.166743052194,2622535
2022-07-05,2823.164306640625,2872.0559248487452,2814.957092896265,2857.133873894458,2170627
2022-07-06,2862.181396484375,2868.9840970357063,2810.8319794194863,2825.095706381955,2182144
2022-07-07,2885.968994140625,2913.6623972444418,2865.955845113616,2871.1785207492608,1989921
2022-07-08,2866.30712890625,2901.022892001612,2852.7456577928106,2896.634052528085,2136916
2022-07-11,2733.194091796875,2830.801852341889,2726.3474584105143,2814.25583951642,6974600
2022-07-12,2707.650390625,2752.8554340083,2703.7443666293075,2734.158936312343,3734815
2022-07-13,2667.317138671875,2729.858099965292,2664.025509130116,2724.591492698478,3863530
2022-07-14,2639.153564453125,2690.4184898818517,2611.2108797773813,2689.5384053251355,4764908
2022-07-15,2635.502197265625,2665.688935952516,2598.8905812888142,2656.580186606266,4574806
2022-07-18,2696.139404296875,2707.976500213428,2652.8392812206635,2660.495974927192,3202795
2022-07-19,2705.601318359375,2709.7376748973434,2666.7016042300606,2666.7016042300606,1865074
2022-07-20,2785.292236328125,2791.584756291882,2726.5465797601073,2735.1274060003793,3402251
2022-07-21,2796.293701171875,2802.1902268295585,2767.0308792365477,2787.228784035556,2420640
2022-07-22,2790.7490234375,2813.6312292430425,2766.5466903739457,2803.070211178946,2075886
2022-07-25,2787.0087890625,2804.3464181965073,2771.475376902359,2785.468640525085,1797504
2022-07-26,2742.256103515625,2788.9005972546584,2725.1825445833438,2785.204284119927,2639367
2022-07-27,2806.458740234375,2811.079185829187,2737.063961878892,2741.464386254903,1389808
2022-07-28,2869.516845703125,2872.597142884527,2817.723762864332,2830.353067253872,2106333
2022-07-29,2905.9521484375,2919.5055843641176,2882.277951362933,2895.4792244226105,2430257
2022-08-01,2903.224365234375,2928.0427186140205,2878.7579598997477,2928.0427186140205,1306913
2022-08-02,2897.06298828125,2915.632647364898,2879.32915186275,2895.4787927773596,1269114
2022-08-03,2939.043212890625,2947.4040185568806,2884.0819596679717,2886.678166875655,2895824
2022-08-04,2952.640380859375,2981.6391313007757,2910.7484743753057,2948.284004184291,2150567
2022-08-05,2961.529296875,2972.0462668986875,2952.6844019677515,2958.1408845663077,1106933
2022-08-08,2969.80224609375,2973.718580659818,2935.96302696034,2961.4854873266017,1068836
2022-08-10,2952.0244140625,2979.0870214210518,2935.0827818136504,2979.0870214210518,1878359
2022-08-11,3012.08984375,3017.54632584103,2970.3298682901786,2992.287938276114,1449248
2022-08-12,2993.652587890625,3009.0100251572753,2975.7868229198702,3009.0100251572753,1472354
2022-08-16,2985.86376953125,3005.3577774981677,2981.2873713731783,3001.969364945804,839942
2022-08-17,2993.256591796875,3008.0858922168222,2966.854046980335,2979.1752345613872,1622326
2022-08-18,2975.786865234375,2985.247777264325,2958.8452320644637,2983.4876075843345,1430659
2022-08-19,2979.747314453125,3011.2103481950435,2966.986083984375,2980.847420528017,1398410
2022-08-22,2952.288818359375,2978.2953698990436,2945.996082460912,2961.4856625107705,1536532
2022-08-23,2890.726806640625,2941.155497044556,2877.877481785338,2921.837677410358,1849256
2022-08-24,2864.984375,2911.3207575810075,2860.451808988953,2897.2393996241462,1691923
2022-08-25,2832.288818359375,2885.0498583635745,2829.25256881732,2883.157762017432,1946930
2022-08-26,2835.809326171875,2866.4363215518924,2831.05695398552,2846.4584386730107,1457962
2022-08-29,2756.909423828125,2765.8421977619005,2711.5410136837368,2750.2647412404017,2539173
2022-08-30,2826.084228515625,2839.5936161841482,2765.314544774919,2776.6675527850575,3431525
2022-09-01,2756.162109375,2807.4711070631924,2746.74524299192,2807.4711070631924,3546935
2022-09-02,2755.017578125,2783.708430697643,2746.1288498985514,2783.708430697643,2052900
2022-09-05,2757.65771484375,2770.462992067452,2739.0440066723772,2749.076887768465,2147912
2022-09-06,2752.0693359375,2764.214549676102,2733.8516227618284,2759.506009846509,1936453
2022-09-07,2771.915283203125,2782.7401547857316,2730.023159097114,2730.023159097114,1291534
2022-09-08,2789.560791015625,2801.7500518374727,2781.156152794095,2789.868906651418,1346113
2022-09-09,2831.8046875,2845.7541171155735,2788.5486067978027,2811.8708533119707,1561185
2022-09-12,2854.071533203125,2877.7019007814883,2838.2740508387974,2851.3872310503625,1785928
2022-09-13,2842.102294921875,2872.1130614855856,2838.2738396110262,2872.1130614855856,1972678
2022-09-14,2746.21630859375,2764.6980879442594,2740.4078782879656,2759.0656316117834,5090269
2022-09-15,2732.09130859375,2761.4860546857367,2728.2628538047275,2754.6653975512245,2138023
2022-09-16,2647.9111328125,2723.2905259336594,2640.2544379154365,2707.140883675961,5322221
2022-09-19,2665.6005859375,2677.2176610203237,2629.5171131887055,2671.937152813183,2072220
2022-09-20,2675.721923828125,2710.61720102937,2666.6570072003938,2684.258703617558,1544295
2022-09-21,2641.310302734375,2676.6896666312164,2638.626001280077,2664.8966169537493,2253818
2022-09-22,2646.76708984375,2666.6130461683933,2622.036834497055,2631.453699411689,2017983
2022-09-23,2624.457275390625,2660.056667387396,2621.772973415071,2643.7750963876715,2652374
2022-09-26,2635.32666015625,2663.0055076305903,2575.217021481886,2604.919892735207,2925489
2022-09-27,2655.612060546875,2662.2567443196413,2619.1325854860343,2648.527334337031,2227447
2022-09-28,2671.629150390625,2684.2144051236332,2622.652520640546,2622.652520640546,2739767
2022-09-29,2637.878173828125,2689.407181056036,2631.453511913106,2687.7789382550586,2493902
2022-09-30,2644.258544921875,2657.5917422646244,2596.33797567958,2632.2014274292333,2817353
2022-10-03,2627.00927734375,2658.4723112978595,2617.372391035595,2635.8541732184285,1763331
2022-10-04,2720.474365234375,2726.5030327729664,2660.4966649685857,2666.6132120788957,2145875
2022-10-06,2729.97900390625,2749.3849167299395,2721.6181983015977,2737.943814323573,1790816
2022-10-07,2697.3720703125,2732.663560045022,2691.387665003336,2725.9748289925205,1939879
2022-10-10,2744.58837890625,2752.02505217605,2644.6547111573486,2649.0551349695907,3064063
2022-10-11,2701.46435546875,2767.8667110161023,2687.2070246042927,2728.2628948012457,4730645
2022-10-12,2728.922607421875,2736.9752964040767,2694.8633728305495,2714.973179114535,1665247
2022-10-13,2731.167724609375,2737.0642509230306,2686.3274384554156,2728.923464967713,2054781
2022-10-14,2727.514892578125,2772.267293403134,2702.7405898542934,2767.866869127891,2245977
2022-10-17,2745.691162109375,2760.3824097080633,2710.1319147726804,2711.1907065546616,1517005
2022-10-18,2774.765380859375,2784.1626709744187,2760.515312292103,2779.4419453117853,1793722
2022-10-19,2754.603515625,2787.3831970318834,2745.9121586461606,2787.3831970318834,1194289
2022-10-20,2785.883056640625,2788.265392214425,2739.7354565904398,2739.7354565904398,1587601
2022-10-21,2768.324462890625,2788.6188036276535,2759.1479775951516,2786.3247900140686,1021913
2022-10-24,2789.765380859375,2804.147932217598,2783.853595389088,2797.17735486645,260949
2022-10-25,2790.11865234375,2809.66289628552,2780.4566102689723,2806.354036786087,2069643
2022-10-27,2785.971435546875,2800.618740078452,2765.6331510594896,2788.8832750526153,2438421
2022-10-28,2791.13330078125,2804.589329497575,2775.0301844485994,2779.4419971424763,1355739
2022-10-31,2817.51611328125,2822.678020775369,2803.971976319488,2822.678020775369,1919414
2022-11-01,2876.237060546875,2878.7960411046947,2826.604168845417,2836.3543177659885,2991060
2022-11-02,2860.354736328125,2885.325640459638,2843.0163977761526,2885.325640459638,1405955
2022-11-03,2829.51611328125,2848.310478720669,2819.148353296513,2848.310478720669,1422652
2022-11-04,2838.91357421875,2841.251964551478,2793.6924872868076,2838.5607153182427,1464013
2022-11-07,2853.29541015625,2861.3249946157302,2819.2363488543742,2849.1483497272793,1474498
2022-11-09,2837.72216796875,2867.501904513535,2825.0160177906464,2867.501904513535,1162267
2022-11-10,2828.545654296875,2845.61945720835,2797.0895129768896,2797.0895129768896,1573092
2022-11-11,2925.869873046875,2948.502600302408,2872.1340832542387,2884.972500644262,3265394
2022-11-14,2943.119873046875,2955.0317658024237,2919.737268748946,2932.9727051440004,1342074
2022-11-15,2940.561279296875,2947.046514255534,2904.7372765347063,2930.3257883875335,1400708
2022-11-16,2960.63525390625,2971.7087315184385,2930.723034354456,2946.120217692935,1748235
2022-11-17,2955.031494140625,2964.7374799380414,2927.457670852511,2947.0902330336485,1417986
2022-11-18,2950.135009765625,2967.164649978448,2930.3260137026023,2955.9145275229503,1164540
2022-11-21,2897.237548828125,2941.5321075260067,2887.972741682489,2931.6496896547724,1304194
2022-11-22,2924.98779296875,2928.517243290538,2872.310790000173,2894.1492638662367,1149739
2022-11-23,2919.11962890625,2938.266850281943,2903.8547159993614,2938.266850281943,1150011
2022-11-24,2982.517333984375,2993.811616370863,2919.1197215276015,2926.134459885213,1296591
2022-11-25,2990.900390625,3002.9889309440055,2954.1500734010056,2985.0327653272407,1588981
2022-11-28,2995.841064453125,3015.0324474593413,2969.6349431563262,2970.031963168903,2195437
2022-11-29,2997.694580078125,3025.6212694061737,2985.03259095978,2985.03259095978,1576028
2022-11-30,2991.9150390625,3013.179847701842,2977.973667402108,2985.032567947061,3410702
2022-12-01,3066.783203125,3070.6215662510285,3017.679815108769,3022.0916277039573,2180856
2022-12-02,3034.5771484375,3060.827434912216,3011.503453385087,3051.298091486406,2411749
2022-12-05,3022.885986328125,3034.5772909373013,3006.2094191292977,3029.1508470416434,1475065
2022-12-06,2987.10595703125,3007.047220155349,2971.7968815829117,3000.07664261676,1166999
2022-12-07,2982.914794921875,2994.473614579414,2959.4438659290595,2972.0616929376706,1167505
2022-12-08,2956.400390625,2982.9154328715235,2946.6060784766437,2964.738675064503,1285619
2022-12-09,2905.39892578125,2977.1791964798053,2890.9282679261296,2977.1791964798053,1797896
2022-12-12,2899.84033203125,2908.2669373884346,2855.413507309817,2872.5312544502576,1527610
2022-12-13,2940.12060546875,2943.958753656752,2883.384645278001,2891.67876783143,1378016
2022-12-14,2969.458984375,2979.73842222779,2947.88504703309,2954.8558406430157,1213311
2022-12-15,2916.296875,2968.929720801703,2910.870215460734,2963.6797061285474,1415694
2022-12-16,2859.074951171875,2904.7372083196706,2845.795353110489,2889.7370465513122,2703680
2022-12-19,2825.36865234375,2863.7072567112273,2818.70677293607,2847.3835518123956,2120965
2022-12-20,2862.33984375,2866.7958175446647,2791.4860905554474,2822.5893692776544,1529971
2022-12-21,2884.0458984375,2896.8401542703996,2858.854406799651,2866.7956690407614,1432566
2022-12-22,2876.237060546875,2906.502138037383,2863.3546970197967,2906.502138037383,1384101
2022-12-23,2848.57470703125,2882.5456590355952,2838.559807739689,2838.559807739689,1360281
2022-12-26,2870.237060546875,2887.09027146601,2845.6633927147495,2848.575232221792,870157
2022-12-27,2876.060302734375,2888.67812840142,2851.3541550195223,2884.619175108632,835883
2022-12-28,2873.943115234375,2881.884378094464,2846.501554071851,2867.5018256081944,910795
2022-12-29,2884.22216796875,2886.6486646301387,2848.2658992590823,2851.0013089364893,1037927
2022-12-30,2873.59033203125,2910.914314338312,2864.3255244227166,2899.4877613719004,1163131
2023-01-02,2877.781494140625,2882.5463814916634,2854.619475605265,2877.3844740498453,709547
2023-01-03,2921.81103515625,2929.4433843116235,2863.5309512487165,2869.442736681144,1245178
2023-01-04,2924.72265625,2935.9288318835124,2899.6194872236865,2917.707917742617,1231668
2023-01-05,2921.59033203125,2944.708184643928,2895.8693379101937,2938.4433252143804,1826057
2023-01-06,2833.75146484375,2913.1640936237372,2823.560134399543,2911.7963885995287,2488376
2023-01-09,2929.39990234375,2935.620602249584,2842.2224274885925,2849.149060614339,2885060
2023-01-10,2899.795654296875,2910.031144125433,2850.11882438517,2898.5604331267577,3864655
2023-01-11,2937.120361328125,2955.473546603415,2886.340350306403,2903.061294014139,2720512
2023-01-12,2942.105224609375,2955.914110329725,2925.516768010586,2937.3844994888523,2250391
2023-01-13,2977.57666015625,2981.5031305171833,2916.208300195114,2949.6497555026567,1742837
2023-01-16,3008.709716796875,3025.8105105428135,2976.2226370534986,2993.323430799437,1843607
2023-01-17,3048.73193359375,3051.800290054043,2996.9331766913624,3005.0549468178974,1688475
2023-01-18,3059.199951171875,3076.300744593618,3043.1820163242933,3050.17576252535,2421189
2023-01-19,3043.949951171875,3056.4934885219677,3033.0305919463635,3050.1765548285357,1585044
2023-01-20,3034.92529296875,3063.3964349074176,3028.157150767711,3036.6398008661617,1529349
2023-01-23,3081.669921875,3085.3699271417267,3028.156662422473,3057.3949438889063,1067916
2023-01-24,3100.982421875,3115.1051909529156,3083.8364610513177,3090.7850432164355,1387863
2023-01-25,3095.071533203125,3099.80923290407,3072.736663184384,3091.055812758132,874110
2023-01-27,3078.196044921875,3109.735541536543,3052.25150144562,3091.6871634661047,1785879
2023-01-30,3098.590576171875,3120.970609015345,3055.1843591556817,3086.272646280671,1953798
2023-01-31,3030.95458984375,3112.4430679566062,3024.0060077479234,3112.4430679566062,2820375
2023-02-01,3075.759765625,3085.3704394695874,3027.615625744506,3034.834977460141,2205161
2023-02-02,3122.73046875,3130.491359902265,3086.363161059032,3092.5897637316407,1813847
2023-02-03,3142.4931640625,3162.07560878637,3115.9619180313957,3162.07560878637,1804469
2023-02-06,3122.324462890625,3134.2363491995434,3101.4787169293004,3134.2363491995434,1138714
2023-02-07,3133.6953125,3152.1497379876287,3123.6332079139006,3130.401350781037,1455647
2023-02-08,3176.605224609375,3194.4729446376878,3138.658461421749,3138.658461421749,1986946
2023-02-09,3195.33056640625,3201.421894965321,3163.249525265047,3172.0029459457633,1655427
2023-02-10,3192.35205078125,3196.6837056013396,3165.820802706398,3176.514554888765,1187821
2023-02-13,3142.583984375,3202.6851807113194,3134.462212995343,3202.6851807113194,1087939
2023-02-14,3158.556640625,3180.8915095356965,3153.9542158741274,3162.978405332995,1579818
2023-02-15,3177.101806640625,3181.9298370897927,3122.505449537978,3146.735491188913,1429449
2023-02-16,3210.851806640625,3226.147763863208,3182.831654026723,3183.012093754283,1618931
2023-02-17,3159.504150390625,3193.570467173406,3149.442266805479,3182.0646250812088,1061369
2023-02-20,3147.005859375,3178.319754975871,3135.951226496393,3160.2713747659004,1296082
2023-02-21,3114.247802734375,3166.497771917962,3108.6076842854936,3153.0518176626792,1139541
2023-02-22,3069.62353515625,3110.638436535389,3063.712646370074,3081.7158621873755,1218430
2023-02-23,3080.677734375,3115.510972284333,3075.443660607491,3087.1751064959585,1441570
2023-02-24,3068.630615234375,3098.861651446193,3052.2517986673643,3088.5289980581183,977592
2023-02-27,3006.724365234375,3059.1999337888974,2992.420938184066,3059.1999337888974,1128022
2023-02-28,2989.578369140625,3061.004732842947,2977.891868803714,3003.7011359869543,4116217
2023-03-01,3055.319580078125,3058.297606467113,2991.518608863523,2998.737959955803,1669307
2023-03-02,2997.339111328125,3041.061261510807,2994.2258102904307,3033.029821695641,1556538
2023-03-03,3016.01953125,3030.3229603301693,3006.047977690829,3026.713284379806,1043190
2023-03-06,3042.82177734375,3072.691715860364,3031.2256043654165,3033.842531496865,1334132
2023-03-08,3059.561279296875,3064.614913806922,3005.8224042793245,3035.7375059029696,1844590
2023-03-09,3011.23681640625,3054.68820151513,3005.8223026074047,3054.68820151513,1648500
2023-03-10,3005.957763671875,3011.5978825619827,2968.9585837527675,2989.623891239265,1024404
2023-03-13,2961.693603515625,3040.971190367257,2952.714579709819,3007.762131470913,1901233
2023-03-14,2901.231689453125,2981.9530185255367,2896.223220337673,2959.934084802029,2670334
2023-03-15,2886.748046875,2942.2018705999863,2880.521443910695,2932.8617458363906,1780522
2023-03-16,2874.2041015625,2905.608322308614,2862.47265625,2894.9597355769233,1901060
2023-03-17,2869.060791015625,2907.0524989935184,2837.2053560273353,2843.0710795687405,6739966
2023-03-20,2836.573974609375,2860.352585482065,2793.0322534409083,2860.352585482065,2289468
2023-03-21,2803.00341796875,2848.7108468749984,2795.1973623365025,2836.5733568003143,1815297
2023-03-22,2825.29345703125,2836.7541342993322,2803.003751733395,2824.616642779389,1123939
2023-03-23,2819.7431640625,2839.3258306983194,2798.4010449295647,2810.9445796742175,1372218
2023-03-24,2815.998779296875,2860.6685243938773,2802.9137024502784,2841.6273934074825,1329577
2023-03-27,2817.623046875,2845.1016629132937,2802.913572280926,2829.0837247587583,1524217
2023-03-28,2811.84765625,2842.21419191868,2806.6587462945563,2821.8645966386803,1303530
2023-03-29,2832.6025390625,2842.619476774167,2801.1985382394446,2823.6686802623394,1740616
2023-03-31,2893.0654296875,2899.472693701478,2844.425126220684,2878.6718884834154,2382581
2023-04-03,2887.74072265625,2910.256032039784,2864.0522245407105,2910.256032039784,1521830
2023-04-05,2923.6572265625,2945.8116578814243,2874.655829017467,2874.655829017467,2655065
2023-04-06,2906.420166015625,2939.493947008746,2901.2764229528125,2910.3006108935674,1703464
2023-04-10,2944.954345703125,2952.715237939487,2901.277350236996,2905.7894456494955,2203187
2023-04-11,2900.194091796875,2953.572085045166,2880.656589162442,2945.4954794330633,2348779
2023-04-12,2925.326171875,2942.742900903807,2886.8380934850798,2912.9630768697316,2417727
2023-04-13,2877.67919921875,2914.813656593064,2869.692702156639,2896.7652748184937,4174070
2023-04-17,2833.14453125,2854.7122578378658,2770.6520137188445,2828.2715566379666,5505048
2023-04-18,2825.247802734375,2848.801022746983,2807.064151110326,2847.0862947489463,2617302
2023-04-19,2788.11376953125,2833.595598009388,2771.779897861731,2825.2482224420037,3298034
2023-04-20,2801.830810546875,2809.2306029576653,2777.6459350798887,2788.474964066555,2419999
2023-04-21,2852.410888671875,2855.659464544931,2798.2205892743714,2806.5227991505576,1929184
2023-04-24,2864.999755859375,2870.5495443318514,2821.09694130206,2843.612470588807,1640676
2023-04-25,2866.08251953125,2879.799243193542,2840.363580045532,2872.399452036514,2024090
2023-04-26,2886.07080078125,2895.3205941340657,2870.5944053958196,2870.5944053958196,2000029
2023-04-27,2876.8662109375,2887.018423289877,2861.2543203233117,2874.2041193174095,2434446
2023-04-28,2905.112548828125,2912.3319012830834,2884.3569105201195,2888.101861479268,2931312
2023-05-02,2905.247802734375,2919.325628047492,2896.765151787465,2919.325628047492,2321159
2023-05-03,2869.601806640625,2902.179217450923,2863.5104789920574,2902.179217450923,2468285
2023-05-04,2906.420166015625,2909.8042364934086,2867.886927572018,2869.827039852445,1953253
2023-05-05,2915.44482421875,2927.447040179334,2896.809961242115,2905.788985628069,1710027
2023-05-08,2933.4033203125,2937.2386011027506,2915.9865893662864,2928.349685732607,928235
2023-05-09,2962.866943359375,2976.177622538405,2929.2518383140277,2935.2078913616624,1107375
2023-05-10,2966.07080078125,2983.8484109430083,2947.3456066100516,2968.9584975056696,1559987
2023-05-11,2961.8740234375,2986.7357075154237,2952.7145599800533,2986.1040583661356,1719623
2023-05-12,2954.791015625,2968.9589519706656,2941.886377940538,2959.167616236234,1027479
2023-05-15,2937.4189453125,2970.7632825646147,2931.372782209103,2963.5439307236315,1150390
2023-05-16,2940.21630859375,2964.446346309158,2933.2677265181874,2938.456635647952,986306
2023-05-17,2895.591552734375,2959.9340659758723,2886.161319057114,2938.2308468250335,1588815
2023-05-18,2887.605712890625,2913.865975306526,2883.228892329398,2911.1587181306295,1369364
2023-05-19,2908.36083984375,2918.873931901369,2890.492901561237,2896.7646688524947,1152449
2023-05-22,2976.809814453125,2985.6084005993453,2903.12738372472,2914.813666901652,1333243
2023-05-23,2975.3203125,3003.204968703597,2969.0485451363493,2983.396917684391,1687418
2023-05-24,2981.005859375,2993.5042301988665,2956.324611866416,2956.324611866416,1016555
2023-05-25,2972.11669921875,2983.3969356663692,2948.2929279682253,2972.567908676655,1374917
2023-05-26,3004.062255859375,3012.8608403328844,2969.8606669045807,2972.1167142054805,1791115
2023-05-29,2996.346923828125,3042.9567756365113,2988.8116372799896,3032.84972720672,1210372
2023-05-30,2992.601806640625,3002.3028107703726,2979.201016847023,2991.518947917476,1344224
2023-05-31,2968.50732421875,3002.9796862307608,2946.5333332663195,2986.1044948593535,5815424
2023-06-01,2999.640625,3014.0793283694343,2975.7265225443743,2990.6164353941035,1177314
2023-06-02,2983.035888671875,3010.3790040313665,2975.681042730873,3001.670750109788,2030661
2023-06-05,2967.9658203125,3002.3480730267693,2964.491639283323,2991.5190448102617,1861468
2023-06-06,2916.889404296875,2967.921250272632,2906.3311445163804,2959.93475282792,2022849
2023-06-07,2955.331787109375,2958.8965182829807,2924.739872252775,2935.568899857537,1567196
2023-06-08,2920.634033203125,2950.910235802077,2917.520731604928,2942.788464510879,1759366
2023-06-09,2896.133056640625,2932.8614622739865,2892.568546003746,2928.349367716642,1775689
2023-06-12,2930.06396484375,2936.832106886092,2897.667213061257,2901.2768888171727,2324605
2023-06-13,2927.176513671875,2946.398082746791,2922.9351883665713,2941.885987673672,1371928
2023-06-14,2933.809326171875,2938.140981423725,2911.068411496085,2927.176458412748,1658544
2023-06-15,2924.0361328125,2952.3554558246337,2918.3085669348598,2950.4009142583286,2273810
2023-06-16,2886.39794921875,2908.6716434866084,2869.2154738515223,2906.489819361,4156189
2023-06-19,2918.672119140625,2922.7632059010452,2886.4889920742507,2900.1259479423184,1468186
2023-06-20,2934.399658203125,2938.7635277863233,2910.1714258668903,2921.944618191877,1528452
2023-06-21,2962.12841796875,2965.0375906543964,2930.9907039438817,2954.673593600641,1645987
2023-06-22,2944.218505859375,2970.719565585934,2936.5819000456095,2963.7648075039565,1529603
2023-06-23,2924.08154296875,2954.1281240159633,2917.535626765662,2943.1277797551047,1119505
2023-06-26,2899.80712890625,2921.853536828419,2884.6701994656482,2913.7623666206755,1978803
2023-06-27,2906.80810546875,2917.9902315635795,2893.1256488765357,2911.035472947951,863542
2023-06-28,2923.263671875,2937.355194866222,2903.2172996157037,2916.4906939251964,1575872
2023-06-30,3002.175537109375,3009.221296943608,2922.035789841607,2927.39956983638,2672406
2023-07-03,2974.947509765625,3017.2220741820643,2971.720052392161,3013.130987303054,1687264
2023-07-04,3008.176513671875,3013.767577408775,2979.4934022921266,2991.0393151357075,1656681
2023-07-05,3018.267578125,3026.495253047851,3004.676122356007,3018.31307903841,1453008
2023-07-06,3020.94921875,3025.9949366964006,3001.9484827926003,3006.0850703686824,1848238
2023-07-07,3026.72265625,3051.860025287149,3001.9488506232638,3001.9488506232638,1789326
2023-07-10,2974.629150390625,3022.6312796193856,2968.4925202267236,3022.6312796193856,1407431
2023-07-11,2975.037841796875,2995.5842749230624,2964.4920637140776,2995.5842749230624,1110172
2023-07-12,2963.67431640625,2990.2663825284512,2954.7650154067746,2982.811557100714,1515240
2023-07-13,3036.995849609375,3061.4513705800982,2975.356759075,2985.584476908502,4585146
2023-07-14,3195.27490234375,3204.548209497131,3047.4049393977743,3059.223633971811,6306101
2023-07-17,3174.410400390625,3227.3217423976093,3161.0917295383088,3191.0475301955958,2743228
2023-07-18,3179.092041015625,3203.7748372593696,3150.1361552507706,3160.136587489662,2600090
2023-07-19,3154.727783203125,3197.2751275399046,3132.5448697161914,3181.9561925165294,2405370
2023-07-20,3156.77880859375,3170.9979886535184,3131.940584552698,3147.4816096060504,1715404
2023-07-21,3070.18701171875,3130.892412746542,3061.755687476042,3102.772940548675,3770223
2023-07-24,3094.295654296875,3111.3405552900845,3073.6503948838067,3081.762606135278,1680132
2023-07-25,3098.30615234375,3105.2792181395616,3081.0333776826646,3096.8022755718303,1272980
2023-07-26,3088.4169921875,3118.0861839499244,3085.4090157010746,3099.4005458932415,1066803
2023-07-27,3096.255126953125,3109.6996688694317,3085.454052221402,3094.4777574436316,1701769
2023-07-28,3058.4287109375,3093.3389965593196,3036.1883330260416,3085.4090385149057,2599831
2023-07-31,3118.6318359375,3123.371561346716,3063.440816738671,3066.631046489669,2743678
2023-08-01,3146.5244140625,3153.770750326194,3112.753500683223,3112.753500683223,1956167
2023-08-02,3136.13330078125,3141.374393886134,3111.477553853232,3130.937826905583,1914899
2023-08-03,3099.03564453125,3129.3884555329005,3069.913440103345,3117.3111535491207,2026351
2023-08-04,3138.776611328125,3163.7970883064404,3100.2203533858487,3100.2203533858487,2248493
2023-08-07,3175.69189453125,3179.292252661736,3136.6798923372126,3148.2558259295074,1853889
2023-08-08,3163.432861328125,3181.070146163837,3150.6719384869994,3175.692417693925,1634225
2023-08-09,3156.049072265625,3160.1507966916743,3121.9136546042855,3158.236569613068,1794589
2023-08-10,3137.455322265625,3158.237218937404,3126.4717689822373,3144.656039836463,1096701
2023-08-11,3143.56201171875,3159.8320536556635,3111.8419612799826,3133.8090658955844,1679974
2023-08-14,3144.519287109375,3149.213394617888,3109.1076379281085,3136.178979187144,1190425
2023-08-16,3152.31201171875,3159.2394578812937,3131.165387032337,3144.655548093036,1328445
2023-08-17,3131.6669921875,3154.499972197025,3111.112748256115,3149.2132599891765,1843241
2023-08-18,3069.093017578125,3108.196040036422,3059.431087502126,3108.196040036422,2526749
2023-08-21,3100.584716796875,3107.967910164372,3073.558997895524,3076.293480989737,1375579
2023-08-22,3082.810791015625,3109.1074942796968,3067.224369814653,3099.081055570498,1222012
2023-08-23,3097.48583984375,3100.9039438382806,3077.205089476201,3088.143022258699,1330046
2023-08-24,3087.91552734375,3110.9763829614676,3079.1196943322775,3106.373291177773,1152881
2023-08-25,3082.036376953125,3086.138102175971,3053.73442840892,3076.2939171345733,1158046
2023-08-28,3076.795166015625,3093.6121942799687,3062.712621128665,3093.6121942799687,1037485
2023-08-29,3077.341796875,3089.555955621917,3067.1787231057706,3081.8082530524075,944517
2023-08-30,3090.83251953125,3106.4647851889345,3083.6318013204886,3097.258600864217,1188200
2023-08-31,3059.70458984375,3114.941019553153,3047.7183044022304,3099.9925997056025,3417652
2023-09-01,3080.1220703125,3089.054760630272,3059.704683185733,3068.090387808054,1277950
2023-09-04,3115.943603515625,3129.023637156642,3071.7817443830672,3079.028080349797,1828332
2023-09-05,3125.83349609375,3141.9212836855104,3103.775152977507,3117.310934204945,1501842
2023-09-06,3126.33447265625,3139.0953939260744,3097.3491295124654,3130.0716886126784,1314818
2023-09-07,3149.441162109375,3153.770760697037,3119.407464834157,3127.1551675699734,1885092
2023-09-08,3137.2724609375,3158.3280704200915,3131.0288578677555,3149.4410000920693,1518917
2023-09-11,3172.593017578125,3177.1961089834826,3140.098329969077,3155.5937353709564,1783604
2023-09-12,3263.87939453125,3272.173860566186,3174.7351921738095,3182.9386422827856,4476016
2023-09-13,3252.075439453125,3271.2168221792035,3231.2477030451937,3255.0377963035894,1754929
2023-09-14,3244.966064453125,3279.283743631725,3231.79501333232,3254.081009523971,2604721
2023-09-15,3279.830322265625,3288.079391037457,3247.153159229306,3252.0753624763356,2952897
2023-09-18,3286.985595703125,3298.971881144957,3258.820506435336,3263.195724267092,1395753
2023-09-20,3286.89453125,3304.167306178493,3263.1500568604156,3263.1500568604156,1649396
2023-09-21,3267.98095703125,3285.937352425598,3215.7522827621383,3270.9433138676945,2004073
2023-09-22,3284.706787109375,3312.1428582437647,3249.52323591542,3266.796010717758,1989083
2023-09-25,3260.55224609375,3299.6098718496296,3243.689598958607,3283.658719154224,1238778
2023-09-26,3268.34521484375,3276.7765375001327,3223.0439905911526,3251.847300787156,1726062
2023-09-27,3271.627197265625,3294.141066523065,3241.0008935775677,3272.2651988981193,1541134
2023-09-28,3223.72802734375,3283.9322808574702,3215.160068443675,3281.38005186612,1755753
2023-09-29,3216.29931640625,3252.622235715334,3195.28932540776,3224.1380349399456,2243791
2023-10-03,3202.85498046875,3221.403759691803,3172.0920416447743,3221.403759691803,1948148
2023-10-04,3224.639404296875,3233.982222159653,3169.539610773689,3177.7430606044213,1788138
2023-10-05,3271.672607421875,3303.2558002739493,3236.8989615455466,3239.4511904452584,2990768
2023-10-06,3300.8857421875,3313.236535855373,3258.63811012588,3273.176401347944,2075691
2023-10-09,3316.336181640625,3353.3883449301275,3309.636607893801,3322.443150428711,4233074
2023-10-10,3307.721923828125,3325.1315558006227,3282.610431250672,3317.885219860744,1848148
2023-10-11,3290.404052734375,3326.9550728215254,3285.9378184990683,3326.9550728215254,2426417
2023-10-12,3229.0146484375,3271.0344082830998,3224.9585427168286,3258.592598284596,4241281
2023-10-13,3254.809814453125,3260.4154159090654,3213.017707877958,3217.575179804026,2890357
2023-10-16,3212.152099609375,3258.2735858136334,3207.6402465342494,3250.3892477395666,1671104
2023-10-17,3196.656494140625,3221.3578589700005,3193.2840093522973,3217.5752462064243,1672065
2023-10-18,3178.609130859375,3210.9215657245095,3175.6467737942685,3200.2571247966926,1408245
2023-10-19,3157.955810546875,3177.3296712861907,3154.5288620352453,3170.6127629599455,1514545
2023-10-20,3193.505126953125,3198.0286547963883,3147.3555492799665,3153.1583821122936,1481211
2023-10-23,3116.37548828125,3179.2486146541296,3108.288023694424,3173.811234327899,1106272
2023-10-25,3098.052978515625,3129.9463572629693,3086.2641415822154,3098.418430452583,1518537
2023-10-26,3049.298828125,3083.065649974906,3043.1303207181386,3077.9024700555783,1984471
2023-10-27,3062.275634765625,3072.3737549352513,3049.5274301662507,3061.4075190461313,1108851
2023-10-30,3087.497802734375,3091.427414880595,3046.5571476248833,3061.407257455826,910972
2023-10-31,3078.542236328125,3106.1862890625,3061.4532301686027,3106.1862890625,999811
2023-11-01,3043.72412109375,3081.14657643751,3025.767000563393,3065.9765288100825,1563475
2023-11-02,3070.63720703125,3085.121641576822,3055.1929592139313,3055.1929592139313,1245384
2023-11-03,3062.2294921875,3096.0420483703,3056.198197111951,3090.6504056818926,1402598
2023-11-06,3089.051513671875,3100.063486624272,3069.6321379850096,3084.2537855610026,1099852
2023-11-07,3080.095458984375,3110.892257060667,3076.028858205322,3086.9950929939328,1191144
2023-11-08,3090.239501953125,3108.8820129756928,3079.273266502525,3081.009497872084,992899
2023-11-09,3059.076904296875,3099.3321699375433,3054.1421877854477,3098.0528650963947,2112352
2023-11-10,3046.283203125,3059.0771449775716,3036.139568807074,3050.441278848814,1338557
2023-11-13,3044.546875,3066.8905352612105,3040.388799408238,3066.8905352612105,1030990
2023-11-15,3111.02978515625,3118.9802615645867,3066.9363782941077,3091.6561463483945,2059802
2023-11-16,3196.520751953125,3225.307120972767,3120.076815913559,3134.5614749653105,3951984
2023-11-17,3200.7236328125,3220.8741312843586,3191.676579510975,3196.520043878985,2021292
2023-11-20,3216.39697265625,3229.4648915192706,3190.489151953326,3190.489151953326,1475621
2023-11-21,3207.806396484375,3234.1711418231757,3199.398994448308,3216.396747586853,1807236
2023-11-22,3226.037841796875,3228.3224741290987,3181.2135339255397,3198.485265113703,1798051
2023-11-23,3206.024658203125,3238.694901638103,3198.485371256592,3225.9009601530765,2729804
2023-11-24,3159.281005859375,3202.6432821116277,3155.5341196594813,3193.230552452981,1989733
2023-11-28,3171.206787109375,3181.350644295862,3137.2572385975423,3159.28118436596,1689195
2023-11-29,3211.05078125,3214.934656261117,3176.37010665481,3181.122097340804,1441634
2023-11-30,3187.153564453125,3213.7008135539186,3181.1220458782195,3197.982587796699,3266235
2023-12-01,3209.13134765625,3213.9748124979737,3189.3922594927312,3198.485050944408,1172141
2023-12-04,3209.862548828125,3242.1673378334053,3196.657419148335,3239.288567355795,1625213
2023-12-05,3227.363037109375,3233.2116065096975,3201.044028590681,3233.2116065096975,1377656
2023-12-06,3293.617431640625,3301.613644771774,3221.468564387526,3228.276947197519,1896572
2023-12-07,3303.487060546875,3317.788993602691,3282.285715953096,3294.440005254403,1967653
2023-12-08,3314.270751953125,3330.994307087806,3291.744363920943,3320.0280706858707,1641155
2023-12-11,3329.07470703125,3338.304710750083,3303.5782998526,3310.797648664154,1102503
2023-12-12,3355.759521484375,3379.7936756866497,3318.2000758331174,3325.4651621953826,2236866
2023-12-13,3283.97607421875,3335.563024872104,3256.0578240052896,3329.6687183950803,3850968
2023-12-14,3351.32763671875,3361.1515571208843,3315.0934521069,3317.2866102090293,3290396
2023-12-15,3528.386474609375,3560.3255927142964,3350.824789993706,3350.824789993706,8531230
2023-12-18,3526.74072265625,3590.5276934688904,3500.1932538820056,3525.7356184295736,2521612
2023-12-19,3487.446044921875,3522.995063248904,3463.5031390834524,3513.7650579883575,2004435
2023-12-20,3454.409912109375,3562.929950670811,3442.0728971992326,3497.543727025331,2586083
2023-12-21,3461.218017578125,3478.763949441548,3420.871499435154,3432.660113142662,1517562
2023-12-22,3494.57373046875,3514.632758384625,3437.9148467634514,3472.6412593570217,2413058
2023-12-26,3468.574462890625,3503.71206271633,3463.6395233033168,3490.78113326196,1285231
2023-12-27,3482.8759765625,3489.2729465846164,3443.397577619161,3471.7270162885334,1293976
2023-12-28,3472.550048828125,3507.3679386085805,3465.4221736618024,3494.5739961540417,1682889
2023-12-29,3466.60986328125,3493.2945492321064,3441.0219794117156,3465.33055833123,1574996
2024-01-01,3482.78515625,3501.8845941510544,3447.967268719188,3463.5027692673525,825907
2024-01-02,3457.28857421875,3482.785206409597,3442.7126637044803,3482.785206409597,1344068
2024-01-03,3373.716552734375,3446.9162616362587,3369.4214885871284,3442.483985684402,1803075
2024-01-04,3350.916015625,3398.6190946223346,3336.477094505551,3382.8551313574153,3598144
2024-01-05,3415.890869140625,3424.8924099852666,3358.2726188503784,3358.409607550091,1963127
2024-01-08,3361.42529296875,3417.5815111616193,3356.0334267910252,3415.890793989658,1067805
2024-01-09,3372.026123046875,3429.096421850745,3365.4921632868704,3390.348920468523,1370944
2024-01-10,3393.181396484375,3407.9857681511967,3370.289337786851,3372.1170435014856,1292227
2024-01-11,3413.7431640625,3447.966909732182,3387.6526197660214,3403.1881186966993,1777909
2024-01-12,3548.30810546875,3568.824058571868,3492.3803522837784,3516.505979741258,6813450
2024-01-15,3567.4990234375,3623.4267767315314,3550.3185441619166,3618.85751219593,2801505
2024-01-16,3528.660400390625,3563.1126115927123,3523.405745987789,3563.1126115927123,1432672
2024-01-17,3549.953369140625,3573.1194082779125,3484.1102174250937,3490.0045245140536,3458696
2024-01-18,3566.402587890625,3572.0684315207345,3529.300069127091,3562.1987751054894,2239110
2024-01-19,3628.47119140625,3647.3356893209884,3602.7050479129484,3630.265574324088,2941975
2024-01-23,3550.4365234375,3620.05103164089,3536.1731226435436,3588.855683640575,2618854
2024-01-24,3535.299072265625,3573.8101208438484,3501.98717363284,3570.451409769425,2657709
2024-01-25,3506.31201171875,3552.9670901927334,3477.232988921668,3533.5503710597345,2205154
2024-01-29,3497.75390625,3515.2380746842937,3479.2115753809107,3497.5699073043315,1646747
2024-01-30,3497.340087890625,3540.820457055553,3484.871069366822,3503.6895122527035,1411621
2024-01-31,3511.51171875,3528.121726426989,3493.5674376687984,3507.140675922528,2459358
2024-02-01,3546.663818359375,3593.3649569612444,3501.481176697016,3515.2384129880293,2363107
2024-02-02,3649.866943359375,3666.5227828604347,3563.09019254935,3565.8969071842384,2826510
2024-02-05,3656.307861328125,3701.1225020871434,3646.001448771063,3665.233944757109,1691523
2024-02-06,3806.028076171875,3818.8190381100667,3671.6760212586514,3678.1175581380526,4474396
2024-02-07,3757.6240234375,3823.511826118587,3748.927994541734,3821.671387213115,2124267
2024-02-08,3804.279296875,3826.272451742055,3760.062707616723,3763.697529491343,2345173
2024-02-09,3803.911376953125,3850.888400846203,3772.8998012950433,3806.533642964029,2100596
2024-02-12,3791.94873046875,3827.745179692485,3778.007045373113,3800.5065922172184,1013716
2024-02-13,3818.450927734375,3837.3154280400877,3755.8759998910355,3796.3198278378054,1257415
2024-02-14,3772.99169921875,3786.6107667795436,3726.428507128435,3779.341123293365,1391283
2024-02-15,3775.844482421875,3815.505579737829,3757.255870513131,3798.6657441778602,1091582
2024-02-16,3798.942138671875,3817.024812052794,3772.99221729805,3785.0930143565315,1307556
2024-02-19,3776.396484375,3798.941861408623,3731.489953932272,3794.110709187132,772291
2024-02-20,3709.082275390625,3771.0591425249713,3690.0798344375635,3756.4277437698097,1193648
2024-02-21,3673.055908203125,3739.1737650742916,3663.0256061355944,3692.8406262355356,1885939
2024-02-22,3761.02880859375,3768.25239610325,3654.1912461332404,3654.1912461332404,2982052
2024-02-23,3728.8212890625,3800.5062936958448,3723.5758585151752,3800.5062936958448,2538072
2024-02-26,3681.843994140625,3726.8886902919344,3665.0039336444943,3714.0056182761105,1379284
2024-02-27,3776.948486328125,3794.984876771557,3679.9574496143205,3679.9574496143205,2960475
2024-02-28,3790.338134765625,3823.4197548467,3762.7773821335977,3768.850920451233,1939225
2024-02-29,3768.390869140625,3807.9603066412583,3740.278119193048,3771.979635234801,3772719
2024-03-01,3767.700927734375,3809.7088594718166,3760.7532253406666,3779.525838576427,2043265
2024-03-04,3755.1396484375,3789.371768720034,3750.722549928762,3777.5010270993284,1749271
2024-03-05,3692.0126953125,3739.7719968440197,3662.4735599013775,3737.931557869195,2070859
2024-03-06,3740.048095703125,3747.1337408010263,3642.642773405773,3675.4026769184316,1744204
2024-03-07,3780.81396484375,3794.985255418292,3715.5702668526733,3740.6923043829674,2688905
2024-03-11,3793.467041015625,3821.671679534189,3762.77763005425,3762.77763005425,2304068
2024-03-12,3857.79052734375,3892.482985177985,3792.2707136347426,3793.467268682179,4039801
2024-03-13,3817.99072265625,3902.650917036673,3802.2548792703546,3869.5230148878118,2837260
2024-03-14,3871.9150390625,3887.9267659375214,3760.016275886559,3822.085250968969,2919608
2024-03-15,3882.636474609375,3900.8108113691155,3843.7571972372716,3858.1127125937037,3373143
2024-03-18,3821.21142578125,3915.303868475081,3789.3259103717037,3878.9551986813763,1526904
2024-03-19,3659.989013671875,3734.250681402964,3650.142710085243,3728.0391998604628,8931209
2024-03-20,3654.099609375,3697.442038718445,3644.253305423998,3667.995014019841,1817913
2024-03-21,3655.986083984375,3688.6078209191865,3633.0266519750294,3671.7219275853204,3829582
2024-03-22,3598.886474609375,3623.8245137694216,3547.4462926818487,3586.095512991223,5852485
2024-03-26,3568.151123046875,3631.8302677248153,3562.5837501208753,3565.850574289269,3440925
2024-03-27,3534.470703125,3584.254663932085,3523.888179726998,3578.273237663649,1968575
2024-03-28,3567.046875,3602.659324539871,3534.102972131641,3542.937169152786,4311783
2024-04-01,3604.269775390625,3619.499453254275,3577.8595203158884,3586.7395487458493,1569676
2024-04-02,3573.947998046875,3597.9197573258816,3564.0095840186523,3579.6533131506735,2142666
2024-04-03,3632.38232421875,3663.3936751293795,3543.7651451703696,3543.7651451703696,3973090
2024-04-04,3683.91455078125,3707.241978924869,3621.2935725878497,3658.7004031789797,3394637
2024-04-05,3661.782958984375,3682.717949828603,3644.5288456512203,3660.632684762165,1636819
2024-04-08,3655.617431640625,3710.9224798968644,3644.068633840691,3665.2336789362303,2302538
2024-04-09,3631.6923828125,3695.4636403269888,3611.9076631803105,3666.1545588206272,1876992
2024-04-10,3666.752197265625,3671.8594599447097,3605.419663202159,3640.7559988262524,2101965
2024-04-12,3682.166015625,3693.162817777665,3630.725838259486,3654.1914342233986,4354821
2024-04-15,3626.768798828125,3739.95578953719,3606.386028171306,3682.165963982411,4200329
2024-04-16,3563.826171875,3615.2663527431537,3554.670032660961,3590.6965366993572,3051420
2024-04-18,3553.887939453125,3621.9841868688504,3542.8453047370613,3567.5072338688656,3476284
2024-04-19,3520.94384765625,3545.1917216335364,3497.6622490979976,3531.802482817412,2957749
2024-04-22,3556.2802734375,3568.6111245390066,3507.876639180684,3530.8821260588365,1728883
2024-04-23,3565.57470703125,3584.255209151465,3552.599745949953,3567.7373128762897,1807586
2024-04-24,3525.40673828125,3587.015384991863,3519.3332000987416,3579.6536294557072,1317312
2024-04-25,3544.869384765625,3564.6080473941747,3506.9563876693583,3507.1403866301107,2856271
2024-04-26,3516.48046875,3567.5065891802196,3499.1802992219073,3547.5837045158246,2039178
2024-04-29,3561.43310546875,3568.426862829934,3514.5019156929066,3531.802085484041,1110693
2024-04-30,3515.83642578125,3572.0619252249066,3506.036178297648,3563.089785398555,2203078
2024-05-02,3555.08349609375,3562.261252029638,3476.6347957050957,3476.6347957050957,2491044
2024-05-03,3536.771240234375,3582.966434995953,3494.6253703944135,3579.791498256479,2962234
2024-05-06,3608.226318359375,3625.6183751303724,3545.605343342577,3545.605343342577,2053831
2024-05-07,3661.50732421875,3669.8353556027478,3601.2790030469796,3617.1988452844685,2062112
2024-05-08,3659.6669921875,3666.43069555621,3624.3767082288086,3644.9895357076884,1247685
2024-05-09,3644.253173828125,3654.191589237616,3598.1042563399305,3645.9096138402,1726486
2024-05-10,3583.242431640625,3656.584101641413,3575.0986242941894,3646.461687676862,1672489
2024-05-13,3632.84228515625,3639.467820073099,3561.249169072792,3574.592350714021,931326
2024-05-14,3589.96044921875,3631.0023308503582,3582.3225820515972,3621.984134363707,1058317
2024-05-15,3570.8193359375,3613.655594732349,3566.3103506592815,3592.996713752849,1115021
2024-05-16,3615.82080078125,3623.745907431527,3562.569994938758,3606.6908950730917,2599399
2024-05-17,3553.857177734375,3633.4784647992665,3550.0567653523444,3632.5515570276343,2765804
2024-05-21,3540.972900390625,3563.7285306494523,3531.564877355128,3550.6128766567804,1908117
2024-05-22,3551.91064453125,3560.484541572459,3538.5168722503677,3554.6913678959663,1311168
2024-05-23,3608.869140625,3619.574971009692,3545.8858006651926,3560.206480963538,2095742
2024-05-24,3568.131591796875,3599.924574735908,3563.3117164748414,3594.7801911641072,1309452
2024-05-27,3565.860595703125,3622.6800874842297,3560.5772666527496,3573.2294672441094,1841538
2024-05-28,3559.233154296875,3587.1331694666214,3550.056857637509,3576.0102759178876,1801993
2024-05-29,3525.632568359375,3567.5751439944142,3522.2494455944416,3567.5751439944142,1568095
2024-05-30,3463.020263671875,3517.058806463482,3443.8794821472993,3500.9307015339277,2919230
2024-05-31,3402.632080078125,3475.718849271696,3386.6893114728173,3466.6351077409063,10956800
2024-06-03,3432.20068359375,3477.3410487975398,3425.8512745605985,3459.961527315394,2156773
2024-06-04,3443.46240234375,3471.269635740873,3328.989291525593,3429.5587856451884,3395997
2024-06-05,3472.61376953125,3507.2338672517226,3429.5589463958036,3444.389471569407,2799670
2024-06-06,3550.427490234375,3559.233114194575,3468.0254786409455,3504.6383361596722,4328036
2024-06-07,3609.33251953125,3628.8439736397468,3556.8232840964106,3556.8232840964106,4552445
2024-06-10,3576.659423828125,3620.409430902877,3561.0873260433164,3610.3062254373317,1734661
2024-06-11,3570.54150390625,3596.355749469534,3560.2527371623205,3563.9603682346064,1419898
2024-06-12,3551.5859375,3608.9152715121113,3547.6929702664606,3591.2112432293293,2177001
2024-06-13,3594.687255859375,3605.6712033854537,3570.448708339529,3574.897910867656,1932323
2024-06-14,3551.957275390625,3604.7446322415467,3548.2032533352126,3604.7446322415467,1860730
2024-06-18,3536.24609375,3561.179823442644,3517.661546809407,3546.395689059985,1774045
2024-06-19,3523.82568359375,3553.625908063864,3515.7152395483326,3547.8788981035564,1509050
2024-06-20,3510.431640625,3531.4724028758133,3503.757949581445,3518.542084048452,2846526
2024-06-21,3532.2138671875,3594.363079879569,3520.4421834921905,3547.2761188024833,4642195
2024-06-24,3537.822021484375,3575.083672788881,3514.1858706790554,3530.360367833718,1702154
2024-06-25,3557.88916015625,3566.41666656242,3515.668465075754,3538.007033326123,1338808
2024-06-26,3574.01708984375,3584.3056293758546,3560.2524201950137,3563.4965970944363,1639845
2024-06-27,3646.59423828125,3653.8705550444147,3539.0267689087714,3550.9837890347926,4526556
2024-06-28,3618.786865234375,3670.554754499888,3612.947527343435,3631.439292021709,2731571
2024-07-01,3687.42431640625,3709.2066482395257,3600.109652784797,3600.109652784797,2658723
2024-07-02,3723.759765625,3729.321213112644,3691.457160578462,3701.6995382940486,2307449
2024-07-03,3675.4208984375,3731.8233246647856,3665.920094147989,3726.1690969595234,1821198
2024-07-04,3727.0498046875,3751.5203059355035,3691.039573096493,3707.4921862442698,2518001
2024-07-05,3718.569091796875,3732.426319394209,3696.5086389132935,3716.9006123476197,1668616
2024-07-08,3701.328125,3736.5970115088844,3687.285562563459,3728.023114490228,1758882
2024-07-09,3694.19091796875,3714.0730443794923,3684.551167677433,3693.7274640836704,1305801
2024-07-10,3623.421630859375,3710.6901382951037,3616.794330433944,3692.5226544204043,2669716
2024-07-11,3636.907958984375,3689.092911509367,3610.8619865173036,3643.6744309405326,4872189
2024-07-12,3878.13623046875,3892.966755879167,3681.0291429084155,3689.0931958411575,13509164
2024-07-15,3864.464111328125,3930.089001351756,3853.201819687219,3926.1034789200803,4848030
2024-07-16,3873.0380859375,3887.960939474929,3841.940057628319,3867.059349578485,2029521
2024-07-18,4000.1162109375,4008.8756694484405,3855.9359040243958,3855.9359040243958,5613364
2024-07-19,3997.1904296875,4049.543087779747,3981.2571303488753,4011.12633936727,3903354
2024-07-22,3983.2080078125,4013.4954737488206,3962.443412915425,3994.9142619649265,1896386
2024-07-23,3997.14404296875,4052.2838814085662,3963.6511354841136,3979.1666292711343,2365208
2024-07-24,4000.767578125,4031.2873123813406,3965.32400369121,3983.347690266691,1809793
2024-07-25,4015.8642578125,4034.909999231854,3970.990814364529,3990.315092493855,2810342
2024-07-26,4076.578857421875,4108.724446589915,4029.3823042903405,4041.4138211460827,3552210
2024-07-29,4070.307373046875,4116.66740497875,4060.923770517291,4101.802435789028,1746803
2024-07-30,4055.6748046875,4086.0085427265517,4020.323776464771,4079.598115277588,1797906
2024-07-31,4074.256591796875,4100.874091170698,4036.7689003481382,4041.4142040309325,2330091
2024-08-01,4085.1728515625,4105.7977266989665,4055.3961842561653,4087.309509692771,2202244
2024-08-02,3979.212646484375,4086.0083392177967,3967.088587644382,4055.349340765276,2811282
2024-08-05,3860.29296875,3938.2877856411073,3818.9035015045465,3938.2877856411073,2787771
2024-08-06,3875.297607421875,3956.172148090316,3865.6350146384816,3875.0653422807904,2203067
2024-08-07,3902.472900390625,3943.8160983795406,3883.7519658026845,3928.06833926144,1237666
2024-08-08,3876.5517578125,3931.7845938309133,3864.8922283404063,3884.402501608471,2441283
2024-08-09,3928.764892578125,3951.898410084894,3907.210505857532,3917.848430860645,1302536
2024-08-12,3898.012939453125,3938.2878064043034,3889.372857499192,3929.9262611677764,936912
2024-08-13,3899.220947265625,3933.642459984778,3886.260370835221,3914.132187982019,1495593
2024-08-14,3990.548095703125,4000.721492141487,3891.045600911956,3910.4166078376,3226545
2024-08-16,4102.7783203125,4112.951716428554,4018.2805218840263,4041.4140425715414,3457058
2024-08-19,4171.482421875,4175.430929735349,4078.901616536801,4107.377235436386,2055210
2024-08-20,4202.419921875,4241.161933038117,4180.772989851375,4185.418293173432,2212298
2024-08-21,4228.61962890625,4236.516644581457,4173.851321089861,4197.496096539259,1896990
2024-08-22,4182.630859375,4237.39916370202,4178.171549911448,4236.516374666815,1829872
2024-08-23,4147.2333984375,4186.346939264392,4138.964850071652,4180.772575829952,1809253
2024-08-26,4183.048828125,4229.222864979793,4166.836540173764,4170.5527823500615,1844164
2024-08-27,4178.12548828125,4190.064009724909,4168.509618727682,4185.418705944727,930697
2024-08-28,4186.39306640625,4238.838715366386,4141.101365063979,4179.611105918801,1848058
2024-08-29,4191.73486328125,4232.799517671003,4143.609712206469,4143.609712206469,2133641
2024-08-30,4230.70947265625,4266.47830377286,4169.437748026632,4180.772468175268,3637222
2024-09-02,4200.3291015625,4262.5298880777955,4191.921284875112,4251.3811612563195,1216500
2024-09-03,4192.24658203125,4232.706988670382,4176.9633540945715,4200.329136859027,1717263
2024-09-04,4161.4951171875,4168.695337572208,4121.963766080883,4159.358459046624,1265505
2024-09-05,4158.4296875,4179.844356547023,4138.175890759279,4163.121262877798,1688793
2024-09-06,4140.59033203125,4198.378075871805,4125.028568849218,4156.570353890225,1649179
2024-09-09,4133.9013671875,4171.714314661398,4116.202944403391,4138.964928860649,1184938
2024-09-10,4188.06640625,4217.8893457264885,4125.4478052150735,4127.305926632389,1385591
2024-09-11,4161.5869140625,4226.6211439470535,4154.061433875873,4200.700448764482,1325919
2024-09-12,4197.21728515625,4211.0601974701785,4116.94608580757,4190.295602177849,2742216
2024-09-13,4201.76953125,4224.43851900476,4185.417974074432,4208.644488913913,1458786
2024-09-16,4193.08349609375,4223.556507717359,4175.617335175356,4205.8580816078,1155120
2024-09-17,4186.021484375,4214.032568613279,4149.184325105708,4193.082435128378,1699364
2024-09-18,4037.8369140625,4178.032077529696,4014.4711290917844,4178.032077529696,2961779
2024-09-19,3991.383544921875,4108.4919039466795,3978.0514347871863,4078.622243199174,2927551
2024-09-20,3980.931884765625,4023.4831346819124,3927.6038942336454,4010.6618255380617,5447908
2024-09-23,3965.6953125,4003.6938016662916,3951.2948726865407,3994.9607224434812,1702319
2024-09-24,3968.296875,3986.5995526555675,3939.2174558983,3950.0409225662274,3012026
2024-09-25,3971.501953125,3985.298594296038,3939.2170960290077,3950.691085610406,2713073
2024-09-26,3987.992919921875,4010.568912711446,3957.7984481927056,3957.7984481927056,3964251
2024-09-27,4003.043701171875,4067.4274211040574,3995.0069638417276,4027.4778141813813,3012477
2024-09-30,3965.6953125,3993.799396652073,3957.844568692927,3982.789937420948,2503416
